tipo_credito,fecha_prestamo,capital_prestado,plazo_meses,edad_cliente,tipo_laboral,salario_cliente,total_otros_prestamos,cuota_pactada,puntaje,puntaje_datacredito,cant_creditosvigentes,huella_consulta,saldo_mora,saldo_total,saldo_principal,saldo_mora_codeudor,creditos_sectorFinanciero,creditos_sectorCooperativo,creditos_sectorReal,promedio_ingresos_datacredito,tendencia_ingresos,Pago_atiempo
4,2025-07-12 08:51:24,4224000.0,6,44,Independiente,9000000,4000000,632602,95.227787,832.0,10,10,0.0,35824.0,35824.0,0.0,6,0,1,783333.0,Creciente,1
4,2025-07-12 09:54:14,2298960.0,6,35,Empleado,10000000,4000000,340835,95.227787,794.0,5,1,0.0,111260.0,111260.0,0.0,4,0,0,16027200.0,Creciente,1
4,2025-07-12 10:36:17,2686318.8,6,41,Independiente,1500000,0,398263,95.227787,768.0,0,4,0.0,0.0,,,0,0,0,,,1
4,2025-07-12 10:43:06,756000.0,6,26,Empleado,1100000,75000,113918,95.227787,748.0,2,2,0.0,4569.0,4569.0,0.0,0,1,1,1181608.0,Creciente,1
9,2025-07-12 10:44:29,1185660.0,3,38,Independiente,5000000,2000000,314957,95.227787,764.0,9,10,0.0,111844.0,111844.0,0.0,4,0,3,863099.0,Decreciente,1
4,2025-07-12 10:53:14,1128000.0,6,30,Empleado,1500000,200000,169973,95.227787,833.0,2,4,0.0,1382.0,1382.0,0.0,2,0,0,958420.0,Creciente,1
4,2025-07-12 10:57:16,600000.0,6,32,Empleado,4800000,3000000,90409,95.227787,693.0,13,3,0.0,56923.0,56923.0,0.0,4,0,8,3276000.0,Decreciente,1
9,2025-07-12 11:06:30,878880.0,3,45,Independiente,5000000,2000000,233464,95.227787,834.0,5,2,0.0,5536.0,5536.0,0.0,3,0,1,30285.0,Estable,1
4,2025-07-12 12:03:19,7884000.0,36,34,Empleado,4600000,200000,265999,95.227787,747.0,1,3,0.0,0.0,0.0,0.0,0,0,0,1852418.0,Creciente,1
4,2025-07-12 12:56:18,1860000.0,6,41,Independiente,3000000,1200000,278561,95.227787,760.0,8,4,0.0,12620.0,12620.0,0.0,1,0,7,,,1
4,2025-07-12 13:44:13,4909320.0,6,39,Empleado,3600000,1500000,727837,95.227787,852.0,3,4,0.0,0.0,0.0,0.0,1,0,0,3096000.0,Creciente,1
4,2025-07-12 14:36:15,3400080.0,12,61,Independiente,1600000,400000,266238,95.227787,815.0,6,3,0.0,5793.0,5793.0,0.0,3,0,2,,,1
4,2025-07-12 14:38:18,1060080.0,6,57,Independiente,3000000,2000000,159738,95.227787,822.0,6,12,0.0,76698.0,76698.0,0.0,4,2,0,961885.0,Creciente,1
4,2025-07-12 14:45:25,3156241.2,6,63,Independiente,3800000,1500000,472691,95.227787,792.0,4,3,0.0,45535.0,1184.0,0.0,1,0,1,,,1
9,2025-07-12 16:17:26,936480.0,9,43,Empleado,5000000,3000000,88653,95.227787,767.0,11,5,0.0,82243.0,82243.0,0.0,7,1,0,4287998.0,Creciente,1
4,2025-07-12 16:23:17,5357580.0,6,53,Empleado,4000000,320000,794294,85.897119,881.0,7,3,0.0,331949.0,317952.0,0.0,7,0,0,1605000.0,Estable,1
9,2025-07-12 16:31:26,821208.0,5,42,Independiente,5000000,2000000,133418,95.227787,772.0,6,6,0.0,1197.0,1197.0,0.0,4,0,2,3017638.0,Creciente,1
9,2025-07-12 16:39:27,878880.0,9,60,Independiente,5000000,2000000,82394,95.227787,822.0,7,10,0.0,116525.0,116525.0,0.0,4,1,1,954263.0,Creciente,1
4,2025-07-12 16:39:51,1260000.0,10,23,Independiente,3000000,1000000,118786,95.227787,794.0,3,2,0.0,88.0,88.0,0.0,2,0,0,1000000.0,Creciente,1
4,2025-07-12 17:19:18,1335600.0,6,60,Empleado,2500000,170000,201255,84.730786,815.0,9,3,0.0,31648.0,2369.0,0.0,2,3,4,954263.0,Creciente,1
4,2025-07-12 17:42:32,14400000.0,8,46,Independiente,20000000,10000000,1652079,95.227787,854.0,8,2,0.0,211745.0,211745.0,0.0,4,0,2,961885.0,Creciente,1
9,2025-07-12 18:15:29,1269000.0,3,60,Independiente,5000000,2000000,337095,95.227787,845.0,10,4,0.0,251961.0,251961.0,0.0,6,0,2,954263.0,Creciente,1
4,2025-07-12 18:34:00,1794000.0,12,62,Empleado,2800000,350000,140476,95.227787,777.0,10,7,0.0,12190.0,12190.0,0.0,4,0,3,961885.0,Creciente,1
4,2025-07-12 19:01:21,398400.0,6,48,Independiente,1500000,300000,59065,95.227787,704.0,7,2,0.0,668.0,534.0,0.0,0,0,6,,,1
4,2025-07-12 19:02:21,3028440.0,6,53,Empleado,4700000,1500000,453551,95.227787,860.0,6,8,0.0,139883.0,139883.0,0.0,4,1,0,,,1
4,2025-07-12 19:13:21,838800.0,6,59,Empleado,4000000,350000,126391,95.227787,842.0,5,2,0.0,16124.0,7484.0,0.0,2,2,0,1971292.0,Creciente,1
9,2025-07-13 10:13:30,2330368.8,9,55,Independiente,3000000,1500000,218470,95.227787,781.0,7,3,0.0,38609.0,38609.0,0.0,2,0,4,,,1
4,2025-07-13 10:26:22,1783920.0,6,31,Empleado,1700000,500000,264477,95.227787,802.0,7,6,0.0,27449.0,9626.0,0.0,5,1,0,1398873.0,Decreciente,1
9,2025-07-13 11:08:32,1260240.0,5,29,Independiente,5000000,2000000,204746,95.227787,741.0,10,10,0.0,67616.0,67616.0,0.0,4,0,5,31978.0,Creciente,1
9,2025-07-13 11:16:32,1185660.0,4,29,Independiente,5000000,2000000,238495,95.227787,820.0,9,2,0.0,44537.0,44537.0,0.0,2,3,3,2531104.0,Creciente,1
9,2025-07-13 11:54:33,2239777.2,11,56,Independiente,3000000,2300000,175057,81.231786,797.0,6,7,0.0,13028.0,13028.0,0.0,2,0,2,,,1
9,2025-07-13 12:11:33,594111.6,9,46,Empleado,2000000,800000,55698,95.227787,824.0,5,3,0.0,5937.0,5937.0,0.0,3,0,0,1261842.0,Creciente,1
4,2025-07-13 12:43:25,903600.0,6,59,Independiente,3000000,1500000,135327,95.227787,804.0,4,0,0.0,415.0,415.0,0.0,2,0,1,,,1
4,2025-07-13 13:09:25,9600000.0,36,62,Empleado,3000000,150000,329607,95.227787,866.0,2,5,0.0,20578.0,20578.0,0.0,2,0,0,988565.0,Creciente,1
10,2025-07-13 13:19:25,600000.0,6,65,Independiente,5000000,3000000,89858,95.227787,757.0,2,3,0.0,2393.0,2393.0,0.0,0,0,1,,,1
4,2025-07-13 13:48:08,1977600.0,12,39,Independiente,4000000,1340000,157729,95.227787,701.0,6,5,0.0,37641.0,37641.0,0.0,2,0,1,,,1
9,2025-07-13 14:11:36,4107256.8,4,62,Independiente,2500000,800000,826173,95.227787,811.0,7,3,0.0,141275.0,141275.0,0.0,4,0,0,1817052.0,Estable,1
4,2025-07-13 14:39:27,1603920.0,12,41,Independiente,1500000,300000,125592,95.227787,763.0,1,5,0.0,1385.0,1385.0,0.0,0,0,1,,,1
4,2025-07-13 14:44:29,1468801.2,6,59,Empleado,1600000,400000,217759,95.227787,845.0,4,1,0.0,2668.0,2668.0,0.0,3,0,0,961885.0,Decreciente,1
4,2025-07-13 14:53:28,1420560.0,6,68,Empleado,10000000,6500000,210607,95.227787,883.0,11,2,0.0,39777.0,39777.0,0.0,9,0,1,2706779.0,Creciente,1
4,2025-07-13 14:56:28,672000.0,8,53,Empleado,5000000,2000000,77097,95.227787,720.0,4,4,0.0,37922.0,37922.0,0.0,3,0,0,,,1
4,2025-07-13 15:01:28,3493200.0,36,41,Empleado,6000000,2500000,112331,95.227787,768.0,7,4,0.0,37497.0,37497.0,0.0,3,0,2,1787805.0,Creciente,1
4,2025-07-13 15:40:29,2818800.0,6,59,Empleado,2700000,600000,424740,95.227787,838.0,4,2,0.0,16260.0,16260.0,0.0,2,0,0,1409508.0,Creciente,1
4,2025-07-13 15:45:30,1558800.0,6,47,Independiente,3000000,200000,234882,95.227787,845.0,5,5,0.0,2262.0,2262.0,0.0,3,0,1,,,1
9,2025-07-13 15:46:38,3588486.0,11,41,Empleado,5000000,2500000,280470,95.227787,881.0,4,4,0.0,42510.0,42510.0,0.0,2,0,0,5000000.0,Creciente,1
9,2025-07-13 16:02:38,8153115.6,5,122,Empleado,38062010,20671524,1323066,95.227787,0.0,0,0,,,,,0,0,0,,,1
9,2025-07-13 16:11:39,2883918.0,10,37,Empleado,3000000,1200000,245629,95.227787,747.0,6,4,0.0,25731.0,25731.0,0.0,4,0,0,821995.0,Creciente,1
4,2025-07-13 16:31:01,1723200.0,6,27,Empleado,4000000,700000,255475,95.227787,742.0,5,13,0.0,8161.0,8161.0,0.0,3,0,2,,,1
4,2025-07-13 17:00:17,1694845.2,6,49,Independiente,10000000,5000000,253849,95.227787,856.0,9,1,0.0,51067.0,51067.0,0.0,5,3,0,1027668.0,Creciente,1
9,2025-07-13 17:16:30,3525274.8,9,38,Empleado,3000000,1000000,330492,95.227787,859.0,6,7,0.0,28157.0,28157.0,0.0,3,1,0,1581250.0,Creciente,1
9,2025-07-13 18:45:42,670200.0,2,24,Independiente,5000000,2000000,264488,95.227787,695.0,24,11,0.0,15404.0,15404.0,0.0,2,0,15,1307000.0,Creciente,1
4,2025-07-14 08:48:26,2880000.0,6,54,Empleado,16000000,8000000,431320,29.419461,745.0,16,3,0.0,276284.0,276284.0,0.0,9,0,6,31640.0,Creciente,0
4,2025-07-14 10:36:13,1370820.0,6,27,Empleado,3000000,800000,203233,95.227787,810.0,3,7,0.0,9885.0,9885.0,0.0,2,0,0,2584905.0,Decreciente,1
4,2025-07-14 11:04:14,8640000.0,36,58,Empleado,4000000,200000,299965,95.227787,824.0,3,6,0.0,2117.0,2117.0,0.0,2,0,1,1592424.0,Creciente,1
4,2025-07-14 11:15:14,1133977.2,6,43,Independiente,3000000,1200000,170869,95.227787,855.0,1,3,0.0,0.0,0.0,0.0,0,0,0,961885.0,Creciente,1
4,2025-07-14 11:25:41,624000.0,6,29,Empleado,2500000,1000000,94025,95.227787,761.0,4,2,0.0,2343.0,2343.0,0.0,2,0,0,,,1
9,2025-07-14 11:31:15,3688894.8,6,122,Empleado,20449676,4889209,503536,-17.884727,0.0,0,0,,,,,0,0,0,,,0
4,2025-07-14 13:49:17,1200000.0,12,23,Empleado,3000000,500000,95709,90.562453,746.0,9,6,0.0,51566.0,51566.0,0.0,5,0,2,908526.0,Creciente,1
4,2025-07-14 13:58:07,619560.0,6,67,Independiente,1000000,320000,92022,95.227787,802.0,2,4,0.0,380.0,380.0,0.0,0,0,1,,,1
9,2025-07-14 13:59:19,1380055.2,4,36,Empleado,3000000,2000000,277597,95.227787,865.0,1,7,0.0,0.0,0.0,0.0,0,0,1,1413333.0,Decreciente,1
4,2025-07-14 17:14:13,1244425.2,12,52,Empleado,2600000,500000,100359,95.227787,884.0,6,2,0.0,2419.0,2419.0,0.0,4,0,0,,,1
4,2025-07-14 17:59:14,2250000.0,6,22,Independiente,3500000,1500000,333576,95.227787,839.0,2,5,0.0,4946.0,4946.0,0.0,2,0,0,,,1
4,2025-07-14 18:29:05,1500000.0,12,33,Independiente,1500000,300000,120970,95.227787,791.0,2,3,0.0,747.0,747.0,0.0,0,0,1,2667705.0,Decreciente,1
4,2025-07-15 09:10:55,1752000.0,6,58,Independiente,6000000,2000000,262410,95.227787,775.0,6,2,0.0,18874.0,15836.0,0.0,0,5,1,,,1
4,2025-07-15 09:30:25,3118800.0,8,30,Empleado,5100000,2000000,360623,95.227787,759.0,6,6,0.0,20508.0,20508.0,0.0,2,0,2,4560770.0,75761,1
4,2025-07-15 10:41:16,1080000.0,6,56,Empleado,4500000,550000,160117,95.227787,852.0,4,2,0.0,49358.0,49358.0,0.0,1,1,0,2556481.0,Creciente,1
4,2025-07-15 11:36:17,478689.6,6,32,Empleado,2500000,800000,72130,95.227787,686.0,8,9,0.0,36857.0,5429.0,0.0,2,1,5,2327896.0,Creciente,1
4,2025-07-15 11:50:18,839880.0,6,38,Empleado,4000000,3000000,125784,95.227787,801.0,1,8,0.0,1252.0,1252.0,0.0,1,0,0,3807210.0,Creciente,1
4,2025-07-15 13:25:10,1727760.0,6,52,Empleado,1900000,400000,258756,95.227787,782.0,1,8,0.0,262.0,262.0,0.0,0,0,1,1086951.0,Creciente,1
4,2025-07-15 14:18:07,1458000.0,10,40,Empleado,1500000,500000,137465,95.227787,756.0,8,10,0.0,13068.0,13068.0,0.0,3,0,4,,,1
4,2025-07-15 15:17:45,7592304.0,6,31,Empleado,10000000,5000000,1141364,95.227787,757.0,9,9,0.0,73959.0,73959.0,0.0,6,0,0,954263.0,Creciente,1
4,2025-07-15 15:39:23,1962000.0,18,25,Empleado,2532000,1000000,108075,95.227787,696.0,3,5,0.0,5839.0,5839.0,0.0,2,0,0,2392500.0,Creciente,1
4,2025-07-15 16:01:13,558000.0,6,43,Empleado,1000000,365000,82878,95.227787,832.0,4,4,0.0,26005.0,26005.0,0.0,3,0,0,1056000.0,Creciente,1
4,2025-07-15 16:10:13,2079600.0,18,28,Independiente,1800000,800000,114553,95.227787,716.0,5,4,0.0,10988.0,10988.0,0.0,2,0,1,958420.0,Creciente,1
4,2025-07-15 16:37:14,3187681.2,6,19,Empleado,2700000,600000,477399,95.227787,705.0,7,5,0.0,55413.0,55413.0,0.0,5,0,2,1662963.0,Creciente,1
4,2025-07-15 17:20:15,847800.0,6,59,Independiente,2000000,800000,125692,95.227787,756.0,7,3,0.0,29144.0,29144.0,0.0,4,0,1,,,1
4,2025-07-15 17:36:53,1644000.0,6,40,Empleado,2500000,1000000,243756,95.227787,796.0,4,3,0.0,73328.0,73328.0,0.0,2,0,1,,,1
4,2025-07-15 17:48:15,1800000.0,6,29,Independiente,2000000,1000000,266861,95.227787,717.0,3,5,0.0,1310.0,1310.0,0.0,2,0,0,1000000.0,Creciente,1
4,2025-07-15 18:09:16,1857720.0,18,42,Empleado,2000000,800000,102331,95.227787,821.0,8,3,0.0,24132.0,24132.0,0.0,6,2,0,1327076.0,Creciente,1
4,2025-07-15 19:36:18,1297773.6,12,45,Independiente,3000000,1200000,104661,95.227787,732.0,12,4,0.0,22763.0,22763.0,0.0,5,0,7,,,1
9,2025-07-16 09:22:38,714783.6,7,37,Empleado,1600000,700000,84543,95.227787,831.0,5,6,0.0,25118.0,603.0,0.0,2,1,1,1426909.0,Creciente,1
9,2025-07-16 09:47:18,1166144.4,9,46,Independiente,3000000,1200000,109325,95.227787,852.0,3,5,0.0,7737.0,7737.0,0.0,2,0,1,,,1
9,2025-07-16 10:34:30,955048.8,10,42,Empleado,2500000,2000000,81514,95.227787,906.0,10,7,0.0,72868.0,72868.0,0.0,7,1,0,469405.0,Creciente,1
9,2025-07-16 10:50:20,1665741.6,10,55,Independiente,3598844,1545888,142172,84.730786,772.0,13,2,0.0,371.0,371.0,0.0,3,0,7,,,1
9,2025-07-16 12:25:22,865671.6,10,47,Empleado,7600000,5000000,73885,95.227787,899.0,10,2,0.0,50289.0,50289.0,0.0,7,0,0,1713526.0,Estable,1
4,2025-07-16 13:37:01,1525921.2,12,33,Empleado,2000000,400000,121704,95.227787,703.0,6,6,0.0,8597.0,8597.0,0.0,2,0,2,169567.0,Estable,1
4,2025-07-16 14:39:12,1290480.0,6,34,Independiente,10000000,4500000,191322,95.227787,719.0,8,6,0.0,44078.0,30203.0,0.0,1,1,3,,,1
4,2025-07-16 16:28:49,986880.0,6,61,Independiente,900000,350000,146311,95.227787,762.0,2,1,0.0,446.0,446.0,0.0,0,0,2,,,1
4,2025-07-16 16:41:05,1200000.0,6,51,Independiente,2500000,600000,177907,89.979287,807.0,7,2,0.0,6308.0,6308.0,0.0,5,0,2,,,1
4,2025-07-16 17:56:07,2350920.0,6,62,Empleado,9000000,4000000,348538,95.227787,861.0,6,2,0.0,92401.0,92401.0,0.0,4,0,1,14819806.0,Creciente,1
9,2025-07-16 18:07:21,3515930.4,9,24,Empleado,5000000,3000000,330246,95.227787,779.0,3,3,0.0,79813.0,79813.0,0.0,1,1,1,931394.0,Creciente,1
9,2025-07-16 18:08:19,1946364.0,9,36,Independiente,5000000,4000000,182819,95.227787,751.0,11,10,0.0,16193.0,16193.0,0.0,1,0,6,983889.0,Creciente,1
4,2025-07-16 18:29:57,2495880.0,6,55,Empleado,3000000,200000,373792,95.227787,779.0,2,3,0.0,13728.0,13728.0,0.0,0,0,2,908526.0,Estable,1
9,2025-07-16 18:49:30,2670470.4,10,35,Empleado,4000000,1500000,227926,95.227787,840.0,4,2,0.0,997.0,997.0,0.0,3,0,0,9303013.0,Creciente,1
9,2025-07-17 09:46:34,667800.0,6,56,Empleado,2500000,1500000,91402,95.227787,892.0,5,4,0.0,12795.0,12795.0,0.0,3,1,0,954263.0,Decreciente,1
9,2025-07-17 09:57:51,3066860.4,10,44,Empleado,5000000,3000000,261758,95.227787,815.0,16,8,0.0,208823.0,208823.0,0.0,11,0,1,4512879.0,Creciente,1
9,2025-07-17 11:19:56,1249597.2,10,44,Empleado,4000000,2000000,106654,95.227787,862.0,8,0,0.0,211825.0,182561.0,0.0,5,1,1,4517075.0,Creciente,1
4,2025-07-17 11:50:49,1080000.0,6,62,Independiente,1800000,300000,162736,95.227787,786.0,2,3,0.0,3808.0,3808.0,0.0,0,1,0,,,1
4,2025-07-17 12:06:54,4125000.0,6,48,Independiente,8000000,4000000,617776,95.227787,806.0,9,9,0.0,147958.0,147958.0,0.0,4,0,2,954405.0,Creciente,1
9,2025-07-17 12:09:44,1345730.4,9,48,Independiente,2500000,1500000,126402,95.227787,815.0,4,3,0.0,852.0,852.0,0.0,2,0,1,1909090.0,Creciente,1
9,2025-07-17 12:37:45,2375559.6,9,38,Independiente,6000000,2000000,223133,95.227787,852.0,5,2,0.0,23063.0,23063.0,0.0,3,0,0,4914250.0,Creciente,1
4,2025-07-17 13:06:52,818220.0,6,34,Empleado,8000000,3000000,122540,95.227787,769.0,5,5,0.0,2502.0,2502.0,0.0,2,0,3,2729066.0,Creciente,1
9,2025-07-17 13:12:45,2900016.0,11,41,Empleado,3100000,1750000,227177,95.227787,808.0,6,6,0.0,35515.0,5818.0,0.0,3,1,1,2263015.0,Creciente,1
4,2025-07-17 14:20:53,2065824.0,6,26,Independiente,3000000,1000000,306271,95.227787,814.0,1,1,0.0,29.0,29.0,0.0,0,0,0,,,1
9,2025-07-17 15:10:48,5566256.399999999,9,122,Empleado,3425600,5802621,522830,95.227787,0.0,0,0,,,,,0,0,0,,,1
4,2025-07-17 15:22:44,1475107.2,6,49,Empleado,6000000,1500000,219094,95.227787,821.0,5,2,0.0,1065.0,1065.0,0.0,2,0,0,922222.0,Creciente,1
4,2025-07-17 15:24:54,839880.0,6,26,Independiente,1500000,300000,125784,34.772773,769.0,5,4,0.0,33566.0,33566.0,0.0,0,0,3,,,0
4,2025-07-17 15:32:45,840000.0,6,63,Independiente,1500000,100000,124535,95.227787,819.0,1,1,0.0,416.0,416.0,0.0,1,0,0,,,1
4,2025-07-17 16:45:25,1468800.0,6,49,Independiente,2000000,1000000,219993,95.227787,786.0,2,3,0.0,14466.0,14466.0,0.0,0,0,2,788662.0,Decreciente,1
4,2025-07-17 16:58:46,1440000.0,6,59,Empleado,12000000,3000000,215660,95.227787,745.0,9,5,0.0,21415.0,21415.0,0.0,4,0,3,16811288.0,Creciente,1
9,2025-07-17 18:27:43,1629975.6,9,51,Empleado,3000000,2500000,153101,95.227787,879.0,1,2,0.0,59753.0,59753.0,0.0,1,0,0,1360469.0,Creciente,1
4,2025-07-18 08:10:48,1885438.8,8,42,Independiente,3000000,1000000,216337,95.227787,842.0,5,2,0.0,47656.0,47362.0,0.0,3,0,0,961885.0,Creciente,1
9,2025-07-18 09:51:44,2084379.6,9,55,Empleado,3000000,2000000,197911,95.227787,879.0,2,2,0.0,609.0,609.0,0.0,1,0,0,1060000.0,Estable,1
9,2025-07-18 10:10:45,1665388.8,5,34,Independiente,5000000,4000000,270883,95.227787,748.0,14,4,0.0,54716.0,54716.0,0.0,14,0,0,963410.0,Creciente,1
9,2025-07-18 10:19:44,1699320.0,3,45,Empleado,3500000,1700000,451756,95.227787,818.0,10,16,0.0,217252.0,217252.0,0.0,7,0,0,1200000.0,Estable,1
4,2025-07-18 10:46:45,1578000.0,8,26,Independiente,5000000,800000,181040,95.227787,724.0,4,3,0.0,17777.0,17777.0,0.0,2,0,1,829787.0,Creciente,1
4,2025-07-18 12:03:31,2121499.2,6,42,Independiente,3000000,1900000,315101,95.227787,823.0,2,1,0.0,93198.0,76276.0,0.0,0,2,0,,,1
4,2025-07-18 12:09:18,4200000.0,6,35,Independiente,8000000,2200000,629008,95.227787,735.0,3,3,0.0,10106.0,10106.0,0.0,1,0,1,,,1
4,2025-07-18 12:21:48,8640000.0,24,35,Empleado,2500000,200000,300000,95.227787,728.0,7,3,0.0,8846.0,8846.0,0.0,5,0,0,1487154.0,Creciente,1
9,2025-07-18 13:06:48,1391853.6,2,43,Empleado,1000000,600000,549603,95.227787,688.0,4,7,0.0,19804.0,19804.0,0.0,2,0,2,,,1
4,2025-07-18 13:07:32,1745191.2,6,52,Empleado,4300000,2000000,262968,95.227787,801.0,7,6,0.0,132175.0,132175.0,0.0,4,0,0,4365302.0,Decreciente,1
4,2025-07-18 13:23:33,1634040.0,24,27,Empleado,4500000,2500000,73614,95.227787,733.0,9,12,0.0,22845.0,22845.0,0.0,5,1,1,961885.0,Creciente,1
4,2025-07-18 13:26:41,480000.0,6,56,Independiente,1200000,650000,71887,95.227787,808.0,2,2,0.0,2281.0,2281.0,0.0,0,1,0,,,1
9,2025-07-18 14:32:31,2472045.6,11,64,Empleado,0,0,208699,95.227787,860.0,4,2,0.0,16.0,16.0,0.0,1,0,0,961885.0,Creciente,1
9,2025-07-18 14:49:50,2141643.6,3,52,Empleado,3100000,1000000,569346,95.227787,797.0,0,2,0.0,0.0,,,0,0,0,958420.0,Creciente,1
9,2025-07-18 14:54:50,8720904.0,10,122,Empleado,635000000,426000000,744332,95.227787,0.0,0,0,,,,,0,0,0,,,1
4,2025-07-18 15:21:35,1163880.0,6,23,Empleado,4000000,2400000,174307,95.227787,705.0,4,11,0.0,7872.0,7872.0,0.0,2,0,0,777906.0,Decreciente,1
9,2025-07-18 16:00:02,3814953.6,10,41,Empleado,3000000,1400000,325608,95.227787,799.0,0,2,0.0,0.0,,,0,0,0,868286.0,Creciente,1
9,2025-07-18 16:07:02,876927.6,10,43,Empleado,1500000,800000,74846,95.227787,734.0,7,11,0.0,9605.0,9605.0,0.0,3,0,4,,,1
9,2025-07-18 16:08:31,3353446.8,11,51,Independiente,0,0,283109,95.227787,864.0,4,2,0.0,59048.0,59048.0,0.0,3,0,0,961885.0,Creciente,1
9,2025-07-18 16:09:02,6239230.8,10,26,Independiente,5000000,3000000,532520,95.227787,770.0,8,4,0.0,85057.0,49829.0,0.0,4,0,3,,,1
4,2025-07-18 16:20:20,2185800.0,24,43,Empleado,3000000,0,98471,95.227787,841.0,6,5,0.0,27729.0,27729.0,0.0,4,1,0,1859484.0,Creciente,1
4,2025-07-18 16:25:37,1958760.0,6,28,Empleado,1500000,1000000,290398,95.227787,765.0,2,2,0.0,139.0,139.0,0.0,1,0,0,1088229.0,Creciente,1
9,2025-07-18 16:31:08,2600991.6,11,57,Empleado,6000000,0,219585,95.227787,890.0,23,8,0.0,297080.0,65933.0,0.0,12,1,1,3184043.0,Creciente,1
4,2025-07-18 17:08:38,2888400.0,8,65,Independiente,2500000,1000000,327126,95.227787,860.0,1,1,0.0,3787.0,3787.0,0.0,0,0,1,,,1
4,2025-07-18 17:14:21,408000.0,8,52,Independiente,1200000,170000,47175,95.227787,807.0,5,10,0.0,5078.0,5078.0,0.0,2,0,2,,,1
4,2025-07-18 17:46:13,11858400.0,12,55,Independiente,10000000,4000000,945953,95.227787,823.0,10,6,0.0,120754.0,90503.0,0.0,8,0,1,958420.0,Creciente,1
4,2025-07-19 11:24:34,2832000.0,6,37,Independiente,15000000,9000000,426729,95.227787,818.0,13,9,0.0,176416.0,155833.0,0.0,9,2,1,133334.0,Decreciente,1
4,2025-07-19 11:26:33,530752.7999999999,6,55,Independiente,2000000,600000,79975,95.227787,788.0,7,3,0.0,37254.0,28730.0,0.0,0,5,2,,,1
4,2025-07-19 11:26:37,2976600.0,6,25,Empleado,6500000,3500000,441299,95.227787,830.0,3,11,0.0,160174.0,160174.0,0.0,1,0,2,3538125.0,Creciente,1
9,2025-07-19 11:36:58,4506157.2,10,122,Empleado,9913275,0,384602,95.227787,0.0,0,0,,,,,0,0,0,,,1
4,2025-07-19 11:40:45,1531200.0,6,69,Independiente,4000000,0,229318,95.227787,708.0,7,2,0.0,30319.0,30319.0,0.0,2,0,0,870542.0,Decreciente,1
4,2025-07-19 11:55:35,4716000.0,36,38,Empleado,2000000,100000,161919,95.227787,790.0,8,7,0.0,6593.0,6593.0,0.0,5,0,1,1293171.0,Creciente,1
9,2025-07-19 12:04:58,2538290.4,10,67,Independiente,1400000,800000,216644,89.979287,802.0,2,3,0.0,171.0,171.0,0.0,0,0,0,,,1
4,2025-07-19 13:17:49,794400.0,6,41,Independiente,3000000,100000,119423,95.227787,803.0,11,12,0.0,14652.0,9385.0,0.0,2,0,6,908333.0,Creciente,1
9,2025-07-19 13:37:10,738384.0,9,36,Independiente,6000000,3200000,69355,95.227787,768.0,5,3,0.0,118839.0,118839.0,0.0,1,2,1,,,1
4,2025-07-19 14:00:28,2615280.0,12,32,Empleado,6500000,1000000,204785,95.227787,766.0,12,18,0.0,1956.0,1956.0,0.0,5,0,1,3043423.0,Creciente,1
9,2025-07-19 15:07:23,2224574.4,9,64,Independiente,2000000,1000000,208951,95.227787,846.0,0,3,0.0,0.0,,,0,0,0,,,1
9,2025-07-19 15:26:13,1074067.2,10,37,Independiente,2000000,900000,91672,95.227787,903.0,9,3,0.0,236522.0,189136.0,0.0,7,0,0,3814810.0,Creciente,1
9,2025-07-19 15:28:13,2996274.0,10,60,Empleado,3000000,1000000,255733,95.227787,739.0,17,8,0.0,47346.0,47346.0,0.0,7,1,7,,,1
9,2025-07-19 17:32:16,4049395.2,9,122,Empleado,1756295,0,380354,95.227787,0.0,0,0,,,,,0,0,0,,,1
4,2025-07-20 08:22:40,3840000.0,8,26,Independiente,2000000,1000000,440554,95.227787,768.0,3,4,0.0,1129.0,1129.0,0.0,1,0,1,,,1
9,2025-07-20 08:23:16,2888496.0,9,57,Empleado,3000000,1500000,271312,95.227787,826.0,6,6,0.0,76414.0,76414.0,0.0,4,0,0,,,1
4,2025-07-20 08:25:41,8359999.199999999,6,25,Independiente,5000000,1800000,1252025,95.227787,758.0,5,3,0.0,13830.0,13830.0,0.0,2,1,1,961885.0,Creciente,1
4,2025-07-20 08:51:45,2546400.0,12,34,Empleado,2500000,100000,204473,81.231786,788.0,3,4,0.0,5198.0,2736.0,0.0,3,0,0,1333333.0,Creciente,1
4,2025-07-20 09:33:12,1946400.0,6,27,Empleado,2058000,2119000,291500,95.227787,773.0,2,3,0.0,42439.0,42439.0,0.0,2,0,0,2038400.0,Estable,1
9,2025-07-20 09:46:57,5762640.0,12,39,Independiente,4000000,2000000,400183,-15.473246,287.0,4,7,4973.0,6800.0,6800.0,0.0,1,0,2,1000000.0,Creciente,0
4,2025-07-20 09:55:46,1450441.2,8,41,Independiente,2000000,800000,166406,95.227787,720.0,2,7,0.0,507.0,507.0,0.0,1,0,1,,,1
4,2025-07-20 10:40:26,2338560.0,12,27,Empleado,2000000,900000,188597,95.227787,782.0,8,2,0.0,9659.0,9659.0,0.0,2,0,4,1881834.0,Creciente,1
4,2025-07-20 10:45:51,907200.0,6,35,Empleado,2523471,293000,135866,95.227787,785.0,7,2,0.0,2812.0,2812.0,0.0,6,0,0,2544349.0,Decreciente,1
4,2025-07-20 11:57:29,2236650.0,6,42,Empleado,2036457,550000,331597,95.227787,747.0,2,5,0.0,0.0,0.0,0.0,2,0,0,1626343.0,Creciente,1
4,2025-07-20 11:59:31,2001360.0,8,67,Independiente,3430000,1000000,229611,95.227787,872.0,2,1,0.0,0.0,0.0,0.0,1,0,0,,,1
9,2025-07-20 12:12:28,1411467.6,3,122,Empleado,13258352050,4316463703,407861,95.227787,0.0,0,0,,,,,0,0,0,,,1
9,2025-07-20 12:14:22,717820.7999999999,9,35,Empleado,2200000,1300000,67424,95.227787,897.0,6,5,0.0,1955.0,1955.0,0.0,4,0,1,,,1
4,2025-07-20 12:32:29,1201200.0,6,47,Empleado,5000000,2500000,178085,95.227787,830.0,8,2,0.0,20776.0,806.0,0.0,4,2,1,5129994.0,Creciente,1
4,2025-07-20 13:36:30,1547881.2,18,43,Empleado,4417574,788000,87539,95.227787,779.0,7,6,0.0,22341.0,16073.0,0.0,5,1,0,4671773.0,Decreciente,1
4,2025-07-20 13:39:30,947881.2,12,32,Empleado,2838375,1469000,75601,95.227787,755.0,10,5,0.0,65286.0,65286.0,0.0,4,2,4,3176146.0,Creciente,1
4,2025-07-20 14:08:31,548400.0,6,26,Empleado,2300000,1000000,82634,95.227787,718.0,4,2,0.0,1089.0,1089.0,0.0,2,0,0,921779.0,Decreciente,1
4,2025-07-20 14:09:31,1953600.0,24,39,Independiente,3250000,329000,85076,95.227787,774.0,8,7,0.0,7132.0,7132.0,0.0,3,0,2,,,1
4,2025-07-20 14:30:45,7296000.0,6,54,Independiente,1000000,2175000,1092677,95.227787,810.0,4,1,0.0,4196.0,4196.0,0.0,4,0,0,961885.0,Creciente,1
9,2025-07-20 15:04:17,1921482.0,10,48,Empleado,2000000,1000000,163999,95.227787,696.0,6,7,0.0,104105.0,2235.0,0.0,2,0,1,,,1
4,2025-07-20 15:28:20,2682721.2,18,67,Independiente,2000000,900000,151754,95.227787,838.0,4,5,0.0,32138.0,32138.0,0.0,4,0,0,,,1
4,2025-07-20 15:45:34,1305000.0,6,44,Empleado,3000000,633000,195442,95.227787,847.0,6,3,0.0,5096.0,5096.0,0.0,5,0,1,2625000.0,Creciente,1
4,2025-07-20 16:16:56,4320000.0,36,35,Independiente,2500000,150000,148365,-11.828705,763.0,2,4,0.0,0.0,0.0,0.0,0,0,1,986666.0,Estable,0
4,2025-07-20 16:32:24,1140000.0,24,22,Empleado,1414300,760000,52411,95.227787,696.0,6,6,0.0,2296.0,2296.0,0.0,0,0,4,1119912.0,Creciente,1
9,2025-07-20 16:46:18,2219194.8,9,52,Empleado,2500000,120000,208446,95.227787,834.0,5,3,0.0,8308.0,8308.0,0.0,3,0,0,,,1
4,2025-07-20 17:13:25,592464.0,6,37,Empleado,5807753,1999000,87836,95.227787,796.0,11,4,0.0,62707.0,62707.0,0.0,5,0,2,2629156.0,Creciente,1
4,2025-07-20 17:16:04,2099640.0,6,31,Empleado,3000000,600000,314478,95.227787,712.0,3,5,0.0,1824.0,1824.0,0.0,1,0,1,,,1
4,2025-07-20 17:54:26,4200000.0,6,32,Independiente,1780000,407000,629008,95.227787,783.0,3,3,0.0,6452.0,6452.0,0.0,2,0,0,,,1
4,2025-07-20 18:01:26,1200000.0,6,60,Empleado,9021731,535000,179717,95.227787,872.0,5,2,0.0,36891.0,22399.0,0.0,4,1,0,3932566.0,Creciente,1
4,2025-07-20 18:15:26,1370820.0,6,45,Independiente,2420000,503000,203233,95.227787,819.0,4,4,0.0,866.0,866.0,0.0,2,0,0,,,1
9,2025-07-20 18:23:50,1291987.2,8,39,Empleado,10000000,4000000,135216,95.227787,773.0,10,9,0.0,188185.0,188185.0,0.0,8,0,0,,,1
9,2025-07-20 18:32:50,4484780.399999999,3,30,Empleado,10000000,2500000,1192258,95.227787,836.0,7,7,0.0,195992.0,195992.0,0.0,6,0,0,,,1
9,2025-07-20 19:03:21,3568904.4,10,36,Empleado,4000000,2000000,304607,95.227787,822.0,3,0,0.0,564.0,564.0,0.0,2,0,0,,,1
4,2025-07-21 09:33:26,1233600.0,6,49,Empleado,1000000,2242000,185880,84.730786,735.0,6,5,0.0,84145.0,65840.0,0.0,1,1,3,901317.0,Creciente,1
9,2025-07-21 09:48:31,3919354.8,5,122,Empleado,12347546,1107465,637502,95.227787,0.0,0,0,,,,,0,0,0,,,1
4,2025-07-21 10:31:51,789600.0,8,56,Empleado,2900000,886000,89635,95.227787,723.0,8,5,0.0,18713.0,16153.0,0.0,3,0,2,,,1
6,2025-07-21 11:37:29,2400000.0,12,33,Empleado,1000000,0,193476,95.227787,752.0,1,3,0.0,133.0,133.0,0.0,0,0,1,1061528.0,Creciente,1
4,2025-07-21 11:51:56,1081078.8,8,56,Empleado,1139584,0,122438,95.227787,808.0,1,2,0.0,0.0,0.0,0.0,0,0,1,1183008.0,Decreciente,1
4,2025-07-21 13:34:56,1380000.0,6,21,Empleado,908526,300000,207940,95.227787,764.0,0,3,0.0,0.0,,,0,0,0,934661.0,Creciente,1
4,2025-07-21 16:16:38,3744000.0,6,51,Independiente,4500000,976000,560716,95.227787,855.0,5,7,0.0,24099.0,24099.0,0.0,4,0,1,,,1
4,2025-07-21 16:17:34,2268000.0,18,20,Empleado,1600000,400000,129529,95.227787,710.0,3,3,0.0,9750.0,9750.0,0.0,1,0,2,1082746.0,Creciente,1
4,2025-07-21 16:26:49,2400000.0,20,31,Empleado,2500000,600000,121740,95.227787,743.0,7,7,0.0,38468.0,38468.0,0.0,3,1,1,2550751.0,Creciente,1
4,2025-07-21 18:46:53,5412000.0,6,52,Independiente,3470000,212000,802363,95.227787,824.0,4,3,0.0,2087.0,2087.0,0.0,0,0,2,,,1
4,2025-07-22 08:20:32,2114320.8,6,60,Independiente,1926000,15000,314034,95.227787,858.0,4,3,0.0,8715.0,8715.0,0.0,4,0,0,908526.0,Estable,1
4,2025-07-22 09:45:14,3600000.0,6,43,Empleado,1800000,2040000,542453,95.227787,836.0,8,3,0.0,21849.0,21849.0,0.0,6,0,1,1720000.0,Creciente,1
4,2025-07-22 09:53:11,684600.0,8,62,Independiente,908526,701000,79160,95.227787,754.0,6,2,0.0,6000.0,6000.0,0.0,0,1,0,923771.0,Creciente,1
4,2025-07-22 10:03:17,4704000.0,8,50,Independiente,1300000,2041000,539679,95.227787,840.0,6,5,0.0,71594.0,71594.0,0.0,4,0,1,1263636.0,Creciente,1
4,2025-07-22 10:12:35,1182000.0,6,29,Empleado,2630000,1448000,177021,95.227787,772.0,5,10,0.0,97721.0,97721.0,0.0,3,0,1,,,1
9,2025-07-22 11:16:56,1208916.0,10,37,Empleado,2000000,900000,103181,95.227787,807.0,4,6,0.0,23545.0,23545.0,0.0,3,0,0,,,1
4,2025-07-22 11:27:06,2037927.6,6,47,Independiente,2620000,8075000,302688,95.227787,765.0,2,0,0.0,11456.0,6000.0,0.0,0,0,2,,,1
4,2025-07-22 11:51:00,3636000.0,6,37,Independiente,15000000,5000000,544590,89.979287,791.0,5,8,0.0,69907.0,44649.0,0.0,1,1,3,1100000.0,Estable,1
10,2025-07-22 11:51:07,780000.0,6,36,Empleado,908526,274000,116816,95.227787,796.0,2,5,0.0,2045.0,2045.0,0.0,1,0,1,878242.0,Creciente,1
4,2025-07-22 12:11:23,2279760.0,8,24,Empleado,908526,532000,261582,95.227787,704.0,6,7,0.0,2404.0,2404.0,0.0,2,0,1,908526.0,Creciente,1
4,2025-07-22 12:39:50,4032000.0,6,38,Independiente,1000000,1158000,603902,89.979287,760.0,4,1,0.0,31320.0,31320.0,0.0,1,1,1,1000000.0,Estable,1
4,2025-07-22 13:15:10,2580000.0,6,37,Independiente,3240000,1141000,388758,95.227787,813.0,5,3,0.0,54536.0,54536.0,0.0,4,0,0,,,1
4,2025-07-22 13:22:09,4931640.0,36,51,Empleado,3645000,2369000,171218,95.227787,732.0,6,7,0.0,11622.0,11622.0,0.0,3,0,1,3670583.0,Decreciente,1
4,2025-07-22 14:17:18,1080000.0,6,53,Empleado,1000000,622000,162348,95.227787,813.0,5,7,0.0,12645.0,12645.0,0.0,2,0,1,958420.0,Creciente,1
4,2025-07-22 15:23:12,4398720.0,6,34,Empleado,12528989,4557000,652138,95.227787,776.0,6,4,0.0,32521.0,32277.0,0.0,3,0,1,12714360.0,Creciente,1
4,2025-07-22 16:27:03,2121600.0,12,35,Empleado,3660000,980000,170362,95.227787,782.0,8,5,0.0,58998.0,58998.0,0.0,5,0,1,,,1
4,2025-07-22 16:45:24,3230520.0,6,58,Empleado,3140000,1852000,478945,95.227787,807.0,7,4,0.0,71143.0,71143.0,0.0,3,0,2,,,1
4,2025-07-22 17:02:03,1740420.0,12,43,Independiente,2500000,400000,139769,95.227787,777.0,8,2,0.0,68469.0,68469.0,0.0,5,0,0,,,1
4,2025-07-22 17:15:15,4398720.0,6,24,Empleado,908526,4882000,652138,95.227787,855.0,5,2,0.0,78151.0,78151.0,0.0,4,0,0,1211885.0,Creciente,1
4,2025-07-22 17:20:04,2038140.0,6,63,Empleado,2504520,587000,302167,95.227787,831.0,6,5,0.0,67115.0,20154.0,0.0,5,1,0,2663853.0,Decreciente,1
4,2025-07-22 17:37:05,3469272.0,36,43,Empleado,4556584,3144000,111562,95.227787,771.0,10,7,0.0,25327.0,25327.0,0.0,7,0,3,5209014.0,Creciente,1
4,2025-07-22 17:50:24,782400.0,8,30,Empleado,3000000,2407000,88611,95.227787,819.0,6,4,0.0,159547.0,159547.0,0.0,4,1,0,3891667.0,Creciente,1
4,2025-07-22 18:12:06,888000.0,6,56,Empleado,1188272,771000,131652,95.227787,764.0,5,9,0.0,4324.0,4324.0,0.0,2,0,3,1244366.0,Creciente,1
9,2025-07-23 11:06:19,2258334.0,9,122,Empleado,330024049,213123214,212122,95.227787,0.0,0,0,,,,,0,0,0,,,1
4,2025-07-23 11:41:02,860479.2,6,60,Independiente,1580000,140000,127805,95.227787,789.0,2,2,0.0,1828.0,1828.0,0.0,0,0,2,,,1
4,2025-07-23 12:21:41,600000.0,6,66,Empleado,2237823,672000,88954,95.227787,883.0,5,2,0.0,10708.0,10708.0,0.0,2,2,0,2327995.0,Creciente,1
9,2025-07-23 12:50:10,1459894.8,10,21,Empleado,1500000,800000,124603,95.227787,761.0,1,8,0.0,0.0,0.0,0.0,0,0,0,,,1
9,2025-07-23 14:16:13,978204.0,9,31,Empleado,3000000,1500000,91881,95.227787,820.0,4,2,0.0,12986.0,12986.0,0.0,2,0,0,5718833.0,Creciente,1
4,2025-07-23 14:30:34,2024040.0,6,31,Empleado,3527604,517000,303128,95.227787,785.0,4,4,0.0,1255.0,1255.0,0.0,2,0,1,3291666.0,Creciente,1
4,2025-07-23 15:26:57,2554896.0,18,35,Empleado,2000000,1435000,140735,95.227787,725.0,4,2,0.0,8095.0,8095.0,0.0,2,0,1,1603410.0,Decreciente,1
4,2025-07-23 16:00:36,2087880.0,6,45,Empleado,1000000,709000,312689,95.227787,758.0,4,4,0.0,1575.0,1575.0,0.0,3,0,1,885714.0,Creciente,1
4,2025-07-23 16:24:46,4800000.0,12,35,Empleado,2616062,636000,387103,95.227787,843.0,2,3,0.0,152.0,152.0,0.0,2,0,0,4260000.0,Creciente,1
4,2025-07-23 17:03:37,1200000.0,6,40,Independiente,3915000,2077000,177907,95.227787,825.0,3,2,0.0,0.0,0.0,0.0,1,0,0,3772083.0,Creciente,1
9,2025-07-23 17:25:07,3857954.4,9,122,Empleado,4879616,1895642,362372,95.227787,0.0,0,0,,,,,0,0,0,,,1
9,2025-07-24 09:59:20,1239232.8,9,38,Empleado,3200000,1800000,116399,95.227787,830.0,5,8,0.0,78565.0,78565.0,0.0,5,0,0,3416363.0,Creciente,1
9,2025-07-24 10:27:10,2402124.0,9,56,Independiente,3000000,2000000,228080,95.227787,870.0,16,5,0.0,259763.0,259763.0,0.0,12,0,3,1103151.0,Creciente,1
4,2025-07-24 11:12:13,1438140.0,6,26,Empleado,3919669,1212000,213213,95.227787,767.0,4,3,0.0,15217.0,15217.0,0.0,0,0,3,0.0,Creciente,1
4,2025-07-24 11:13:12,6000000.0,6,45,Independiente,3270000,558000,892580,34.772773,855.0,2,1,0.0,4286.0,4286.0,0.0,0,1,0,,,0
9,2025-07-24 11:39:12,1699827.6,10,30,Empleado,2400000,1000000,145081,95.227787,805.0,3,8,0.0,125215.0,125215.0,0.0,1,1,0,2563670.0,Creciente,1
4,2025-07-24 11:52:14,1753440.0,6,63,Independiente,1626000,0,259958,95.227787,751.0,5,4,0.0,349.0,349.0,0.0,1,0,1,,,1
4,2025-07-24 12:06:20,3779520.0,12,48,Independiente,1000000,4036000,295949,95.227787,813.0,12,2,0.0,173693.0,173693.0,0.0,10,0,1,961885.0,Creciente,1
4,2025-07-24 12:20:56,7892784.0,6,38,Independiente,908526,565000,1182159,58.597591,746.0,2,8,0.0,14832.0,14832.0,0.0,2,0,0,950105.0,Creciente,0
4,2025-07-24 12:25:16,2933041.2,12,36,Empleado,908526,65000,229667,95.227787,796.0,5,5,0.0,1705.0,1705.0,0.0,2,0,0,979238.0,Creciente,1
9,2025-07-24 12:42:33,5532367.2,11,31,Independiente,6000000,4000000,433386,95.227787,775.0,7,10,0.0,80878.0,80878.0,0.0,3,0,2,961885.0,Creciente,1
4,2025-07-24 13:30:46,3389691.6,6,53,Independiente,2320000,14000,507699,25.419455,732.0,3,6,0.0,2503.0,2503.0,0.0,1,0,0,,,0
4,2025-07-24 14:50:08,1069920.0,6,53,Empleado,2090543,804000,160235,95.227787,852.0,7,6,0.0,9046.0,9046.0,0.0,4,1,0,2087192.0,Decreciente,1
4,2025-07-24 15:18:47,1225112.4,6,41,Independiente,1000000,356000,184601,95.227787,807.0,2,3,0.0,26316.0,26316.0,0.0,0,1,0,961885.0,Creciente,1
4,2025-07-24 15:28:09,4169760.0,36,41,Empleado,3180000,2456000,143165,95.227787,742.0,9,11,0.0,72709.0,72709.0,0.0,4,0,1,3065000.0,Decreciente,1
4,2025-07-24 15:59:10,480000.0,6,40,Independiente,1000000,123000,71887,90.562453,758.0,1,2,0.0,358.0,358.0,0.0,1,0,0,969638.0,Creciente,1
9,2025-07-24 16:02:28,5884359.6,9,47,Empleado,4500000,1800000,552709,90.562453,882.0,5,6,0.0,52018.0,51628.0,0.0,4,1,0,3584848.0,Estable,1
9,2025-07-24 16:19:29,2106543.6,9,41,Independiente,1300000,500000,197865,95.227787,821.0,3,2,0.0,4123.0,4123.0,0.0,2,0,0,,,1
4,2025-07-24 16:30:11,1794000.0,6,35,Empleado,7085396,3723000,265972,95.227787,845.0,10,5,0.0,74226.0,74226.0,0.0,7,0,0,7779825.0,Creciente,1
4,2025-07-24 16:45:11,1945304.4,24,28,Empleado,1501288,1237000,89435,95.227787,711.0,6,6,0.0,85354.0,85354.0,0.0,2,1,1,1532834.0,Creciente,1
9,2025-07-24 17:13:29,2623839.6,10,31,Empleado,3500000,1200000,223946,95.227787,740.0,6,8,0.0,63663.0,63663.0,0.0,3,0,1,,,1
4,2025-07-24 17:47:42,1016400.0,6,41,Independiente,2000000,500000,150688,95.227787,741.0,0,0,0.0,0.0,,,0,0,0,961885.0,Creciente,1
4,2025-07-24 18:02:43,4338000.0,6,37,Independiente,4370000,598000,643135,95.227787,764.0,4,5,0.0,18463.0,18463.0,0.0,3,0,0,,,1
4,2025-07-24 18:21:08,4632481.2,8,44,Empleado,3441577,0,524652,95.227787,851.0,2,0,0.0,0.0,0.0,0.0,1,0,0,3703549.0,Creciente,1
4,2025-07-24 18:37:36,1860000.0,12,31,Empleado,3168000,1293000,149356,95.227787,800.0,8,3,0.0,34425.0,34425.0,0.0,3,0,3,961885.0,Creciente,1
4,2025-07-25 08:15:23,1473324.0,6,28,Empleado,1412000,1433000,218429,95.227787,710.0,4,4,0.0,23609.0,11893.0,0.0,1,0,2,1394601.0,Creciente,1
9,2025-07-25 08:53:11,4028696.4,9,44,Empleado,6000000,3000000,378409,95.227787,805.0,6,10,0.0,134192.0,88637.0,0.0,5,1,0,6005541.0,Creciente,1
4,2025-07-25 08:59:37,4398960.0,12,42,Empleado,3000000,1400000,344511,95.227787,758.0,4,2,0.0,0.0,0.0,0.0,0,0,0,2976032.0,Creciente,1
4,2025-07-25 09:38:17,1866638.4,6,24,Empleado,1500000,700000,281274,95.227787,719.0,5,3,0.0,860.0,860.0,0.0,0,0,3,1000000.0,Estable,1
4,2025-07-25 10:06:15,3083880.0,6,66,Empleado,4335315,1023000,464683,95.227787,832.0,5,5,0.0,37521.0,37521.0,0.0,3,0,1,4251431.0,Creciente,1
4,2025-07-25 11:02:50,1761468.0,6,43,Empleado,908526,0,265427,95.227787,810.0,0,2,0.0,0.0,,,0,0,0,908526.0,Estable,1
4,2025-07-25 11:06:49,2112000.0,6,58,Independiente,1954263,2500000,318247,95.227787,875.0,5,3,0.0,61668.0,61668.0,0.0,4,1,0,958420.0,Decreciente,1
4,2025-07-25 11:29:07,2089800.0,24,33,Independiente,2000000,200000,94174,95.227787,801.0,8,8,0.0,193282.0,111049.0,0.0,5,1,2,3283854.0,Decreciente,1
9,2025-07-25 11:38:14,1381225.2,10,38,Empleado,1500000,800000,117888,95.227787,863.0,7,5,0.0,64667.0,24776.0,0.0,5,0,2,1231148.0,Creciente,1
4,2025-07-25 11:44:09,5766618.0,6,47,Independiente,1700000,800000,857908,95.227787,840.0,2,3,0.0,58210.0,58210.0,0.0,1,1,0,533334.0,Estable,1
9,2025-07-25 12:33:16,2888496.0,9,43,Empleado,2000000,1500000,271312,95.227787,771.0,6,21,0.0,32940.0,32940.0,0.0,3,0,1,2890781.0,Creciente,1
9,2025-07-25 12:45:16,3278569.2,9,68,Empleado,5000000,2000000,307951,95.227787,861.0,3,2,0.0,49.0,49.0,0.0,2,0,0,,,1
4,2025-07-25 12:47:25,3873360.0,8,44,Empleado,4000000,1500000,438729,95.227787,886.0,4,2,0.0,51696.0,51696.0,0.0,2,0,2,3833333.0,Estable,1
4,2025-07-25 12:58:11,1423622.4,6,31,Empleado,2600000,120000,213226,95.227787,763.0,2,3,0.0,12113.0,12113.0,0.0,1,0,1,,,1
4,2025-07-25 13:02:29,2019600.0,8,64,Independiente,2810000,0,228730,95.227787,888.0,2,3,0.0,5898.0,5898.0,0.0,2,0,0,,,1
4,2025-07-25 13:07:46,1680000.0,12,28,Empleado,2613750,320000,135492,95.227787,766.0,2,3,0.0,3418.0,320.0,0.0,1,0,1,2353680.0,Decreciente,1
4,2025-07-25 13:08:31,1578600.0,6,38,Empleado,3990000,1503000,237865,95.227787,777.0,7,4,0.0,82773.0,77711.0,0.0,3,1,2,,,1
4,2025-07-25 13:43:44,819600.0,12,26,Empleado,1408672,435000,66101,95.227787,784.0,4,2,0.0,5865.0,5865.0,0.0,3,0,1,1235261.0,Creciente,1
4,2025-07-25 13:43:56,567600.0,6,38,Empleado,2000000,100000,85328,95.227787,740.0,6,6,0.0,3505.0,2482.0,0.0,1,0,3,90853.0,Creciente,1
4,2025-07-25 13:53:23,1053000.0,8,26,Empleado,2765800,906000,120822,95.227787,776.0,5,9,0.0,60424.0,41092.0,0.0,1,1,3,2653734.0,86286,1
4,2025-07-25 14:31:12,1414912.8,6,41,Empleado,3000000,2000000,213206,95.227787,689.0,14,3,0.0,54859.0,54859.0,0.0,5,0,0,1303939.0,Estable,1
4,2025-07-25 14:51:27,822825.6,6,31,Independiente,1900000,300000,123987,95.227787,703.0,11,5,0.0,9864.0,9864.0,0.0,3,0,2,,,1
4,2025-07-25 14:53:15,503359.2,6,64,Independiente,1530000,788000,74886,95.227787,729.0,8,0,0.0,7494.0,5066.0,0.0,3,0,5,,,1
4,2025-07-25 14:53:21,4454400.0,12,50,Independiente,1000000,3262000,355331,95.227787,824.0,5,3,0.0,3167.0,3167.0,0.0,3,0,0,1000000.0,Estable,1
4,2025-07-25 15:01:00,720000.0,6,48,Empleado,3218083,1150000,107830,90.562453,830.0,6,4,0.0,65386.0,65386.0,0.0,4,0,1,855000.0,Creciente,1
4,2025-07-25 15:07:09,1848000.0,6,38,Empleado,2040000,958000,278466,95.227787,828.0,5,2,0.0,59688.0,59688.0,0.0,3,0,0,,,1
4,2025-07-25 15:15:33,601951.2,6,62,Independiente,243798,0,90703,95.227787,848.0,0,2,0.0,0.0,,,0,0,0,243798.0,Decreciente,1
9,2025-07-25 15:24:10,1982557.2,11,43,Empleado,3680000,1800000,155306,95.227787,840.0,4,2,0.0,7198.0,7198.0,0.0,2,0,0,2871788.0,Creciente,1
4,2025-07-25 15:46:05,6222129.6,36,52,Independiente,3000000,1000000,216046,95.227787,851.0,5,4,0.0,1416.0,1416.0,0.0,2,0,1,958420.0,9147,1
4,2025-07-25 16:17:38,1567800.0,12,35,Empleado,1300000,300000,122785,95.227787,749.0,2,2,0.0,130.0,130.0,0.0,0,0,1,952360.0,Decreciente,1
4,2025-07-25 16:21:26,4594344.0,6,43,Empleado,1000000,94000,681203,95.227787,809.0,11,8,0.0,6.0,6.0,0.0,4,0,0,961885.0,Creciente,1
4,2025-07-25 16:36:34,1620060.0,8,66,Empleado,1000000,365000,183480,95.227787,870.0,4,4,0.0,2303.0,2303.0,0.0,2,0,2,975012.0,Creciente,1
4,2025-07-25 16:37:42,3436416.0,6,59,Empleado,4398643,2470000,509470,95.227787,898.0,6,1,0.0,151455.0,151455.0,0.0,5,1,0,4528680.0,Creciente,1
4,2025-07-25 16:57:56,2207640.0,6,36,Empleado,1200000,1436000,330625,95.227787,820.0,7,2,0.0,25816.0,25816.0,0.0,5,0,0,1173502.0,Creciente,1
4,2025-07-25 17:05:43,7467600.0,36,33,Independiente,2500000,1000000,259292,6.795375,789.0,5,8,0.0,15432.0,15432.0,0.0,2,1,1,,,0
9,2025-07-25 17:20:42,1412463.6,9,31,Empleado,2500000,1500000,132671,95.227787,736.0,9,2,0.0,12000.0,0.0,0.0,4,0,4,3892524.0,Decreciente,1
4,2025-07-25 17:23:27,2933040.0,6,43,Empleado,2500000,800000,434881,95.227787,767.0,4,0,0.0,37727.0,37727.0,0.0,2,0,1,,,1
4,2025-07-25 17:28:11,2970601.2,6,53,Empleado,3000000,972000,444928,95.227787,861.0,3,4,0.0,41766.0,25538.0,0.0,2,0,1,3000000.0,Estable,1
4,2025-07-25 17:28:33,500640.0,6,44,Empleado,2660000,1666000,74230,95.227787,793.0,12,11,0.0,71744.0,71744.0,0.0,7,0,2,,,1
4,2025-07-25 17:29:35,1021320.0,6,27,Empleado,908526,0,151417,89.979287,842.0,3,4,0.0,13956.0,30.0,0.0,1,1,0,931394.0,Creciente,1
4,2025-07-25 17:32:16,2350920.0,18,67,Empleado,1800000,400000,129530,95.227787,758.0,4,2,0.0,32429.0,32429.0,0.0,1,0,2,961885.0,Creciente,1
4,2025-07-25 17:41:23,3307068.0,6,53,Empleado,12000000,8000000,490338,95.227787,769.0,14,9,0.0,55631.0,55631.0,0.0,10,0,0,966736.0,Creciente,1
4,2025-07-25 18:03:48,2981760.0,6,44,Independiente,6500000,1200000,442105,95.227787,767.0,7,0,0.0,132134.0,61463.0,0.0,4,2,0,30285.0,Estable,1
4,2025-07-25 19:39:28,720000.0,12,32,Independiente,954263,371000,57426,95.227787,827.0,5,4,0.0,254276.0,9183.0,0.0,4,0,0,954263.0,Creciente,1
4,2025-07-26 08:15:18,2448360.0,18,38,Empleado,3000000,1800000,134899,95.227787,792.0,6,8,0.0,12596.0,6081.0,0.0,1,1,4,2596136.0,Creciente,1
4,2025-07-26 08:28:43,818160.0,6,42,Empleado,3000000,1200000,121308,90.562453,830.0,4,11,0.0,93885.0,93885.0,0.0,3,0,0,3725809.0,Creciente,1
4,2025-07-26 08:51:13,639600.0,6,62,Independiente,2734000,0,96378,95.227787,839.0,1,1,0.0,0.0,0.0,0.0,1,0,0,,,1
4,2025-07-26 09:49:35,928321.2,6,31,Independiente,6000000,2000000,137642,95.227787,704.0,9,11,0.0,16452.0,16452.0,0.0,6,0,0,958420.0,Creciente,1
4,2025-07-26 10:09:39,693600.0,6,54,Empleado,2149657,1227000,104513,95.227787,748.0,9,5,0.0,45207.0,45207.0,0.0,6,0,0,2101997.0,Creciente,1
4,2025-07-26 10:44:29,2571360.0,8,22,Empleado,1800000,0,291220,95.227787,778.0,1,5,0.0,0.0,0.0,0.0,1,0,0,1485000.0,Creciente,1
9,2025-07-26 10:47:17,1610210.4,10,32,Independiente,1800000,1000000,137432,95.227787,781.0,3,4,0.0,11639.0,11639.0,0.0,2,0,0,2342014.0,Creciente,1
9,2025-07-26 11:10:27,1022031.6,6,27,Empleado,3500000,1200000,139885,90.562453,732.0,5,4,0.0,43701.0,25895.0,0.0,1,2,0,1487919.0,Creciente,1
4,2025-07-26 11:46:08,2992200.0,6,31,Empleado,6218681,2871000,443653,95.227787,802.0,4,2,0.0,4242.0,4242.0,0.0,2,0,0,6400000.0,Creciente,1
4,2025-07-26 11:58:45,1800000.0,12,34,Empleado,3200000,800000,140970,95.227787,729.0,7,4,0.0,4955.0,2688.0,0.0,3,0,2,,,1
9,2025-07-26 12:00:21,3044310.0,10,33,Empleado,5000000,1500000,259833,95.227787,850.0,6,4,0.0,113110.0,113110.0,0.0,5,0,0,3248378.0,Decreciente,1
4,2025-07-26 12:36:32,1427880.0,6,60,Empleado,1000000,351000,213845,95.227787,818.0,2,3,0.0,7616.0,7616.0,0.0,2,0,0,961885.0,Creciente,1
4,2025-07-26 12:53:42,846720.0,6,59,Empleado,1100000,700000,125543,95.227787,758.0,3,6,0.0,185.0,185.0,0.0,0,0,2,961885.0,Creciente,1
4,2025-07-26 12:57:32,1728000.0,8,23,Empleado,4260000,1945000,199800,95.227787,757.0,4,5,0.0,39681.0,39681.0,0.0,3,0,0,,,1
4,2025-07-26 13:02:29,696000.0,6,42,Independiente,908527,251000,104236,95.227787,774.0,7,2,0.0,651.0,651.0,0.0,1,0,4,782664.0,Creciente,1
4,2025-07-26 13:02:32,492480.0,6,63,Empleado,2706299,467000,73013,95.227787,781.0,5,2,0.0,6232.0,6232.0,0.0,0,2,2,2646298.0,Creciente,1
4,2025-07-26 13:06:32,4345620.0,12,27,Empleado,2946860,1780000,340277,95.227787,770.0,3,7,0.0,57044.0,57044.0,0.0,2,0,0,3005552.0,Decreciente,1
4,2025-07-26 13:45:02,3514020.0,6,37,Empleado,5000000,200000,521023,95.227787,848.0,6,4,0.0,62320.0,62320.0,0.0,3,0,3,,,1
4,2025-07-26 14:01:34,3334440.0,8,44,Empleado,3080000,1221000,382553,95.227787,773.0,8,2,0.0,81841.0,81841.0,0.0,5,0,0,,,1
4,2025-07-26 14:45:35,1037520.0,6,38,Empleado,1000000,831000,155383,90.562453,803.0,5,1,0.0,28140.0,28140.0,0.0,4,0,0,891666.0,Creciente,1
4,2025-07-26 14:56:45,444000.0,6,35,Independiente,1200021,554000,66904,95.227787,781.0,5,2,0.0,2670.0,2670.0,0.0,2,0,1,979306.0,Decreciente,1
4,2025-07-26 16:07:26,4438740.0,36,51,Independiente,5400000,173000,142737,95.227787,828.0,5,1,0.0,26579.0,26579.0,0.0,4,0,0,,,1
4,2025-07-26 16:14:21,840000.0,6,49,Independiente,1000,2439000,125802,95.227787,876.0,6,4,0.0,59583.0,59583.0,0.0,4,0,1,1000.0,Estable,1
4,2025-07-26 16:22:37,6412116.0,6,52,Independiente,6540000,304000,950636,95.227787,838.0,6,4,0.0,16581.0,15790.0,0.0,4,0,0,,,1
4,2025-07-26 16:24:52,2304456.0,6,58,Empleado,4440000,249000,341681,95.227787,896.0,3,3,0.0,128.0,128.0,0.0,1,0,0,,,1
4,2025-07-26 16:52:34,1415760.0,18,52,Independiente,1300000,250000,80086,95.227787,765.0,7,6,0.0,480.0,480.0,0.0,2,0,1,,,1
4,2025-07-26 17:00:28,4535280.0,24,48,Independiente,4350000,1060000,204316,95.227787,756.0,7,7,0.0,54859.0,53999.0,0.0,2,0,4,,,1
4,2025-07-26 17:04:28,1249516.8,6,52,Empleado,1000000,0,188279,95.227787,816.0,4,2,0.0,61842.0,61842.0,0.0,4,0,0,1000000.0,Creciente,1
4,2025-07-26 17:59:49,541789.2,6,67,Independiente,1910000,246000,81637,90.562453,784.0,6,2,0.0,830.0,830.0,0.0,2,0,1,,,1
9,2025-07-26 18:03:47,3665420.4,10,27,Empleado,3000000,1500000,312845,95.227787,829.0,1,2,0.0,3952.0,3952.0,0.0,1,0,0,2884465.0,Creciente,1
4,2025-07-26 18:39:12,4977600.0,36,38,Empleado,1200000,350000,172834,5.267996,688.0,10,7,0.0,12634.0,12634.0,0.0,2,0,8,1118785.0,Creciente,0
4,2025-07-27 08:03:12,8035920.0,6,34,Empleado,24000000,15000000,1203598,95.227787,817.0,5,8,0.0,310714.0,310714.0,0.0,4,0,1,15783867.0,Decreciente,1
9,2025-07-27 08:19:47,2992279.2,11,28,Empleado,1000000,340000,234404,95.227787,777.0,2,5,0.0,2327.0,2327.0,0.0,0,0,2,,,1
4,2025-07-27 08:32:03,1171200.0,6,54,Empleado,1883897,552000,176058,95.227787,751.0,10,3,0.0,32879.0,13028.0,0.0,5,0,2,1966675.0,Creciente,1
4,2025-07-27 08:42:45,403200.0,6,45,Independiente,1000000,1610000,60755,95.227787,724.0,6,4,0.0,13444.0,13444.0,0.0,5,0,1,1000000.0,Estable,1
9,2025-07-27 08:53:27,1648197.6,8,20,Independiente,2500000,1600000,172496,95.227787,739.0,2,8,0.0,646.0,646.0,0.0,0,0,1,,,1
4,2025-07-27 10:20:02,2274900.0,12,43,Empleado,2521000,710000,178132,95.227787,794.0,6,2,0.0,10699.0,10699.0,0.0,2,2,0,2466080.0,Creciente,1
4,2025-07-27 10:26:15,438229.2,8,68,Empleado,1000000,0,50672,95.227787,885.0,0,2,0.0,0.0,,,0,0,0,961885.0,Creciente,1
4,2025-07-27 10:27:33,450360.0,6,57,Independiente,1500000,100000,67001,95.227787,760.0,2,4,0.0,310.0,310.0,0.0,0,0,0,,,1
4,2025-07-27 11:07:16,3943680.0,24,61,Independiente,3000000,300000,171793,95.227787,813.0,7,0,0.0,14415.0,14415.0,0.0,6,0,1,,,1
4,2025-07-27 11:55:06,504000.0,6,22,Independiente,4000000,100000,75945,95.227787,736.0,5,11,0.0,18185.0,18185.0,0.0,1,2,2,,,1
4,2025-07-27 12:13:23,3600000.0,36,32,Empleado,1396232,959000,121461,95.227787,775.0,6,4,0.0,25135.0,25135.0,0.0,3,0,2,1521478.0,Decreciente,1
4,2025-07-27 12:33:04,8400000.0,36,46,Independiente,1820000,0,283528,5.267996,857.0,0,3,0.0,0.0,,,0,0,0,,,0
4,2025-07-27 13:59:03,1464000.0,6,50,Independiente,1510000,0,221119,95.227787,796.0,0,4,0.0,0.0,,,0,0,0,,,1
9,2025-07-27 14:50:36,7658955.6,10,32,Empleado,3500000,1600000,653694,95.227787,781.0,0,1,0.0,0.0,,,0,0,0,2116639.0,Creciente,1
4,2025-07-27 15:38:49,1580880.0,6,32,Independiente,1000000,201000,236780,95.227787,768.0,2,2,0.0,468.0,468.0,0.0,1,0,1,1000000.0,Estable,1
4,2025-07-27 16:29:38,2064000.0,6,31,Independiente,5120000,6786000,310670,95.227787,807.0,6,6,0.0,49642.0,25000.0,0.0,2,1,1,,,1
4,2025-07-27 17:17:12,4018800.0,12,54,Independiente,908526,1633000,325492,95.227787,829.0,9,5,0.0,40368.0,40368.0,0.0,6,0,2,961885.0,Creciente,1
4,2025-07-27 17:17:55,833766.0,6,31,Empleado,2200000,300000,125636,95.227787,741.0,8,4,0.0,4567.0,1204.0,0.0,2,0,5,988565.0,Creciente,1
10,2025-07-27 17:36:39,8640000.0,36,31,Empleado,18000000,4000000,291629,95.227787,810.0,6,9,0.0,68717.0,68717.0,0.0,4,0,1,12390897.0,Creciente,1
9,2025-07-27 17:56:29,1865268.0,5,33,Empleado,3456000,1000000,303395,95.227787,786.0,2,2,0.0,42738.0,0.0,0.0,0,1,0,1350100.0,Estable,1
4,2025-07-27 17:57:03,1446000.0,6,52,Empleado,1000000,354000,217650,89.979287,823.0,1,2,0.0,13941.0,13941.0,0.0,0,1,0,961885.0,Creciente,1
4,2025-07-27 17:58:03,1838400.0,12,51,Empleado,1680000,70000,147970,95.227787,809.0,1,3,0.0,70.0,70.0,0.0,0,0,1,,,1
9,2025-07-28 09:33:41,5723079.6,9,31,Empleado,9000000,5200000,537560,95.227787,815.0,8,9,0.0,279263.0,279263.0,0.0,7,0,0,8958316.0,Creciente,1
4,2025-07-28 10:27:36,3156720.0,36,39,Empleado,1900000,200000,106550,95.227787,822.0,4,2,0.0,16319.0,16319.0,0.0,1,2,0,1932273.0,Decreciente,1
4,2025-07-28 10:32:04,573600.0,6,24,Empleado,1500000,1000000,86431,88.229786,751.0,1,8,0.0,2069.0,2069.0,0.0,1,0,0,1358556.0,Creciente,1
4,2025-07-28 10:38:39,3744000.0,6,39,Independiente,3470000,6973000,563541,89.979287,809.0,6,2,0.0,33194.0,33194.0,0.0,4,1,0,,,1
4,2025-07-28 10:42:45,1447200.0,6,31,Empleado,1420000,700000,218066,95.227787,716.0,6,3,0.0,803.0,803.0,0.0,0,0,6,1256697.0,Creciente,1
4,2025-07-28 10:47:06,514560.0,6,57,Independiente,908526,2930000,77451,89.979287,835.0,15,3,0.0,121280.0,121280.0,0.0,8,1,2,966736.0,Creciente,1
4,2025-07-28 10:48:16,2116800.0,6,53,Independiente,1000000,6590000,319306,89.2295,822.0,14,6,0.0,182600.0,182600.0,0.0,12,0,1,1000000.0,Estable,1
4,2025-07-28 11:13:38,1435200.0,6,58,Empleado,1500000,932000,216024,95.227787,813.0,12,5,0.0,14141.0,14141.0,0.0,7,0,0,1445454.0,Creciente,1
4,2025-07-28 11:48:33,4920000.0,6,50,Independiente,6000000,1600000,736904,95.227787,807.0,8,7,0.0,198828.0,198828.0,0.0,5,0,0,1500000.0,Estable,1
4,2025-07-28 11:53:08,2400000.0,6,44,Empleado,3210000,903000,359433,95.227787,859.0,6,1,0.0,42112.0,42112.0,0.0,2,0,1,,,1
4,2025-07-28 13:51:18,538560.0,6,32,Independiente,908526,127000,80664,58.597591,793.0,1,3,0.0,0.0,0.0,0.0,0,0,0,794106.0,Decreciente,0
4,2025-07-28 14:24:53,720000.0,6,65,Empleado,2320537,209000,107830,89.2295,845.0,4,6,0.0,13163.0,13163.0,0.0,2,0,1,966736.0,Decreciente,1
10,2025-07-28 15:12:32,10117380.0,36,26,Empleado,2000000,500000,341495,95.227787,683.0,6,3,0.0,14091.0,14091.0,0.0,1,1,1,2062149.0,Creciente,1
4,2025-07-28 16:07:14,514080.0,6,36,Empleado,2342280,1070000,77546,95.227787,756.0,5,5,0.0,10056.0,10056.0,0.0,2,0,1,2900625.0,Creciente,1
4,2025-07-28 16:36:55,7489680.0,36,64,Empleado,2390000,749000,262901,95.227787,817.0,2,5,0.0,39183.0,29193.0,0.0,0,2,0,,,1
4,2025-07-28 16:50:55,904534.8,12,30,Empleado,2654131,682000,73260,95.227787,741.0,6,3,0.0,70821.0,42469.0,0.0,2,3,0,2735889.0,Creciente,1
4,2025-07-28 17:04:56,8188800.0,10,52,Independiente,2000000,1165000,767557,95.227787,913.0,10,2,0.0,61363.0,61363.0,0.0,10,0,0,1909090.0,Estable,1
4,2025-07-28 17:06:25,6240000.0,6,34,Independiente,2552000,659000,942474,95.227787,795.0,6,3,0.0,8745.0,8745.0,0.0,3,0,0,,,1
9,2025-07-28 17:28:42,1082556.0,9,35,Empleado,1000000,700000,101683,95.227787,775.0,9,4,0.0,6172.0,6172.0,0.0,4,0,2,7106275.0,Creciente,1
4,2025-07-28 17:34:20,462913.2,6,37,Empleado,2500000,500000,69754,95.227787,734.0,15,5,0.0,11508.0,11508.0,0.0,3,0,9,,,1
4,2025-07-28 18:21:47,4587300.0,24,50,Empleado,6450000,1310000,206659,95.227787,843.0,6,3,0.0,38135.0,38135.0,0.0,4,0,0,,,1
4,2025-07-28 18:44:51,3853800.0,36,49,Empleado,2000000,1000000,123982,95.227787,815.0,5,9,0.0,3977.0,3977.0,0.0,2,0,2,,,1
4,2025-07-29 09:32:30,720000.0,6,36,Independiente,908526,2723000,108373,95.227787,757.0,22,5,0.0,197589.0,102092.0,0.0,3,13,1,959344.0,Creciente,1
4,2025-07-29 11:18:30,857520.0,6,47,Independiente,3110000,718000,129073,95.227787,804.0,1,1,0.0,61766.0,61766.0,0.0,1,0,0,,,1
4,2025-07-29 11:27:40,1968000.0,6,35,Empleado,2097860,101000,294735,95.227787,831.0,4,5,0.0,2508.0,2508.0,0.0,3,0,1,2000462.0,Creciente,1
4,2025-07-29 12:04:41,4654800.0,18,26,Empleado,1419429,361000,269081,95.227787,747.0,2,2,0.0,4364.0,4364.0,0.0,0,1,1,1409008.0,Decreciente,1
4,2025-07-29 12:59:41,995880.0,6,41,Empleado,4392438,1116000,149898,89.979287,837.0,8,2,0.0,39096.0,39096.0,0.0,4,1,1,3626974.0,Creciente,1
4,2025-07-29 13:25:01,2150400.0,6,59,Independiente,1000000,1554000,323675,95.227787,828.0,4,5,0.0,24617.0,24617.0,0.0,2,0,1,969508.0,Creciente,1
4,2025-07-29 13:56:35,4260360.0,12,29,Independiente,1000000,557000,342911,95.227787,778.0,4,2,0.0,11552.0,11552.0,0.0,1,0,1,963410.0,Creciente,1
4,2025-07-29 14:01:34,1511880.0,6,33,Empleado,733333,0,227566,95.227787,821.0,1,3,0.0,0.0,0.0,0.0,1,0,0,469405.0,Decreciente,1
4,2025-07-29 14:27:35,905593.2,6,48,Empleado,3650000,399000,136779,95.227787,762.0,4,5,0.0,1189.0,1189.0,0.0,0,0,2,,,1
4,2025-07-29 14:46:35,1648836.0,6,60,Independiente,2170000,1221000,246936,95.227787,837.0,5,5,0.0,32776.0,32776.0,0.0,0,1,2,,,1
4,2025-07-29 15:16:36,3360000.0,6,24,Empleado,1000000,229000,505742,95.227787,701.0,3,5,0.0,6273.0,4599.0,0.0,1,0,2,1358333.0,Creciente,1
4,2025-07-29 15:35:26,3974400.0,36,30,Independiente,1400000,168000,137290,95.227787,767.0,11,8,0.0,11314.0,11314.0,0.0,4,0,2,1236666.0,Decreciente,1
4,2025-07-29 15:40:17,2400000.0,6,51,Empleado,9000000,4000000,355848,95.227787,797.0,13,3,0.0,210127.0,179644.0,0.0,7,2,0,,,1
4,2025-07-29 16:11:27,2158800.0,24,45,Empleado,4069878,1228000,100030,95.227787,741.0,2,5,0.0,127559.0,127559.0,0.0,2,0,0,4431202.0,Decreciente,1
4,2025-07-29 17:12:42,2807880.0,6,50,Independiente,908526,4078000,420556,95.227787,800.0,10,11,0.0,252859.0,203616.0,0.0,3,2,2,941789.0,Creciente,1
4,2025-07-29 18:09:30,1199880.0,24,24,Empleado,1670000,149000,54967,95.227787,796.0,3,2,0.0,27986.0,27986.0,0.0,1,0,1,,,1
4,2025-07-29 18:40:58,2137200.0,8,53,Empleado,2500000,1000000,242077,95.227787,887.0,3,4,0.0,3728.0,3728.0,0.0,2,0,0,,,1
4,2025-07-29 18:47:31,3679561.2,6,33,Empleado,6110400,2610000,553842,95.227787,865.0,6,3,0.0,209103.0,209103.0,0.0,3,0,1,5911271.0,Creciente,1
4,2025-07-30 12:36:55,2231880.0,6,27,Empleado,908527,962000,335939,95.227787,748.0,5,6,0.0,4474.0,4474.0,0.0,2,0,2,837596.0,Creciente,1
4,2025-07-30 14:45:58,4637400.0,36,34,Empleado,1000000,536000,160193,95.227787,764.0,3,9,0.0,22510.0,22510.0,0.0,3,0,0,966736.0,Creciente,1
4,2025-07-30 15:07:21,10680000.0,8,36,Independiente,10000000,4200000,1225432,95.227787,787.0,6,9,0.0,72696.0,72696.0,0.0,3,0,1,,,1
4,2025-07-30 15:33:01,1550160.0,6,43,Empleado,2291018,1693000,233328,95.227787,789.0,7,3,0.0,27639.0,27639.0,0.0,5,0,1,1867261.0,Creciente,1
4,2025-07-30 15:47:00,2567880.0,8,27,Empleado,1880000,344000,296503,95.227787,792.0,1,7,0.0,15146.0,15146.0,0.0,0,0,1,,,1
4,2025-07-30 15:59:00,1713360.0,6,56,Independiente,2490000,80000,257892,95.227787,813.0,1,3,0.0,0.0,0.0,0.0,0,0,0,,,1
4,2025-07-30 16:05:08,935880.0,6,30,Empleado,1409000,160000,140867,95.227787,764.0,2,2,0.0,250.0,250.0,0.0,0,0,2,1409000.0,Estable,1
4,2025-07-30 16:52:51,826560.0,6,23,Empleado,1500000,37000,124413,95.227787,752.0,2,5,0.0,71.0,71.0,0.0,0,0,0,383600.0,Creciente,1
4,2025-07-31 10:17:50,7392000.0,6,21,Independiente,66667,715000,1112633,89.2295,727.0,4,3,0.0,5785.0,5785.0,0.0,2,0,0,63618.0,Creciente,1
4,2025-07-31 10:29:06,3272640.0,12,28,Empleado,2086637,230000,261018,95.227787,740.0,3,5,0.0,3123.0,3123.0,0.0,3,0,0,1865394.0,Decreciente,1
4,2025-07-31 10:42:03,2616000.0,6,33,Empleado,3001000,1322000,393757,95.227787,822.0,4,4,0.0,64003.0,64003.0,0.0,3,0,0,2917368.0,Creciente,1
9,2025-07-31 11:35:53,2015264.4,9,39,Independiente,3742000,3742000,189291,95.227787,855.0,5,2,0.0,354676.0,249473.0,0.0,3,0,1,1696500.0,Decreciente,1
4,2025-07-31 11:45:08,1286040.0,8,22,Empleado,746667,203000,148494,95.227787,721.0,4,5,0.0,1261.0,1261.0,0.0,3,0,0,836333.0,Decreciente,1
4,2025-07-31 12:35:38,1740000.0,24,26,Empleado,1700000,900000,78411,95.227787,810.0,3,3,0.0,7357.0,7357.0,0.0,2,0,0,2105767.0,Creciente,1
4,2025-07-31 14:05:46,1187880.0,6,29,Empleado,2100000,1100000,177917,95.227787,808.0,7,1,0.0,58064.0,58064.0,0.0,3,1,0,1775926.0,Decreciente,1
9,2025-07-31 15:00:49,2112126.0,10,41,Empleado,2500000,1000000,180271,95.227787,693.0,7,4,0.0,24107.0,24107.0,0.0,2,1,2,2834550.0,Creciente,1
9,2025-07-31 15:08:49,2110166.4,11,35,Empleado,3300000,1500000,165303,95.227787,804.0,8,3,0.0,54668.0,52936.0,0.0,1,1,3,6242973.0,Creciente,1
4,2025-07-31 15:24:01,1624999.2,6,38,Independiente,2290000,729000,244593,58.597591,754.0,6,3,0.0,6281.0,6281.0,0.0,1,0,1,,,0
4,2025-07-31 16:09:03,2418000.0,6,36,Empleado,4184615,0,365212,95.227787,840.0,2,4,0.0,84170.0,41382.0,0.0,1,1,0,4184615.0,Creciente,1
4,2025-07-31 17:31:43,1612800.0,10,57,Independiente,908526,12000,151193,95.227787,786.0,3,4,0.0,12.0,12.0,0.0,1,0,1,673167.0,Decreciente,1
4,2025-07-31 17:38:27,3956400.0,6,67,Empleado,12000000,3500000,586615,95.227787,903.0,5,0,0.0,201116.0,201116.0,0.0,5,0,0,,,1
9,2025-07-31 17:38:52,1779402.0,2,60,Empleado,3500000,2000000,702635,95.227787,860.0,5,4,0.0,21001.0,21001.0,0.0,2,1,1,4487399.0,Creciente,1
4,2025-07-31 19:02:51,2287200.0,6,29,Independiente,3000000,1000000,339123,95.227787,742.0,4,5,0.0,57777.0,57777.0,0.0,2,0,1,,,1
4,2025-08-01 07:11:16,690720.0,6,60,Empleado,908526,2506000,103966,95.227787,783.0,10,4,0.0,39136.0,39136.0,0.0,6,0,1,969508.0,Creciente,1
4,2025-08-01 10:31:14,1800000.0,8,53,Independiente,4310000,4427000,206510,95.227787,786.0,18,5,0.0,5764.0,5764.0,0.0,2,0,15,,,1
4,2025-08-01 10:44:52,756000.0,6,31,Independiente,1650000,474000,114184,95.227787,707.0,9,4,0.0,2523.0,2523.0,0.0,0,0,7,,,1
4,2025-08-01 11:14:36,639600.0,6,60,Independiente,877803,1030000,96604,95.227787,825.0,7,7,0.0,35746.0,24680.0,0.0,5,1,0,966736.0,Creciente,1
4,2025-08-01 12:21:41,1080000.0,6,33,Independiente,2030000,615000,162911,95.227787,782.0,1,3,0.0,1741.0,1741.0,0.0,0,0,1,,,1
4,2025-08-01 12:23:41,2316000.0,6,42,Independiente,908526,2889000,348636,95.227787,811.0,13,14,0.0,93150.0,93150.0,0.0,9,0,2,966736.0,Creciente,1
4,2025-08-01 14:04:39,1668000.0,6,36,Independiente,1000000,0,251931,95.227787,796.0,1,4,0.0,0.0,0.0,0.0,0,0,0,988889.0,Creciente,1
4,2025-08-01 15:02:49,648000.0,6,39,Independiente,2153758,754000,97872,95.227787,801.0,4,6,0.0,25620.0,25620.0,0.0,3,0,0,2548091.0,Creciente,1
4,2025-08-01 15:10:49,2634000.0,8,34,Empleado,4515214,1762000,305475,95.227787,788.0,6,6,0.0,72734.0,72734.0,0.0,4,0,1,5590796.0,Decreciente,1
9,2025-08-01 16:16:40,4705081.2,10,46,Empleado,1000000,1412000,439933,95.227787,808.0,2,3,0.0,29847.0,29847.0,0.0,1,0,0,893333.0,Creciente,1
4,2025-08-01 17:09:47,1735200.0,6,40,Independiente,908526,649000,261180,95.227787,740.0,5,3,0.0,3041.0,3041.0,0.0,0,0,5,966736.0,Creciente,1
9,2025-08-02 10:21:13,3276768.0,10,52,Independiente,0,0,301612,95.227787,811.0,4,6,0.0,67715.0,13884.0,0.0,2,2,0,966736.0,Creciente,1
9,2025-08-02 10:22:18,2262907.2,10,50,Empleado,3000000,1500000,208290,95.227787,771.0,9,2,0.0,25263.0,25263.0,0.0,4,0,3,,,1
4,2025-08-02 10:41:19,4281480.0,6,53,Independiente,6000000,800000,634814,95.227787,810.0,3,6,0.0,352.0,352.0,0.0,1,0,0,908526.0,Estable,1
4,2025-08-02 11:12:28,2200800.0,6,49,Independiente,877803,1411000,331261,89.2295,874.0,5,3,0.0,25997.0,25997.0,0.0,4,0,0,331671.0,Creciente,1
4,2025-08-02 11:57:27,1014924.0,6,65,Independiente,5820000,1390000,151999,95.227787,861.0,5,3,0.0,87245.0,87245.0,0.0,4,1,0,,,1
9,2025-08-02 12:06:24,3837376.8,11,39,Empleado,1500000,500000,300606,86.830187,773.0,6,0,0.0,52588.0,52588.0,,1,0,2,,,1
4,2025-08-02 13:16:19,1248000.0,12,37,Empleado,3040000,974000,101078,88.229786,796.0,9,9,0.0,39359.0,39359.0,0.0,2,0,2,,,1
4,2025-08-02 15:09:21,1091880.0,6,38,Empleado,1890662,789000,164348,95.227787,792.0,9,4,0.0,79445.0,79445.0,0.0,4,1,1,1913386.0,Creciente,1
9,2025-08-02 16:07:19,3926121.6,10,50,Independiente,4500000,1500000,335096,88.229786,736.0,5,13,0.0,0.0,0.0,0.0,1,0,0,,,1
4,2025-08-02 16:23:23,3445440.0,6,42,Empleado,3640000,106000,510808,58.597591,780.0,2,1,0.0,0.0,0.0,0.0,1,0,0,,,0
10,2025-08-02 16:53:24,600000.0,6,52,Empleado,2171000,612000,90311,95.227787,738.0,5,3,0.0,18323.0,15332.0,0.0,1,2,2,,,1
9,2025-08-02 16:57:59,4812000.0,12,32,Empleado,2984250,7251000,334167,-9.392871,731.0,9,8,0.0,202363.0,202363.0,0.0,7,0,0,3020655.0,Creciente,0
9,2025-08-02 16:58:20,936592.8,11,46,Empleado,3100000,1550000,73369,95.227787,748.0,5,7,0.0,8223.0,8223.0,0.0,4,0,0,961885.0,Creciente,1
4,2025-08-02 17:32:25,723241.2,10,39,Empleado,5264067,1720000,67791,95.227787,774.0,16,10,0.0,215906.0,189519.0,0.0,8,0,5,5874130.0,Creciente,1
4,2025-08-03 10:33:45,1872000.0,12,39,Independiente,30285,663000,151265,95.227787,803.0,4,3,0.0,16138.0,16138.0,0.0,3,0,0,30285.0,Estable,1
4,2025-08-03 12:42:12,2482800.0,6,29,Empleado,1272748,266000,374996,95.227787,781.0,11,3,0.0,37512.0,37512.0,0.0,9,0,1,1181401.0,Creciente,1
4,2025-08-03 14:27:36,672000.0,6,32,Empleado,1429092,60000,101148,95.227787,765.0,1,6,0.0,180.0,180.0,0.0,0,0,1,1413452.0,Creciente,1
4,2025-08-03 14:33:26,459600.0,6,29,Independiente,1000000,4799000,69178,95.227787,742.0,8,11,0.0,16892.0,16892.0,0.0,2,2,0,972557.0,Creciente,1
4,2025-08-03 15:51:07,1264800.0,12,53,Independiente,30285,723000,102439,95.227787,766.0,10,16,0.0,43188.0,43188.0,0.0,3,1,6,30285.0,Estable,1
4,2025-08-03 16:58:25,4512000.0,36,38,Empleado,2600000,430000,156667,6.795375,788.0,3,3,0.0,52948.0,52948.0,0.0,3,0,0,1696166.0,Decreciente,0
4,2025-08-03 19:19:11,1403880.0,12,62,Empleado,1000000,717000,112996,95.227787,793.0,4,6,0.0,32057.0,32057.0,0.0,4,0,0,1000000.0,Estable,1
9,2025-08-04 09:49:15,2654108.4,9,41,Empleado,4500000,1000000,249296,95.227787,798.0,2,5,0.0,0.0,0.0,0.0,0,0,0,4225393.0,Creciente,1
4,2025-08-04 10:30:42,6318120.0,24,41,Empleado,4107418,1237000,289435,95.227787,806.0,13,4,0.0,22216.0,22216.0,0.0,3,0,7,4244642.0,Creciente,1
4,2025-08-04 12:04:10,1671240.0,6,48,Empleado,1524547,498000,252420,95.227787,837.0,4,4,0.0,15782.0,15782.0,0.0,3,0,0,1536193.0,Creciente,1
4,2025-08-04 12:41:31,3744000.0,36,26,Empleado,2500000,15,130000,47.613894,720.0,2,3,0.0,5221.0,5221.0,0.0,1,1,0,30285.0,Creciente,0
9,2025-08-04 14:01:10,2211553.2,10,37,Independiente,3000000,1500000,188757,95.227787,767.0,3,3,0.0,70.0,70.0,0.0,0,0,0,961885.0,Creciente,1
4,2025-08-04 14:03:34,4032000.0,6,30,Independiente,1000000,856000,606891,89.2295,773.0,6,3,0.0,10495.0,10495.0,0.0,1,2,1,969666.0,Creciente,1
4,2025-08-04 14:20:18,1091880.0,6,55,Empleado,1911153,410000,164348,95.227787,695.0,7,5,0.0,9338.0,9338.0,0.0,5,0,0,2097374.0,Creciente,1
4,2025-08-04 14:24:04,1497600.0,6,46,Empleado,1356096,818000,225903,95.227787,788.0,7,5,0.0,29216.0,29216.0,0.0,3,0,1,1376101.0,Decreciente,1
4,2025-08-04 15:12:09,4800000.0,8,29,Empleado,1111122,15000,550693,95.227787,740.0,4,3,0.0,1964.0,1964.0,0.0,1,0,1,1168530.0,Creciente,1
4,2025-08-04 15:16:09,1485864.0,6,55,Independiente,3000000,1000000,220289,95.227787,802.0,2,0,0.0,0.0,0.0,0.0,2,0,0,,,1
10,2025-08-04 15:26:00,738600.0,6,42,Empleado,1200000,500000,110625,95.227787,713.0,12,6,0.0,23484.0,23484.0,0.0,3,0,7,1452950.0,Creciente,1
4,2025-08-04 15:38:09,1963200.0,6,50,Independiente,2362000,585000,294016,95.227787,912.0,2,3,0.0,0.0,0.0,0.0,1,0,1,,,1
4,2025-08-04 15:38:10,2582580.0,12,52,Empleado,3810000,3000,205981,95.227787,873.0,3,3,0.0,0.0,0.0,0.0,2,0,1,,,1
4,2025-08-04 16:00:10,3623280.0,6,45,Independiente,1920000,6102000,542636,95.227787,839.0,15,3,0.0,106095.0,106095.0,0.0,8,0,0,1920000.0,Estable,1
4,2025-08-04 17:09:00,3399600.0,24,32,Empleado,3170738,1498000,118042,-4.258677,784.0,9,4,0.0,36139.0,36139.0,0.0,2,3,2,3538110.0,Creciente,0
4,2025-08-04 18:04:13,2697600.0,6,44,Empleado,3087000,1878000,404003,89.979287,772.0,6,3,0.0,101616.0,101616.0,0.0,5,0,1,3038000.0,Creciente,1
4,2025-08-04 18:18:13,3708720.0,6,30,Empleado,9350000,5074000,558231,95.227787,705.0,10,12,0.0,339597.0,339597.0,0.0,4,0,1,6947050.0,Creciente,1
4,2025-08-05 08:58:54,3686700.0,36,35,Empleado,2056700,572000,128639,95.227787,782.0,5,5,0.0,3403.0,3403.0,0.0,3,1,0,2050969.0,Creciente,1
4,2025-08-05 10:06:12,3168000.0,6,49,Independiente,4690000,3306000,476843,95.227787,779.0,6,12,0.0,55413.0,55413.0,0.0,5,0,0,,,1
4,2025-08-05 10:06:12,1319091.6,6,53,Independiente,3660000,573000,198767,95.227787,804.0,1,2,0.0,8560.0,8560.0,0.0,1,0,0,,,1
4,2025-08-05 10:38:11,2646000.0,24,38,Empleado,1340000,534000,91875,95.227787,774.0,7,7,0.0,7939.0,7939.0,0.0,4,0,2,,,1
4,2025-08-05 10:39:29,1954680.0,6,33,Independiente,1363187,170000,292767,95.227787,780.0,2,0,0.0,583.0,583.0,0.0,1,0,1,1340683.0,Creciente,1
4,2025-08-05 11:31:25,3168000.0,6,33,Independiente,4650000,3351000,476890,89.979287,723.0,10,11,0.0,15639.0,15639.0,0.0,5,0,3,,,1
4,2025-08-05 11:42:27,1466040.0,6,25,Independiente,2700000,0,220666,95.227787,734.0,2,5,0.0,2677.0,2677.0,0.0,1,0,0,3415500.0,Decreciente,1
4,2025-08-05 11:55:11,1440000.0,12,41,Empleado,1000000,1223000,116358,95.227787,793.0,7,6,0.0,32795.0,32795.0,0.0,4,0,1,800000.0,Decreciente,1
4,2025-08-05 11:55:38,2915880.0,6,51,Empleado,2872000,6076000,438894,89.979287,865.0,8,0,0.0,329655.0,329655.0,0.0,7,0,0,2624666.0,Creciente,1
4,2025-08-05 12:04:04,955200.0,6,54,Independiente,2460000,0,143790,95.227787,780.0,3,3,0.0,5981.0,1130.0,0.0,0,0,1,,,1
4,2025-08-05 12:05:27,6000000.0,6,62,Empleado,4398643,3302000,898583,95.227787,830.0,8,3,0.0,169864.0,169864.0,0.0,7,0,0,4515819.0,Creciente,1
4,2025-08-05 12:31:44,919010.4,6,26,Independiente,1200000,235000,138342,95.227787,789.0,2,1,0.0,14507.0,14507.0,0.0,0,0,1,1474563.0,Creciente,1
4,2025-08-05 13:07:16,668400.0,8,28,Empleado,2000000,100000,77286,95.227787,724.0,8,8,0.0,15335.0,15335.0,0.0,1,0,7,1451277.0,Creciente,1
4,2025-08-05 14:14:20,600000.0,6,34,Independiente,801565,969000,90506,95.227787,786.0,7,4,0.0,29768.0,29768.0,0.0,2,2,1,801565.0,Decreciente,1
4,2025-08-05 16:38:10,5047422.0,6,32,Independiente,20000000,8000000,755989,95.227787,686.0,5,5,0.0,50027.0,50027.0,0.0,2,0,1,1000000.0,Estable,1
4,2025-08-05 16:38:37,802800.0,6,35,Empleado,1000000,1665000,121097,95.227787,722.0,11,5,0.0,55992.0,55992.0,0.0,7,1,1,966736.0,Creciente,1
4,2025-08-05 17:37:25,2579880.0,12,37,Empleado,3469151,3254000,207651,95.227787,777.0,13,8,0.0,15575.0,15575.0,0.0,5,0,6,3462331.0,Creciente,1
4,2025-08-05 17:38:25,1187880.0,6,61,Empleado,1000000,0,178798,95.227787,885.0,1,7,0.0,0.0,0.0,0.0,0,0,0,969508.0,Creciente,1
4,2025-08-05 17:48:26,2491200.0,36,44,Empleado,2700000,595000,87445,95.227787,761.0,4,11,0.0,21179.0,21179.0,0.0,2,0,1,499689.0,Creciente,1
4,2025-08-05 18:49:27,1647121.2,6,32,Empleado,1890000,205000,247922,95.227787,723.0,4,6,0.0,74532.0,6000.0,0.0,0,2,1,,,1
4,2025-08-05 19:00:27,2289600.0,18,48,Independiente,1920000,472000,129486,95.227787,765.0,5,4,0.0,13786.0,3484.0,0.0,0,2,3,,,1
9,2025-08-06 09:52:47,1119537.6,8,45,Empleado,4000000,2000000,117168,95.227787,838.0,5,2,0.0,17638.0,17638.0,0.0,4,0,0,3440441.0,Creciente,1
4,2025-08-06 11:19:08,3878400.0,24,58,Empleado,1000000,305000,134667,-16.250449,781.0,2,7,0.0,4492.0,4492.0,0.0,1,0,1,982116.0,Creciente,0
9,2025-08-06 11:58:50,1296931.2,10,34,Empleado,1500000,800000,110694,95.227787,790.0,2,5,0.0,4031.0,4031.0,0.0,0,1,0,1339361.0,Creciente,1
4,2025-08-06 12:08:01,1979818.8,12,33,Empleado,2278397,1081000,159353,95.227787,813.0,12,6,0.0,17698.0,17698.0,0.0,2,2,1,2208915.0,Creciente,1
4,2025-08-06 13:27:03,2454720.0,18,31,Empleado,1076667,149000,140644,95.227787,793.0,2,6,0.0,500.0,500.0,0.0,1,0,0,33334.0,Creciente,1
4,2025-08-06 14:26:04,4031880.0,6,40,Empleado,10700000,3967000,606873,95.227787,887.0,7,5,0.0,65548.0,65548.0,0.0,5,0,0,7480200.0,Creciente,1
9,2025-08-06 16:31:46,6631657.2,9,40,Independiente,5200000,3200000,622902,95.227787,702.0,12,12,0.0,173413.0,173413.0,0.0,4,0,5,870929.0,Decreciente,1
9,2025-08-06 17:00:46,2896803.6,10,43,Empleado,3000000,900000,247243,95.227787,841.0,3,4,0.0,37574.0,0.0,0.0,0,1,0,949181.0,Creciente,1
4,2025-08-07 07:01:37,2448000.0,12,27,Empleado,1000001,147000,195247,95.227787,777.0,6,8,0.0,3467.0,3467.0,0.0,2,0,2,1069739.0,Creciente,1
4,2025-08-07 07:01:38,1064038.8,6,34,Empleado,2625000,1388000,160158,95.227787,808.0,5,10,0.0,96986.0,96986.0,0.0,3,0,1,2625000.0,Estable,1
4,2025-08-07 09:52:43,1728000.0,6,45,Empleado,2300000,1510000,260096,95.227787,811.0,3,5,0.0,61135.0,61135.0,0.0,3,0,0,2300000.0,Estable,1
4,2025-08-07 09:59:52,4488000.0,8,64,Independiente,877803,841000,518211,95.227787,816.0,3,0,0.0,7642.0,7642.0,0.0,2,0,0,1016667.0,Decreciente,1
4,2025-08-07 10:04:15,2420460.0,6,49,Independiente,908526,3105000,364324,95.227787,810.0,10,10,0.0,157008.0,157008.0,0.0,5,0,3,966736.0,Creciente,1
4,2025-08-07 10:13:41,541266.0,6,32,Empleado,1700000,306000,81471,95.227787,860.0,2,3,0.0,302.0,302.0,0.0,1,1,0,1671388.0,Creciente,1
4,2025-08-07 10:21:31,514080.0,6,32,Independiente,1845379,1902000,77546,89.979287,742.0,12,7,0.0,40163.0,40163.0,0.0,4,0,1,1734735.0,Decreciente,1
4,2025-08-07 11:39:44,3547200.0,12,40,Empleado,2500000,980000,277804,36.619474,765.0,9,6,0.0,12390.0,12390.0,0.0,4,0,3,39948.0,Decreciente,0
4,2025-08-07 12:01:34,769680.0,6,34,Independiente,817776,174000,115851,95.227787,755.0,3,3,0.0,8295.0,3457.0,0.0,0,2,1,817776.0,Decreciente,1
4,2025-08-07 14:05:08,1591861.2,6,43,Independiente,2000000,400000,236025,95.227787,818.0,4,3,0.0,4726.0,4726.0,0.0,2,0,2,,,1
4,2025-08-07 15:11:54,2772000.0,6,47,Independiente,2800000,150000,417699,95.227787,875.0,3,2,0.0,473.0,473.0,0.0,1,0,1,,,1
9,2025-08-07 15:36:26,2045724.0,4,35,Empleado,3500000,1000000,411896,95.227787,837.0,6,11,0.0,43598.0,43598.0,0.0,3,0,0,934661.0,Creciente,1
9,2025-08-07 16:16:27,2646760.8,9,40,Empleado,10000000,4000000,248606,95.227787,765.0,13,6,0.0,124752.0,124752.0,0.0,10,0,0,13978732.0,Creciente,1
9,2025-08-07 16:26:37,2054218.8,8,66,Empleado,3000000,1500000,214989,95.227787,806.0,4,0,0.0,18473.0,18473.0,0.0,2,0,1,1135851.0,Estable,1
9,2025-08-07 16:27:27,2860207.2,11,54,Empleado,3100000,2000000,224058,95.227787,821.0,2,5,0.0,508.0,508.0,0.0,1,0,1,1000000.0,9147,1
4,2025-08-07 16:36:52,2311200.0,6,26,Empleado,893164,2284000,346134,95.227787,696.0,8,9,0.0,10046.0,10046.0,0.0,3,0,2,1660746.0,Creciente,1
4,2025-08-07 16:39:30,1965294.0,12,25,Empleado,1000001,347000,158184,95.227787,734.0,4,4,0.0,1658.0,1658.0,0.0,1,0,0,1008324.0,Creciente,1
4,2025-08-07 17:31:11,600000.0,6,62,Independiente,2100000,730000,90311,95.227787,848.0,7,1,0.0,8386.0,8386.0,0.0,3,0,2,,,1
9,2025-08-07 17:35:28,3509618.4,11,41,Empleado,6000000,4200000,280908,95.227787,814.0,11,7,0.0,205453.0,205453.0,0.0,6,0,0,,,1
9,2025-08-07 17:41:28,1581631.2,5,49,Empleado,3000000,1200000,257260,95.227787,879.0,3,3,0.0,43122.0,43122.0,0.0,3,0,0,1941742.0,Creciente,1
4,2025-08-07 17:56:38,2008560.0,6,46,Independiente,908526,1902000,302326,95.227787,729.0,11,6,0.0,47776.0,47776.0,0.0,2,0,5,733487.0,Creciente,1
4,2025-08-07 18:56:33,511200.0,6,22,Empleado,908526,564000,76559,95.227787,707.0,6,8,0.0,5824.0,5824.0,0.0,3,0,2,809634.0,Decreciente,1
4,2025-08-08 09:14:30,2400000.0,12,37,Empleado,1702000,537000,193173,95.227787,771.0,7,4,0.0,11673.0,11673.0,0.0,2,1,3,2027738.0,Decreciente,1
4,2025-08-08 09:51:23,4569600.0,6,47,Independiente,1700000,10411000,687810,95.227787,802.0,11,7,0.0,611705.0,611705.0,0.0,8,0,1,1700000.0,Estable,1
4,2025-08-08 10:21:10,2719200.0,8,60,Independiente,909000,789000,313975,95.227787,728.0,11,4,0.0,15339.0,15339.0,0.0,2,0,7,967545.0,Creciente,1
4,2025-08-08 11:12:03,8400000.0,36,35,Empleado,5000000,1200000,270239,95.227787,762.0,3,4,0.0,674.0,674.0,0.0,0,0,0,,,1
4,2025-08-08 11:26:08,4836240.0,6,35,Empleado,4000000,500000,717069,95.227787,746.0,5,5,0.0,257367.0,257367.0,0.0,4,0,0,3644444.0,Decreciente,1
4,2025-08-08 11:53:22,4950000.0,6,29,Independiente,1900000,282000,745067,95.227787,725.0,5,8,0.0,2353.0,2353.0,0.0,0,0,3,,,1
4,2025-08-08 12:21:42,8400000.0,6,53,Empleado,2090000,1014000,1166667,95.227787,802.0,7,6,0.0,82662.0,82662.0,0.0,5,0,2,,,1
9,2025-08-08 12:23:36,2280516.0,9,54,Independiente,5000000,2000000,214206,95.227787,763.0,12,4,0.0,172614.0,109392.0,0.0,6,3,2,2941470.0,Creciente,1
4,2025-08-08 12:32:43,459999.6,6,53,Independiente,1000000,183000,69238,95.227787,817.0,5,3,0.0,619.0,619.0,0.0,2,0,0,969508.0,Creciente,1
4,2025-08-08 12:47:07,3096000.0,6,57,Independiente,1000000,969000,466005,95.227787,718.0,7,8,0.0,82173.0,12173.0,0.0,4,0,1,969508.0,Creciente,1
4,2025-08-08 12:50:54,2662800.0,6,24,Empleado,4300000,1000000,394813,95.227787,728.0,5,3,0.0,28423.0,28423.0,0.0,2,1,2,1423272.0,Creciente,1
4,2025-08-08 13:15:22,2340600.0,6,58,Empleado,2500000,1000000,347040,95.227787,801.0,3,6,0.0,348.0,348.0,0.0,2,0,0,2838143.0,Creciente,1
4,2025-08-08 13:42:20,2350920.0,8,68,Empleado,2500000,450000,266285,95.227787,871.0,9,4,0.0,88123.0,88123.0,0.0,5,0,2,2454774.0,Creciente,1
9,2025-08-08 14:16:28,967864.8,10,37,Empleado,1500000,800000,82608,95.227787,828.0,2,2,0.0,12290.0,12290.0,0.0,0,1,0,,,1
4,2025-08-08 14:30:36,2797798.8,6,28,Empleado,3123000,1000000,414829,95.227787,695.0,8,7,0.0,27567.0,27567.0,0.0,3,0,3,3050000.0,Creciente,1
4,2025-08-08 14:34:47,2280000.0,6,53,Independiente,1000000,1283000,343182,95.227787,780.0,6,5,0.0,33446.0,33446.0,0.0,2,1,1,1000000.0,Estable,1
4,2025-08-08 15:33:41,2626800.0,6,38,Empleado,3000000,1500000,389475,95.227787,828.0,3,10,0.0,38303.0,38303.0,0.0,2,0,0,,,1
4,2025-08-08 15:50:51,1724580.0,6,31,Empleado,2000000,600000,255703,95.227787,817.0,3,5,0.0,0.0,0.0,0.0,1,0,0,1031148.0,Creciente,1
4,2025-08-08 15:53:21,1041120.0,18,54,Empleado,1800000,800000,57363,95.227787,775.0,3,4,0.0,20342.0,20342.0,0.0,3,0,0,961885.0,Creciente,1
4,2025-08-08 16:26:11,2003580.0,8,39,Empleado,3000000,1500000,226942,95.227787,810.0,5,7,0.0,770.0,770.0,0.0,2,0,2,961885.0,Creciente,1
9,2025-08-08 16:33:31,5964140.399999999,10,36,Independiente,3000000,1600000,509041,95.227787,775.0,4,6,0.0,58423.0,58423.0,0.0,2,0,1,961885.0,Creciente,1
4,2025-08-08 16:52:16,1385400.0,6,67,Independiente,4500000,1000000,205413,95.227787,826.0,6,3,0.0,161983.0,161983.0,0.0,3,0,2,,,1
4,2025-08-08 16:54:02,2585400.0,8,59,Independiente,3500000,1200000,292844,95.227787,803.0,8,3,0.0,13779.0,13779.0,0.0,2,0,4,30285.0,Estable,1
4,2025-08-08 17:49:28,1724580.0,8,42,Empleado,2500000,900000,195340,95.227787,735.0,10,8,0.0,75360.0,72286.0,0.0,4,0,1,,,1
4,2025-08-08 18:22:14,2400000.0,6,44,Empleado,4170000,1000000,355848,95.227787,811.0,7,4,0.0,10201.0,10201.0,0.0,6,0,0,,,1
4,2025-08-08 18:25:52,2340600.0,6,52,Empleado,8000000,4000000,347040,95.227787,760.0,22,15,0.0,437035.0,437035.0,0.0,15,1,2,5885289.0,Creciente,1
9,2025-08-09 09:55:25,2272640.4,11,53,Empleado,2500000,1500000,178031,95.227787,778.0,9,4,0.0,42647.0,42647.0,0.0,5,1,2,2166667.0,Creciente,1
9,2025-08-09 10:36:26,4825893.6,6,61,Independiente,6000000,3000000,660519,95.227787,882.0,12,12,0.0,295104.0,295104.0,0.0,11,0,0,24047145.0,Creciente,1
4,2025-08-09 11:25:45,2492400.0,6,30,Empleado,2599000,0,373271,95.227787,706.0,5,5,0.0,1625.0,1625.0,0.0,2,0,1,1558400.0,Creciente,1
4,2025-08-09 11:33:45,1200000.0,6,21,Empleado,635969,0,180622,95.227787,783.0,1,5,0.0,0.0,0.0,0.0,1,0,0,853297.0,Creciente,1
9,2025-08-09 11:42:28,4789905.6,10,41,Empleado,3000000,700000,408820,95.227787,823.0,1,2,0.0,12294.0,12294.0,0.0,1,0,0,920861.0,Creciente,1
4,2025-08-09 12:29:42,1440000.0,6,57,Independiente,3000000,1000000,213509,95.227787,773.0,7,4,0.0,26041.0,26041.0,0.0,3,0,2,,,1
4,2025-08-09 12:58:49,1795200.0,8,37,Empleado,5556892,1441000,208196,95.227787,788.0,7,5,0.0,213839.0,10839.0,0.0,3,1,1,5506662.0,Creciente,1
4,2025-08-09 13:00:44,3064280.4,6,68,Independiente,1000000,22005000,461231,95.227787,814.0,11,8,0.0,211775.0,211775.0,0.0,6,3,0,969508.0,Creciente,1
4,2025-08-09 13:11:03,1724580.0,24,35,Empleado,1800000,650000,75126,95.227787,788.0,4,2,0.0,2564.0,2564.0,0.0,2,0,1,,,1
4,2025-08-09 14:22:07,2019600.0,6,31,Empleado,1000000,1137000,302463,95.227787,759.0,9,7,0.0,5619.0,5619.0,0.0,1,0,3,1000000.0,Estable,1
9,2025-08-09 14:23:21,3480661.2,10,49,Empleado,10210000,2058000,297076,95.227787,809.0,11,6,0.0,88080.0,88080.0,0.0,6,1,1,,,1
10,2025-08-09 15:31:51,504480.0,6,26,Empleado,4734155,497000,75934,95.227787,723.0,7,9,0.0,7950.0,6704.0,0.0,2,0,4,1320000.0,Creciente,1
4,2025-08-09 15:53:51,2654041.2,8,65,Independiente,3750000,123000,306451,95.227787,902.0,5,3,0.0,28690.0,64.0,0.0,1,0,2,,,1
4,2025-08-09 15:56:06,1996500.0,18,34,Independiente,2800000,900000,110002,95.227787,770.0,4,6,0.0,186.0,186.0,0.0,2,0,1,,,1
4,2025-08-09 16:06:48,3936000.0,6,59,Independiente,2500000,6860000,592441,95.227787,858.0,16,3,0.0,236132.0,177644.0,0.0,12,0,2,2500000.0,Estable,1
4,2025-08-09 16:10:48,673596.0,6,22,Empleado,1900000,450000,99874,95.227787,687.0,4,1,0.0,431.0,431.0,0.0,1,0,2,,,1
9,2025-08-09 16:15:34,5128486.8,10,65,Empleado,154014666,75633000,437718,47.613894,902.0,7,3,0.0,299842.0,151259.0,0.0,5,0,2,6047155.0,Creciente,0
4,2025-08-09 16:32:52,1518958.8,6,58,Empleado,1763178,347000,228631,95.227787,610.0,2,0,0.0,38383.0,2569.0,0.0,0,1,1,,,1
4,2025-08-09 16:40:53,3200160.0,6,36,Empleado,1000000,582000,481683,95.227787,741.0,4,4,0.0,59436.0,59436.0,0.0,1,0,0,969508.0,Creciente,1
4,2025-08-09 16:53:27,912000.0,6,52,Independiente,1000000,1685000,137273,95.227787,773.0,9,5,0.0,44117.0,44117.0,0.0,7,0,0,969508.0,Creciente,1
4,2025-08-09 18:55:35,3114598.8,6,52,Independiente,1000000,760000,468805,95.227787,864.0,5,3,0.0,678.0,678.0,0.0,4,0,0,969508.0,Creciente,1
4,2025-08-10 08:25:14,2565900.0,18,28,Empleado,1380000,0,145112,95.227787,728.0,3,5,0.0,7224.0,7224.0,0.0,1,1,0,928193.0,Creciente,1
4,2025-08-10 09:10:30,600000.0,6,66,Independiente,500000,854000,90623,95.227787,811.0,2,5,0.0,20797.0,20797.0,0.0,0,1,0,484754.0,Creciente,1
4,2025-08-10 09:55:05,2472000.0,12,26,Independiente,1491774,462000,200216,95.227787,765.0,5,6,0.0,13678.0,13678.0,0.0,3,0,1,447533.0,Creciente,1
9,2025-08-10 09:57:51,4493617.2,6,29,Independiente,1000000,196000,621726,95.227787,811.0,4,2,0.0,91997.0,80013.0,0.0,1,1,1,972557.0,Creciente,1
4,2025-08-10 09:58:54,1632000.0,6,34,Independiente,1910000,1214000,245671,95.227787,728.0,4,4,0.0,14574.0,14574.0,0.0,2,0,1,,,1
4,2025-08-10 10:05:53,764400.0,6,37,Independiente,2200000,938000,115056,95.227787,752.0,10,4,0.0,12596.0,12596.0,0.0,3,0,4,,,1
9,2025-08-10 10:52:52,856969.2,9,39,Empleado,1547450,0,80494,95.227787,773.0,3,4,0.0,353.0,353.0,0.0,2,0,0,1399000.0,Creciente,1
4,2025-08-10 10:53:16,4100400.0,24,66,Empleado,2220001,0,187902,95.227787,875.0,5,3,0.0,0.0,0.0,0.0,3,1,1,969508.0,Creciente,1
4,2025-08-10 11:03:47,653323.2,6,43,Independiente,1330743,599000,98446,95.227787,775.0,4,13,0.0,46520.0,46520.0,0.0,2,0,0,1327356.0,Creciente,1
4,2025-08-10 11:03:59,633600.0,6,21,Empleado,1100000,300000,95474,95.227787,702.0,2,4,0.0,9852.0,9852.0,0.0,1,0,1,1200294.0,Creciente,1
4,2025-08-10 11:14:38,5071200.0,6,41,Empleado,5000000,1000000,751906,95.227787,788.0,4,2,0.0,7295.0,7295.0,0.0,0,0,3,,,1
4,2025-08-10 11:39:08,4094400.0,6,45,Empleado,3500000,950000,607076,95.227787,901.0,4,11,0.0,0.0,0.0,0.0,1,0,0,7059391.0,Creciente,1
4,2025-08-10 11:45:40,2805241.2,6,43,Empleado,1200000,1052000,422283,95.227787,840.0,7,5,0.0,28205.0,28205.0,0.0,6,0,0,1110909.0,Creciente,1
4,2025-08-10 12:36:37,2135580.0,6,66,Empleado,1000000,1066000,319861,95.227787,860.0,10,4,0.0,55685.0,55685.0,0.0,9,0,0,969508.0,Creciente,1
4,2025-08-10 12:40:02,9630000.0,6,122,Empleado,233149200,213591179,1449638,95.227787,0.0,0,0,,,,,0,0,0,,,1
4,2025-08-10 12:41:23,2433957.6,6,38,Empleado,2000000,600000,360882,95.227787,775.0,9,6,0.0,59332.0,59332.0,0.0,3,1,0,2061780.0,Decreciente,1
9,2025-08-10 13:03:45,2381686.8,9,57,Empleado,908526,139000,223708,95.227787,877.0,7,3,0.0,7278.0,7278.0,0.0,3,0,0,732877.0,Creciente,1
4,2025-08-10 13:55:07,1390800.0,12,48,Empleado,2000000,600000,108923,95.227787,786.0,8,7,0.0,7699.0,7699.0,0.0,4,0,2,1825198.0,Creciente,1
4,2025-08-10 14:10:48,3851640.0,8,37,Independiente,10000000,3500000,436269,95.227787,813.0,8,4,0.0,261740.0,261740.0,0.0,5,0,1,2612888.0,Creciente,1
4,2025-08-10 14:23:02,3461700.0,6,57,Independiente,3500000,1500000,513266,95.227787,843.0,4,3,0.0,3366.0,3366.0,0.0,2,0,1,,,1
4,2025-08-10 14:28:57,996072.0,6,46,Empleado,3400000,1000000,147687,95.227787,778.0,6,4,0.0,213981.0,213981.0,0.0,4,0,0,965763.0,Creciente,1
4,2025-08-10 14:37:05,583801.2,6,29,Empleado,2000000,600000,86560,95.227787,745.0,3,2,0.0,27253.0,27253.0,0.0,1,0,1,958421.0,Creciente,1
4,2025-08-10 15:04:33,2112000.0,6,57,Empleado,1100000,1177000,316301,95.227787,744.0,11,8,0.0,9848.0,9848.0,0.0,1,0,8,1000000.0,Estable,1
4,2025-08-10 15:07:12,636000.0,6,65,Independiente,954263,1127000,95739,95.227787,868.0,5,9,0.0,16556.0,16556.0,0.0,5,0,0,954263.0,Creciente,1
4,2025-08-10 15:08:57,858384.0,6,32,Empleado,1504479,562000,128566,95.227787,805.0,1,3,0.0,24927.0,24927.0,0.0,1,0,0,1509975.0,Creciente,1
4,2025-08-10 15:09:50,615085.2,6,31,Empleado,908526,192000,91507,95.227787,767.0,4,2,0.0,1544.0,1544.0,0.0,0,1,0,807578.0,Creciente,1
4,2025-08-10 15:23:50,3488659.2,6,45,Independiente,1620000,0,525160,95.227787,789.0,2,2,0.0,3177.0,0.0,0.0,2,0,0,,,1
4,2025-08-10 15:51:55,1962823.2,6,44,Independiente,2240000,366000,295441,95.227787,805.0,2,3,0.0,19799.0,19799.0,0.0,0,1,0,,,1
4,2025-08-10 15:53:09,2019600.0,6,64,Empleado,3000000,1000000,299446,95.227787,874.0,1,3,0.0,0.0,0.0,0.0,1,0,0,1033825.0,Creciente,1
4,2025-08-10 16:04:22,3014400.0,24,51,Independiente,1000000,4753000,138090,95.227787,865.0,5,4,0.0,7757.0,7757.0,0.0,1,0,0,992727.0,Creciente,1
4,2025-08-10 16:06:41,2016840.0,6,39,Empleado,3500000,230000,299037,95.227787,796.0,7,4,0.0,131035.0,131035.0,0.0,4,0,2,2427109.0,Creciente,1
9,2025-08-10 16:51:33,7200000.0,12,49,Empleado,5441600,3312000,500000,5.474216,657.0,8,0,2291.0,19068.0,19068.0,,0,0,5,,,0
4,2025-08-10 16:56:56,2459640.0,6,66,Empleado,2500000,300000,364690,95.227787,840.0,7,3,0.0,11171.0,11171.0,0.0,1,1,1,1096886.0,Creciente,1
4,2025-08-10 16:59:24,4370520.0,6,60,Empleado,2500000,300000,648016,95.227787,790.0,2,1,0.0,2059.0,2059.0,0.0,1,0,0,,,1
4,2025-08-10 17:18:09,2842560.0,24,39,Empleado,1800000,600000,128096,95.227787,841.0,5,4,0.0,16303.0,16303.0,0.0,4,0,0,1693236.0,Creciente,1
4,2025-08-10 18:08:59,1916544.0,8,44,Empleado,7148148,798000,219906,95.227787,749.0,6,2,0.0,20707.0,5310.0,0.0,2,0,1,6735779.0,Creciente,1
9,2025-08-10 18:10:52,4767078.0,11,53,Empleado,3100000,1550000,373436,89.2295,804.0,9,4,0.0,65376.0,65376.0,0.0,3,2,3,961885.0,Creciente,1
4,2025-08-10 18:28:22,2752800.0,6,37,Independiente,1000000,2007000,415779,95.227787,689.0,6,5,0.0,15676.0,15676.0,0.0,3,0,2,851937.0,Creciente,1
4,2025-08-11 10:15:18,1534020.0,6,53,Independiente,2090000,0,230921,95.227787,782.0,1,1,0.0,0.0,0.0,0.0,0,0,0,,,1
4,2025-08-11 10:47:10,1200000.0,6,48,Empleado,2515453,397000,180622,95.227787,849.0,5,5,0.0,2852.0,2852.0,0.0,1,0,2,2502746.0,Creciente,1
10,2025-08-11 11:32:21,1656368.4,24,41,Empleado,2699000,1988000,75904,95.227787,766.0,9,11,0.0,82331.0,82331.0,0.0,5,0,3,3035599.0,Decreciente,1
4,2025-08-11 11:59:23,2230800.0,6,41,Empleado,5082586,3477000,336148,95.227787,818.0,4,3,0.0,52233.0,52233.0,0.0,2,0,0,5336697.0,Creciente,1
4,2025-08-11 12:04:01,2736000.0,6,61,Independiente,2000000,1509000,411819,95.227787,838.0,6,0,0.0,3483.0,3483.0,0.0,4,0,0,2000000.0,Estable,1
4,2025-08-11 13:40:05,1620060.0,6,68,Independiente,2900000,2658000,242626,95.227787,884.0,6,4,0.0,45528.0,45528.0,0.0,3,0,0,,,1
4,2025-08-11 14:27:06,1056360.0,6,54,Independiente,12320000,9092000,158204,95.227787,870.0,7,5,0.0,34676.0,6890.0,0.0,3,0,1,,,1
4,2025-08-11 15:18:14,4005600.0,12,50,Independiente,2040000,560000,319478,95.227787,747.0,5,6,0.0,1310.0,1310.0,0.0,0,0,2,615779.0,Creciente,1
4,2025-08-11 15:27:08,3726000.0,6,63,Empleado,1000000,0,562766,95.227787,850.0,2,0,0.0,0.0,0.0,0.0,1,0,1,969508.0,Creciente,1
4,2025-08-11 15:52:37,1200000.0,6,31,Empleado,1000000,1053000,180640,95.227787,791.0,3,1,0.0,24986.0,20050.0,0.0,0,2,1,966909.0,Creciente,1
4,2025-08-11 16:04:47,3924999.6,6,39,Independiente,8320000,2571000,590785,21.967396,804.0,6,4,0.0,76382.0,76382.0,0.0,4,0,2,,,0
4,2025-08-11 16:13:10,2100000.0,6,60,Independiente,2790000,945000,316089,95.227787,795.0,4,1,0.0,21687.0,21687.0,0.0,0,2,0,,,1
4,2025-08-11 16:37:00,6791400.0,24,41,Independiente,4410000,1524000,305954,95.227787,872.0,2,3,0.0,2521.0,2521.0,0.0,2,0,0,1443189.0,Decreciente,1
4,2025-08-11 17:14:01,1571880.0,12,37,Independiente,3690000,645000,126519,95.227787,775.0,8,9,0.0,13122.0,13122.0,0.0,2,0,2,966736.0,Creciente,1
4,2025-08-11 17:39:01,2121240.0,6,59,Empleado,6970000,3308000,319286,95.227787,827.0,8,4,0.0,15761.0,15761.0,0.0,3,2,2,1687727.0,Creciente,1
4,2025-08-11 18:03:02,1548721.2,6,23,Empleado,2170000,522000,233111,95.227787,762.0,3,7,0.0,7631.0,7631.0,0.0,1,0,1,1000000.0,Estable,1
4,2025-08-11 18:42:05,900000.0,6,45,Independiente,1430000,48000,135617,95.227787,793.0,1,4,0.0,93.0,93.0,0.0,0,0,1,,,1
4,2025-08-11 18:43:24,3623400.0,30,62,Empleado,2700952,6675000,141395,95.227787,842.0,14,6,0.0,95730.0,95730.0,0.0,12,1,1,2804074.0,Creciente,1
4,2025-08-11 18:52:59,3623280.0,6,43,Empleado,605733,3797000,542685,95.227787,805.0,3,4,0.0,49124.0,49124.0,0.0,0,0,3,605733.0,Creciente,1
4,2025-08-12 09:58:13,480000.0,6,48,Independiente,1450000,111000,72249,95.227787,749.0,2,1,0.0,2011.0,2011.0,0.0,0,0,2,,,1
4,2025-08-12 10:23:00,2232000.0,6,47,Independiente,33334,3640000,335991,95.227787,772.0,10,2,0.0,43734.0,43734.0,0.0,4,0,3,33334.0,Creciente,1
4,2025-08-12 11:07:56,864000.0,6,46,Empleado,1630000,2000000,130048,85.897119,794.0,2,1,0.0,390.0,390.0,0.0,0,0,2,,,1
10,2025-08-12 11:20:43,3825240.0,6,37,Empleado,3600000,1000000,572934,95.227787,837.0,6,4,0.0,49421.0,49421.0,0.0,3,0,0,,,1
4,2025-08-12 11:23:26,657056.4,6,27,Empleado,1516472,509000,98909,95.227787,697.0,6,5,0.0,20455.0,20455.0,0.0,1,0,3,1117417.0,Decreciente,1
4,2025-08-12 12:19:07,2068440.0,6,54,Empleado,14795278,4097000,311339,95.227787,871.0,8,3,0.0,213132.0,213132.0,0.0,5,0,1,14795278.0,Decreciente,1
4,2025-08-12 12:33:28,2789280.0,6,55,Independiente,1000000,7115000,419880,89.2295,837.0,7,7,0.0,543690.0,543690.0,0.0,7,0,0,963410.0,Creciente,1
4,2025-08-12 13:00:44,10392000.0,10,44,Independiente,3460000,1030000,981676,95.227787,815.0,6,4,0.0,13657.0,13657.0,0.0,2,1,1,1327795.0,Creciente,1
4,2025-08-12 13:18:18,753024.0,6,44,Empleado,2840000,446000,113735,95.227787,849.0,4,4,0.0,6100.0,6100.0,0.0,0,3,1,969509.0,Creciente,1
4,2025-08-12 14:06:33,2040000.0,6,51,Empleado,1000000,3151000,307088,95.227787,755.0,8,9,0.0,58927.0,58927.0,0.0,5,0,1,966736.0,Creciente,1
4,2025-08-12 14:33:40,1850040.0,6,42,Empleado,1940000,0,278493,95.227787,828.0,3,0,0.0,0.0,0.0,0.0,2,0,0,,,1
4,2025-08-12 15:58:15,646858.7999999999,6,38,Empleado,1835000,337000,97700,95.227787,841.0,5,3,0.0,16399.0,16399.0,0.0,0,0,3,666667.0,Creciente,1
4,2025-08-12 16:21:13,3516000.0,6,51,Independiente,3270000,698000,531048,95.227787,784.0,7,7,0.0,3891.0,3891.0,0.0,4,0,3,1752960.0,Estable,1
4,2025-08-12 16:33:52,8433600.0,6,35,Independiente,1000000,3125000,1269540,95.227787,780.0,5,8,0.0,117867.0,117867.0,0.0,1,1,0,908526.0,Creciente,1
4,2025-08-12 16:37:13,3085200.0,12,30,Empleado,1810000,462000,246069,95.227787,771.0,4,11,0.0,32388.0,32388.0,0.0,0,0,3,923771.0,Creciente,1
4,2025-08-12 16:55:15,2841600.0,24,42,Empleado,1860000,532000,98667,95.227787,729.0,7,11,0.0,12336.0,12336.0,0.0,0,0,4,1306573.0,Creciente,1
4,2025-08-12 16:58:14,1869298.8,6,29,Empleado,2260000,796000,279953,95.227787,787.0,6,5,0.0,4695.0,4695.0,0.0,2,0,3,1958965.0,Creciente,1
4,2025-08-12 17:04:14,1183200.0,10,45,Empleado,2810000,600000,112367,95.227787,764.0,5,4,0.0,9783.0,9783.0,0.0,2,0,0,1979166.0,Creciente,1
4,2025-08-12 17:11:14,2222040.0,8,58,Independiente,2440000,762000,254930,95.227787,841.0,6,7,0.0,183564.0,21381.0,0.0,4,0,0,954263.0,Creciente,1
4,2025-08-12 17:43:03,4330920.0,24,64,Independiente,2570000,894000,199794,-4.727537,862.0,4,7,0.0,15702.0,15702.0,0.0,2,0,0,,,0
4,2025-08-12 17:44:14,4266360.0,6,51,Empleado,3677644,1092000,638946,95.227787,874.0,5,4,0.0,45818.0,45818.0,0.0,0,0,4,3677644.0,Creciente,1
4,2025-08-12 18:03:15,943720.8,6,60,Empleado,1710000,203000,142537,95.227787,746.0,2,3,0.0,8032.0,8032.0,0.0,1,0,1,969508.0,Creciente,1
4,2025-08-12 18:15:25,1864800.0,18,22,Empleado,2000000,100000,107150,95.227787,688.0,4,9,0.0,11624.0,10525.0,0.0,0,1,2,1321666.0,Creciente,1
4,2025-08-12 18:57:16,1029024.0,6,63,Independiente,8370000,489000,154111,89.2295,872.0,5,8,0.0,44108.0,44108.0,0.0,3,0,0,,,1
4,2025-08-12 19:41:07,2236800.0,6,61,Independiente,4400000,969000,334992,95.227787,796.0,6,2,0.0,14804.0,14804.0,0.0,5,0,0,302842.0,Creciente,1
9,2025-08-13 10:43:12,1468610.4,10,24,Empleado,2525346,0,125346,95.227787,776.0,3,2,0.0,106.0,106.0,0.0,2,0,0,2567729.0,Creciente,1
4,2025-08-13 11:18:15,2341200.0,18,57,Empleado,2070000,631000,132405,95.227787,868.0,5,2,0.0,9604.0,9604.0,0.0,2,1,2,,,1
9,2025-08-13 11:33:14,2655456.0,7,47,Independiente,908526,7653000,314563,95.227787,792.0,9,3,0.0,39427.0,39427.0,0.0,6,0,1,961885.0,Creciente,1
4,2025-08-13 11:48:24,396600.0,6,56,Empleado,7800000,3711000,59396,95.227787,722.0,12,1,0.0,112463.0,112463.0,0.0,5,0,6,3363636.0,Creciente,1
9,2025-08-13 12:56:17,6080058.0,10,31,Empleado,1500000,5775000,518935,95.227787,807.0,5,8,0.0,98668.0,98668.0,0.0,5,0,0,1500000.0,Estable,1
4,2025-08-13 13:38:03,761760.0,6,34,Empleado,1735000,845000,114659,95.227787,775.0,7,2,0.0,49377.0,49377.0,0.0,3,0,4,1707083.0,Creciente,1
4,2025-08-13 16:27:57,1950000.0,12,41,Independiente,1840000,0,155528,95.227787,852.0,1,4,0.0,0.0,0.0,0.0,1,0,0,1015000.0,Estable,1
4,2025-08-13 17:24:08,4577040.0,12,29,Empleado,2672616,44000,368400,95.227787,794.0,2,4,0.0,72.0,72.0,0.0,0,0,0,2672616.0,Decreciente,1
4,2025-08-13 17:31:43,4060800.0,6,51,Independiente,3669000,2846000,611287,95.227787,850.0,8,4,0.0,20463.0,11897.0,0.0,3,1,1,800000.0,Creciente,1
9,2025-08-13 17:57:43,5151057.6,10,43,Independiente,1000000,8543000,439644,95.227787,714.0,11,11,0.0,119231.0,115289.0,0.0,7,0,2,961885.0,Creciente,1
9,2025-08-13 18:33:43,3067369.2,10,43,Empleado,1836771,253000,261801,95.227787,784.0,6,13,0.0,10445.0,10445.0,0.0,5,0,0,1432487.0,Creciente,1
4,2025-08-14 09:17:12,1200000.0,6,27,Empleado,2420000,659000,180640,95.227787,755.0,4,5,0.0,33289.0,17688.0,0.0,1,2,0,1622727.0,Creciente,1
4,2025-08-14 11:28:33,3004992.0,6,50,Independiente,3260000,1163000,450039,95.227787,843.0,9,4,0.0,18458.0,18458.0,0.0,8,0,0,,,1
4,2025-08-14 11:48:27,3600000.0,6,37,Independiente,954263,290000,541921,95.227787,753.0,5,9,0.0,19693.0,19693.0,0.0,0,2,1,919179.0,Decreciente,1
4,2025-08-14 12:07:34,3960240.0,6,45,Independiente,3686000,3318000,593101,95.227787,838.0,6,2,0.0,47645.0,47645.0,0.0,3,0,1,,,1
4,2025-08-14 13:32:17,3360000.0,6,50,Independiente,3580000,1155000,505742,95.227787,922.0,5,4,0.0,41186.0,41186.0,0.0,4,1,0,969508.0,Creciente,1
9,2025-08-14 13:47:37,3968629.2,12,56,Independiente,6105000,5406000,315615,95.227787,859.0,6,0,0.0,74542.0,56222.0,0.0,5,1,0,969508.0,Creciente,1
9,2025-08-14 14:35:31,538680.0,6,57,Independiente,1580000,164000,73729,90.562453,784.0,4,1,0.0,17545.0,9872.0,0.0,0,2,0,2150821.0,Estable,1
4,2025-08-14 15:02:25,1680000.0,8,49,Independiente,2740000,1136000,193983,95.227787,753.0,7,4,0.0,17600.0,17600.0,0.0,3,0,1,,,1
4,2025-08-14 15:03:38,2280000.0,24,29,Empleado,6354337,1455000,105646,95.227787,817.0,7,3,0.0,54662.0,54662.0,0.0,2,0,1,6354337.0,Decreciente,1
4,2025-08-14 15:05:12,6624000.0,6,42,Empleado,12392000,8788000,997035,95.227787,794.0,11,4,0.0,691980.0,689703.0,0.0,3,3,1,908526.0,Creciente,1
4,2025-08-14 15:51:40,2101200.0,6,49,Empleado,3830000,981000,316270,95.227787,771.0,9,7,0.0,41231.0,41231.0,0.0,3,0,2,2805347.0,Creciente,1
9,2025-08-14 16:09:03,1131320.4,11,122,Empleado,426802834,170122005,97154,85.897119,0.0,0,0,,,,,0,0,0,,,1
9,2025-08-14 16:10:33,1808514.0,11,52,Empleado,1599000,244000,141672,95.227787,853.0,2,2,0.0,214.0,214.0,0.0,0,0,2,133334.0,Estable,1
4,2025-08-14 16:33:30,2809200.0,36,23,Empleado,1756718,187000,98608,95.227787,743.0,2,3,0.0,4919.0,4919.0,0.0,2,0,0,1704991.0,Creciente,1
4,2025-08-14 16:41:45,1099999.2,12,61,Empleado,3590000,1237000,88537,95.227787,763.0,6,8,0.0,33133.0,33133.0,0.0,4,0,2,1088888.0,Creciente,1
4,2025-08-14 17:11:48,2400000.0,6,28,Empleado,2280000,666000,362024,95.227787,846.0,4,6,0.0,26247.0,26247.0,0.0,2,0,0,,,1
4,2025-08-14 18:13:38,630000.0,6,45,Independiente,3500000,150000,94932,95.227787,729.0,8,2,0.0,64156.0,55506.0,0.0,1,2,4,961885.0,Creciente,1
4,2025-08-14 18:19:19,3276000.0,12,48,Empleado,2740000,751000,263681,88.229786,854.0,7,3,0.0,17066.0,17066.0,0.0,4,0,1,1245707.0,Creciente,1
4,2025-08-14 18:30:53,2456400.0,6,33,Independiente,954263,373000,370143,85.897119,756.0,3,3,0.0,2716.0,2716.0,0.0,1,0,0,808397.0,Decreciente,1
4,2025-08-14 18:57:33,4756080.0,18,35,Empleado,5610000,2852000,268976,95.227787,791.0,7,5,0.0,61052.0,61052.0,0.0,5,0,0,4226745.0,Decreciente,1
4,2025-08-15 10:39:51,3357248.4,6,39,Empleado,4040000,1452000,505379,95.227787,759.0,4,8,0.0,53714.0,53714.0,0.0,4,0,0,4060121.0,Creciente,1
9,2025-08-15 11:07:30,1761702.0,5,29,Empleado,4685833,861000,286549,95.227787,887.0,5,5,0.0,34083.0,34083.0,0.0,4,0,1,6425333.0,Creciente,1
4,2025-08-15 12:14:22,2280000.0,6,45,Independiente,877803,2058000,343216,95.227787,750.0,10,4,0.0,62047.0,62047.0,0.0,7,0,1,959344.0,Creciente,1
9,2025-08-15 12:23:31,2332857.6,10,61,Empleado,4350000,2344000,199110,95.227787,819.0,11,6,0.0,115062.0,95219.0,0.0,6,0,3,,,1
4,2025-08-15 13:30:19,2186041.2,6,31,Empleado,1590000,866000,329040,95.227787,768.0,6,9,0.0,8026.0,8026.0,0.0,3,0,2,,,1
10,2025-08-15 14:45:01,8640000.0,36,32,Empleado,3430000,629000,298457,95.227787,812.0,4,8,0.0,42055.0,42055.0,0.0,2,1,1,1054976.0,Creciente,1
4,2025-08-15 14:48:01,1728000.0,8,30,Empleado,4661276,930000,200403,95.227787,814.0,4,2,0.0,24758.0,24758.0,0.0,3,0,0,4592592.0,Creciente,1
10,2025-08-15 17:03:05,8400000.0,6,64,Empleado,3452000,0,1264356,95.227787,813.0,6,3,0.0,89175.0,58975.0,0.0,3,1,1,1526866.0,Creciente,1
9,2025-08-15 17:09:28,4720542.0,9,39,Independiente,908526,615000,443393,95.227787,732.0,5,2,0.0,19130.0,19130.0,0.0,0,1,1,733487.0,Creciente,1
4,2025-08-15 17:41:05,2999761.2,6,44,Empleado,1000000,1834000,451565,95.227787,782.0,9,7,0.0,33028.0,33028.0,0.0,6,0,1,966736.0,Creciente,1
4,2025-08-15 17:42:20,3118081.2,36,26,Empleado,1310000,255000,107760,95.227787,727.0,8,7,0.0,717.0,717.0,0.0,2,0,5,1170833.0,Creciente,1
4,2025-08-15 18:17:57,1238640.0,6,24,Empleado,1600000,799000,186841,95.227787,829.0,1,7,0.0,786.0,786.0,0.0,0,0,1,871428.0,Creciente,1
9,2025-08-15 18:52:40,942770.4,9,28,Empleado,1913777,205000,88553,95.227787,739.0,5,5,0.0,3221.0,3221.0,0.0,1,0,4,2042219.0,Creciente,1
4,2025-08-16 07:01:35,2038140.0,12,59,Independiente,3140000,1791000,162557,95.227787,819.0,5,0,0.0,12799.0,12799.0,0.0,3,0,0,,,1
4,2025-08-16 08:45:06,1344000.0,6,40,Independiente,7900000,3610000,202297,95.227787,835.0,11,8,0.0,196925.0,196925.0,0.0,6,0,2,,,1
4,2025-08-16 10:22:59,568800.0,6,54,Independiente,1660000,257000,85910,95.227787,817.0,1,4,0.0,3878.0,3878.0,0.0,0,0,1,,,1
9,2025-08-16 10:45:02,1416012.0,10,23,Empleado,30285,1434000,120857,95.227787,809.0,6,6,0.0,24981.0,24981.0,0.0,2,0,2,30285.0,Estable,1
4,2025-08-16 11:43:02,1843200.0,12,34,Independiente,2850000,4281000,149285,90.562453,737.0,12,11,0.0,19745.0,19745.0,0.0,5,0,4,838889.0,Creciente,1
4,2025-08-16 12:29:03,1127880.0,8,61,Empleado,4060000,1006000,130232,95.227787,823.0,9,3,0.0,11251.0,11251.0,0.0,4,2,1,3300333.0,Creciente,1
9,2025-08-16 13:00:06,2007814.8,10,40,Independiente,877803,228000,172715,95.227787,774.0,8,5,0.0,12065.0,12065.0,0.0,4,0,3,1066006.0,Creciente,1
4,2025-08-16 13:35:45,3736800.0,6,52,Independiente,8513889,8332000,564397,95.227787,841.0,10,9,0.0,248669.0,248669.0,0.0,7,0,2,8513889.0,Decreciente,1
4,2025-08-16 14:13:22,2160000.0,10,20,Empleado,2000000,200000,204393,-5.102625,697.0,2,5,0.0,341.0,341.0,0.0,0,0,2,1054420.0,Creciente,0
4,2025-08-16 14:58:53,576000.0,6,55,Empleado,2870000,542000,86998,95.227787,836.0,4,1,0.0,3147.0,3147.0,0.0,0,1,1,969508.0,Creciente,1
4,2025-08-16 15:31:00,758400.0,6,56,Empleado,5019420,2586000,114394,95.227787,793.0,5,9,0.0,90770.0,90770.0,0.0,3,0,2,5019420.0,Decreciente,1
9,2025-08-16 15:48:10,5928279.6,5,122,Empleado,15534542,3201332,964263,95.227787,0.0,0,0,,,,,0,0,0,,,1
4,2025-08-16 16:03:22,1193640.0,12,34,Empleado,1360000,151000,96092,95.227787,771.0,2,2,0.0,736.0,736.0,0.0,2,0,0,798647.0,Creciente,1
4,2025-08-16 16:24:56,14746392.0,6,43,Independiente,13190000,15499000,2219827,95.227787,811.0,8,7,0.0,263803.0,263803.0,0.0,7,0,1,1235613.0,Decreciente,1
4,2025-08-16 16:55:24,2946504.0,6,68,Independiente,2090000,0,443504,95.227787,806.0,1,2,0.0,11.0,11.0,0.0,0,0,0,969508.0,Creciente,1
4,2025-08-16 17:12:02,1152000.0,6,55,Independiente,18200000,8219000,173397,95.227787,867.0,11,8,0.0,139381.0,139381.0,0.0,6,1,1,961885.0,Creciente,1
4,2025-08-16 17:14:47,4296000.0,6,58,Independiente,3020000,3733000,646628,95.227787,824.0,6,3,0.0,96419.0,96419.0,0.0,3,0,2,972557.0,Creciente,1
4,2025-08-16 17:36:07,2038140.0,6,55,Independiente,2440000,9000,305240,95.227787,825.0,3,3,0.0,9.0,9.0,0.0,2,0,0,,,1
4,2025-08-16 19:44:02,4507500.0,6,29,Empleado,3360000,370000,675060,89.979287,840.0,2,6,0.0,9803.0,9803.0,0.0,2,0,0,1364197.0,Creciente,1
10,2025-08-17 09:54:30,1018440.0,6,68,Empleado,2584596,775000,152539,95.227787,819.0,9,8,0.0,32145.0,32145.0,0.0,4,1,2,2527293.0,Creciente,1
4,2025-08-17 10:16:02,5304000.0,36,68,Empleado,2350000,471000,186179,81.231786,833.0,5,1,0.0,28989.0,28989.0,0.0,4,0,1,969508.0,Creciente,1
4,2025-08-17 10:59:00,1800000.0,6,30,Empleado,3160000,768000,271518,95.227787,728.0,4,7,0.0,21373.0,21373.0,0.0,1,0,1,1420644.0,Creciente,1
4,2025-08-17 12:43:07,7258800.0,6,45,Independiente,2060000,699000,1087105,95.227787,843.0,3,1,0.0,4290.0,4290.0,0.0,3,0,0,,,1
4,2025-08-17 15:10:01,865680.0,8,42,Empleado,3490000,2022000,99957,95.227787,724.0,11,9,0.0,44897.0,44897.0,0.0,4,0,7,1770902.0,Creciente,1
4,2025-08-17 15:40:17,453600.0,10,63,Independiente,2300000,100000,42922,95.227787,785.0,4,8,0.0,520.0,520.0,0.0,1,0,3,,,1
4,2025-08-17 16:51:02,3130216.8,12,46,Independiente,1370000,290000,253524,95.227787,791.0,2,0,0.0,581.0,581.0,0.0,0,0,2,,,1
4,2025-08-17 16:51:48,831600.0,6,35,Independiente,2880000,3121000,125171,95.227787,744.0,12,2,0.0,60672.0,60672.0,0.0,7,0,2,,,1
4,2025-08-17 17:36:18,2838000.0,6,24,Empleado,6000000,2000000,427644,95.227787,749.0,3,3,0.0,3848.0,3848.0,0.0,2,0,1,732877.0,Creciente,1
4,2025-08-17 19:49:06,3272640.0,12,35,Empleado,6080770,1851000,261018,95.227787,763.0,4,5,0.0,24793.0,24793.0,0.0,3,0,0,6080770.0,Creciente,1
4,2025-08-18 09:00:09,1734000.0,6,28,Independiente,2010000,0,260999,95.227787,788.0,0,0,0.0,0.0,,,0,0,0,,,1
4,2025-08-18 09:56:45,1656360.0,6,64,Empleado,2980000,461000,248063,6.877934,800.0,3,4,0.0,17632.0,17632.0,0.0,1,0,0,966736.0,Creciente,0
4,2025-08-18 10:10:35,1392000.0,6,50,Independiente,1926000,252000,209748,95.227787,739.0,6,7,0.0,8482.0,8482.0,0.0,2,0,2,,,1
4,2025-08-18 10:28:36,1604400.0,8,38,Empleado,3651666,2091000,184069,95.227787,791.0,12,1,0.0,49521.0,49521.0,0.0,3,0,7,3651666.0,Creciente,1
4,2025-08-18 10:41:44,1476000.0,6,46,Independiente,4330000,1557000,222165,95.227787,746.0,4,5,0.0,11736.0,11736.0,0.0,3,0,1,,,1
4,2025-08-18 11:00:37,2492400.0,12,33,Empleado,6590000,3828000,198788,95.227787,772.0,12,5,0.0,259893.0,259893.0,0.0,7,0,2,5804974.0,Creciente,1
4,2025-08-18 11:01:12,5599999.2,6,27,Independiente,2160000,526000,842904,95.227787,730.0,9,9,0.0,4807.0,4807.0,0.0,5,0,3,939017.0,Decreciente,1
4,2025-08-18 12:49:19,3619560.0,6,31,Empleado,3782303,305000,542079,95.227787,760.0,1,5,0.0,12078.0,12078.0,0.0,0,1,0,3782303.0,Creciente,1
9,2025-08-18 12:52:33,4364979.6,5,122,Empleado,10058689,6443370,713079,95.227787,0.0,0,0,,,,,0,0,0,,,1
4,2025-08-18 14:14:51,6262020.0,12,49,Independiente,1560000,230000,499445,81.231786,795.0,6,9,0.0,10096.0,10096.0,0.0,1,0,1,966736.0,Creciente,1
4,2025-08-18 14:34:32,1106797.2,6,48,Independiente,3890000,2274000,165758,85.897119,820.0,10,5,0.0,89365.0,89365.0,0.0,6,0,2,850000.0,Creciente,1
4,2025-08-18 15:28:58,8649999.6,6,50,Independiente,8470000,2724000,1301985,95.227787,812.0,7,3,0.0,102377.0,11843.0,0.0,4,0,2,333135.0,Decreciente,1
4,2025-08-18 15:40:53,1200000.0,6,65,Empleado,4475055,0,180622,95.227787,871.0,2,4,0.0,0.0,0.0,0.0,1,0,0,4475055.0,Decreciente,1
4,2025-08-18 16:37:53,2775000.0,6,50,Empleado,7240000,3858000,417689,95.227787,823.0,10,7,0.0,127321.0,127321.0,0.0,5,0,3,969508.0,Creciente,1
4,2025-08-18 16:39:44,563424.0,6,34,Empleado,2160000,470000,85098,95.227787,733.0,7,9,0.0,28604.0,22387.0,0.0,1,2,4,2295033.0,Creciente,1
4,2025-08-18 16:58:35,1323744.0,24,50,Empleado,9290000,4518000,59635,95.227787,793.0,11,13,0.0,307722.0,160833.0,0.0,7,1,2,5466000.0,Estable,1
4,2025-08-18 17:34:36,1553592.0,6,27,Empleado,2940000,1196000,233844,95.227787,791.0,5,5,0.0,8397.0,8397.0,0.0,4,0,0,1743292.0,Decreciente,1
4,2025-08-18 17:36:07,3132000.0,6,48,Independiente,908526,4275000,471471,95.227787,765.0,9,2,0.0,69120.0,66476.0,0.0,2,1,0,966736.0,Creciente,1
4,2025-08-18 19:08:38,1656360.0,6,45,Independiente,3070000,1081000,248063,95.227787,757.0,3,6,0.0,15800.0,15800.0,0.0,2,0,0,1533333.0,Creciente,1
4,2025-08-19 11:03:52,1690920.0,6,49,Independiente,3810000,1491000,254515,95.227787,822.0,4,6,0.0,7764.0,7764.0,0.0,2,0,0,,,1
4,2025-08-19 12:05:40,720000.0,6,52,Independiente,2020000,0,108373,95.227787,799.0,1,0,0.0,0.0,0.0,0.0,0,0,0,969508.0,Creciente,1
4,2025-08-19 12:22:48,3375000.0,6,37,Independiente,3280000,499000,508000,95.227787,739.0,2,5,0.0,13770.0,13770.0,0.0,1,0,1,,,1
4,2025-08-19 12:24:52,3942000.0,6,37,Empleado,5660000,4861000,593344,95.227787,841.0,6,5,0.0,26689.0,26689.0,0.0,4,0,1,3745463.0,Creciente,1
10,2025-08-19 12:36:52,2311080.0,6,41,Empleado,1760000,140000,347860,95.227787,850.0,5,8,0.0,1361.0,1361.0,0.0,3,0,1,1389186.0,Creciente,1
4,2025-08-19 13:08:53,2611322.4,6,44,Independiente,750000,2859000,391117,95.227787,826.0,3,8,0.0,133866.0,73938.0,0.0,2,0,1,750000.0,Creciente,1
4,2025-08-19 14:16:55,4281480.0,6,46,Independiente,2610000,923000,641211,95.227787,803.0,6,2,0.0,12566.0,12566.0,0.0,0,2,2,966736.0,Creciente,1
4,2025-08-19 14:24:55,2856360.0,6,27,Empleado,5780000,1932000,427779,95.227787,787.0,3,12,0.0,60010.0,60010.0,0.0,1,1,0,3408056.0,Creciente,1
4,2025-08-19 16:09:57,1656360.0,6,35,Empleado,6250000,2538000,248063,95.227787,827.0,6,4,0.0,6596.0,6596.0,0.0,5,1,0,4402800.0,Creciente,1
4,2025-08-19 16:37:58,1571640.0,6,23,Empleado,2160000,1372000,235375,95.227787,768.0,7,8,0.0,27223.0,27223.0,0.0,3,0,0,977131.0,Creciente,1
4,2025-08-19 16:40:58,1998624.0,6,26,Empleado,2630000,488000,301867,95.227787,709.0,4,17,0.0,41876.0,7178.0,0.0,2,0,1,676873.0,Creciente,1
4,2025-08-20 10:02:41,3835051.2,6,47,Independiente,31809,2154000,574403,95.227787,790.0,8,3,0.0,17706.0,9493.0,0.0,3,2,2,31809.0,Creciente,1
4,2025-08-20 10:37:23,1164780.0,12,26,Empleado,2010000,871000,92900,86.830187,718.0,5,6,0.0,11780.0,11780.0,0.0,3,0,0,,,1
9,2025-08-20 11:11:07,6803166.0,10,52,Independiente,908526,4911000,585219,95.227787,812.0,12,8,0.0,33620.0,33620.0,0.0,7,0,1,966736.0,Creciente,1
9,2025-08-20 12:29:10,2509897.2,2,41,Independiente,1000000,4482000,993266,78.432586,844.0,7,3,0.0,78824.0,78824.0,0.0,6,0,1,966736.0,Creciente,1
4,2025-08-20 12:38:16,1200000.0,6,34,Empleado,1771437,229000,180622,95.227787,733.0,1,4,0.0,769.0,769.0,0.0,1,0,0,1560000.0,Creciente,1
9,2025-08-20 13:31:01,1267478.4,10,39,Empleado,1210000,459000,108180,95.227787,855.0,8,2,0.0,2197.0,2197.0,0.0,5,0,0,1210000.0,Estable,1
4,2025-08-20 17:13:01,1132800.0,6,58,Independiente,3120000,2310000,170524,84.730786,827.0,7,2,0.0,36131.0,36131.0,0.0,1,1,3,,,1
4,2025-08-20 18:24:27,2880000.0,6,32,Independiente,5610000,3306000,433537,89.2295,783.0,6,4,0.0,53469.0,53469.0,0.0,4,0,1,969508.0,Creciente,1
4,2025-08-21 09:22:25,2472478.8,6,68,Empleado,5210000,763000,370288,95.227787,781.0,7,2,0.0,631.0,631.0,0.0,3,0,3,1682981.0,Creciente,1
4,2025-08-21 10:01:57,504000.0,8,29,Empleado,2300000,512000,58277,95.227787,759.0,4,7,0.0,16859.0,16859.0,0.0,1,0,2,,,1
4,2025-08-21 10:31:18,1131840.0,6,48,Empleado,3062770,0,170950,95.227787,872.0,1,2,0.0,0.0,0.0,0.0,1,0,0,3062770.0,Decreciente,1
9,2025-08-21 10:46:17,442560.0,6,49,Empleado,2432861,1214000,66174,95.227787,710.0,4,3,0.0,10441.0,10441.0,0.0,2,0,2,2432861.0,Creciente,1
9,2025-08-21 11:23:42,1226595.6,10,40,Empleado,1350000,7009000,105514,89.2295,718.0,10,5,0.0,311994.0,311994.0,0.0,6,0,2,1350000.0,Estable,1
9,2025-08-21 12:07:43,2500390.8,10,42,Empleado,11942388,2386000,215087,95.227787,832.0,6,5,0.0,233622.0,233622.0,0.0,4,0,2,11171740.0,Decreciente,1
4,2025-08-21 12:54:00,552000.0,6,30,Empleado,1600000,340000,83178,95.227787,836.0,3,2,0.0,8573.0,5657.0,0.0,1,1,0,1820000.0,Creciente,1
4,2025-08-21 14:10:11,474000.0,6,24,Empleado,1280000,179000,71592,95.227787,743.0,1,5,0.0,1345.0,1345.0,0.0,0,1,0,966666.0,Decreciente,1
9,2025-08-21 14:37:47,1729285.2,5,36,Independiente,4099003,1541000,282502,95.227787,831.0,9,3,0.0,164072.0,158128.0,0.0,7,1,0,4245364.0,Creciente,1
9,2025-08-21 14:52:47,5147955.6,4,40,Independiente,2260000,642000,1040290,95.227787,791.0,7,3,0.0,15070.0,15070.0,0.0,4,0,0,,,1
4,2025-08-21 16:16:14,1763881.2,6,56,Independiente,6800000,3593000,265497,84.730786,774.0,2,7,0.0,101410.0,101410.0,0.0,2,0,0,,,1
4,2025-08-21 16:20:54,1308000.0,8,42,Empleado,1835000,232000,151694,95.227787,765.0,5,2,0.0,16343.0,16343.0,0.0,3,0,2,,,1
4,2025-08-21 16:24:47,3255758.4,6,66,Independiente,8865000,4465000,492685,95.227787,798.0,14,4,0.0,535756.0,335756.0,0.0,11,2,1,1322641.0,Creciente,1
4,2025-08-21 17:03:15,1798441.2,8,51,Empleado,4090000,849000,207659,95.227787,808.0,8,5,0.0,40940.0,40940.0,0.0,5,0,2,1693680.0,Creciente,1
9,2025-08-21 17:34:42,2234492.4,5,29,Empleado,3244800,17000,365035,95.227787,786.0,5,4,0.0,11226.0,302.0,0.0,3,1,0,3806814.0,Creciente,1
4,2025-08-22 08:40:18,4200000.0,6,42,Independiente,5260000,2682000,632178,95.227787,810.0,6,1,0.0,53939.0,53939.0,0.0,5,0,0,,,1
4,2025-08-22 09:34:00,2872800.0,6,54,Independiente,3150000,1104000,432410,84.730786,715.0,2,6,0.0,5200.0,5200.0,0.0,1,0,1,,,1
4,2025-08-22 09:44:00,984000.0,6,44,Independiente,2540000,343000,148430,95.227787,753.0,3,4,0.0,7315.0,1722.0,0.0,1,0,2,,,1
4,2025-08-22 10:53:40,5625000.0,6,51,Independiente,5690000,1997000,846667,83.231214,855.0,4,2,0.0,16808.0,16808.0,0.0,2,0,1,1583333.0,Creciente,1
9,2025-08-22 11:04:27,773564.4,6,36,Empleado,2779398,560000,106414,95.227787,763.0,1,3,0.0,19366.0,19366.0,0.0,1,0,0,2861629.0,Creciente,1
9,2025-08-22 12:25:18,1561700.4,10,54,Independiente,1017500,319000,134340,95.227787,818.0,7,4,0.0,7320.0,7320.0,0.0,5,0,0,1170104.0,Creciente,1
4,2025-08-22 12:29:12,2255220.0,6,34,Empleado,3580000,2132000,337750,95.227787,787.0,3,8,0.0,877.0,877.0,0.0,2,0,1,981705.0,Creciente,1
4,2025-08-22 13:14:31,3889200.0,6,48,Independiente,3800000,900000,576651,95.227787,802.0,8,8,0.0,19650.0,12150.0,0.0,4,0,1,1000000.0,Estable,1
4,2025-08-22 14:02:40,1790400.0,6,56,Independiente,2840000,2488000,270420,95.227787,756.0,10,0,0.0,2817.0,2817.0,0.0,0,0,9,969508.0,Creciente,1
4,2025-08-22 15:04:06,3600000.0,36,68,Independiente,2160000,274000,125613,-16.250449,860.0,3,3,0.0,528.0,528.0,0.0,2,0,0,,,0
9,2025-08-22 15:20:22,1304287.2,6,52,Independiente,3950000,1094000,179422,95.227787,789.0,3,6,0.0,13086.0,12264.0,0.0,1,1,0,,,1
9,2025-08-22 16:33:24,2021323.2,9,35,Empleado,3474799,0,191222,95.227787,819.0,2,5,0.0,15.0,15.0,0.0,1,0,0,3406374.0,Decreciente,1
4,2025-08-22 16:39:58,2559480.0,6,38,Empleado,2020000,267000,385249,85.897119,751.0,4,2,0.0,602.0,602.0,0.0,1,0,2,,,1
9,2025-08-22 17:06:25,1470963.6,10,23,Empleado,2186922,961000,126535,95.227787,792.0,5,6,0.0,114921.0,26852.0,0.0,2,0,2,2283542.0,Creciente,1
4,2025-08-22 17:19:38,1303200.0,6,52,Empleado,3852000,3310000,196832,95.227787,826.0,10,5,0.0,92673.0,92673.0,0.0,8,0,0,3474679.0,Creciente,1
10,2025-08-22 17:39:59,945840.0,6,23,Independiente,1610000,223000,142366,84.730786,752.0,3,9,0.0,1357.0,1357.0,0.0,2,0,0,969508.0,Creciente,1
4,2025-08-22 18:51:01,1475880.0,6,29,Empleado,1680000,266000,222147,95.227787,795.0,5,2,0.0,7076.0,7076.0,0.0,2,0,2,1681182.0,Creciente,1
4,2025-08-23 08:13:41,2095920.0,6,39,Empleado,2280000,1208000,310762,95.227787,840.0,4,2,0.0,28649.0,28649.0,0.0,3,0,0,,,1
6,2025-08-23 08:51:10,1843218.0,12,67,Empleado,0,337000,149806,95.227787,828.0,3,3,0.0,2694.0,2694.0,0.0,1,0,1,1760890.0,Creciente,1
4,2025-08-23 10:13:17,3192000.0,6,33,Empleado,3580000,3894000,482112,58.597591,706.0,17,4,0.0,103519.0,99884.0,0.0,12,1,3,1000000.0,Creciente,0
4,2025-08-23 11:01:03,3588000.0,36,30,Empleado,1890000,199000,123943,95.227787,830.0,3,2,0.0,160.0,160.0,0.0,1,0,1,1237500.0,Creciente,1
4,2025-08-23 11:59:00,4464000.0,6,41,Independiente,10500000,7303000,671915,95.227787,765.0,18,6,0.0,382830.0,146253.0,0.0,16,0,1,2545454.0,Creciente,1
9,2025-08-23 12:03:21,3503853.6,9,42,Independiente,1362789,1022000,331472,95.227787,832.0,8,2,0.0,68114.0,68114.0,0.0,3,1,0,966736.0,Creciente,1
4,2025-08-23 12:03:42,4272000.0,6,37,Independiente,2630000,1251000,643015,95.227787,797.0,4,2,0.0,1296.0,1296.0,0.0,0,0,3,30285.0,Estable,1
4,2025-08-23 12:15:55,1731331.2,6,29,Empleado,2390000,404000,261496,95.227787,732.0,2,6,0.0,13741.0,13741.0,0.0,1,0,1,908526.0,Creciente,1
4,2025-08-23 12:30:55,2222880.0,18,43,Empleado,2600000,371000,127361,95.227787,778.0,5,2,0.0,2926.0,2926.0,0.0,3,0,1,,,1
4,2025-08-23 13:59:07,533761.2,6,26,Empleado,2560000,751000,80341,95.227787,747.0,6,3,0.0,9807.0,9807.0,0.0,1,0,2,1133333.0,Creciente,1
4,2025-08-23 14:51:15,2856360.0,6,59,Empleado,1430000,0,427779,95.227787,795.0,1,1,0.0,0.0,0.0,0.0,0,0,1,2995270.0,Decreciente,1
4,2025-08-23 15:34:57,1824000.0,24,37,Independiente,1000000,147000,83865,95.227787,785.0,3,2,0.0,8159.0,8159.0,0.0,2,0,1,961885.0,Creciente,1
9,2025-08-23 16:59:09,3206535.6,9,47,Empleado,5223559,3547000,303345,95.227787,815.0,12,7,0.0,183906.0,166324.0,0.0,7,0,0,5839454.0,Creciente,1
4,2025-08-23 17:04:01,1800000.0,8,36,Empleado,1730000,0,207839,95.227787,798.0,1,4,0.0,35.0,35.0,0.0,0,0,0,693087.0,Creciente,1
4,2025-08-23 17:50:42,3211682.4,36,40,Independiente,4130000,1380000,110943,95.227787,793.0,6,4,0.0,54273.0,22819.0,0.0,5,0,1,961885.0,Creciente,1
4,2025-08-23 18:44:53,971880.0,6,24,Empleado,3360000,1008000,146286,95.227787,769.0,5,11,0.0,32755.0,32755.0,0.0,2,0,1,,,1
4,2025-08-23 18:47:43,1271880.0,6,46,Empleado,3490000,120000,191442,95.227787,804.0,3,5,0.0,528.0,528.0,0.0,1,0,2,969508.0,Creciente,1
9,2025-08-24 10:00:17,5133600.0,12,122,Empleado,50000000,10000000,356500,-16.250449,,0,0,,,,,0,0,0,,,0
4,2025-08-24 11:05:41,1440000.0,6,35,Independiente,2560000,1666000,217494,95.227787,761.0,7,3,0.0,66484.0,57709.0,0.0,0,4,1,969508.0,Creciente,1
4,2025-08-24 11:42:37,1194000.0,6,55,Empleado,1930000,937000,180339,95.227787,799.0,5,4,0.0,8757.0,8757.0,0.0,2,0,3,969508.0,Creciente,1
4,2025-08-24 12:00:30,4454400.0,36,31,Empleado,2510000,511000,153871,95.227787,783.0,6,5,0.0,37114.0,37114.0,0.0,3,0,2,2375410.0,Creciente,1
4,2025-08-24 12:20:12,4454400.0,36,33,Independiente,1970000,105000,153871,95.227787,792.0,1,2,0.0,0.0,0.0,0.0,0,0,0,,,1
9,2025-08-24 12:37:15,3669322.8,10,42,Empleado,5000000,4939000,315641,95.227787,793.0,7,8,0.0,129728.0,129728.0,0.0,5,0,2,30285.0,Decreciente,1
4,2025-08-24 15:42:27,674715.6,6,34,Empleado,2438205,0,101908,95.227787,819.0,3,2,0.0,4968.0,46.0,0.0,0,0,2,908526.0,Decreciente,1
4,2025-08-24 17:35:36,1793518.8,6,50,Independiente,5180000,6017000,269958,95.227787,825.0,9,8,0.0,71602.0,480.0,0.0,8,0,1,1810641.0,Decreciente,1
4,2025-08-24 18:30:36,1260000.0,8,27,Empleado,3630000,0,146127,95.227787,782.0,4,11,0.0,22053.0,22053.0,0.0,3,0,0,1708875.0,Creciente,1
9,2025-08-24 18:54:14,3605029.2,10,37,Empleado,877803,279000,310110,95.227787,816.0,1,5,0.0,5945.0,5945.0,0.0,1,0,0,966736.0,Creciente,1
4,2025-08-24 19:07:37,3515100.0,6,53,Empleado,6770000,3761000,526435,95.227787,734.0,12,2,0.0,139576.0,85326.0,0.0,10,0,0,5866666.0,Creciente,1
4,2025-08-25 07:02:04,3135600.0,6,36,Empleado,3640000,67000,469599,95.227787,826.0,2,3,0.0,0.0,0.0,0.0,1,0,0,3994512.0,Creciente,1
4,2025-08-25 09:13:18,1656000.0,6,46,Independiente,3270000,1285000,249259,95.227787,789.0,5,2,0.0,38868.0,38868.0,0.0,2,0,0,,,1
4,2025-08-25 09:57:47,1770195.6,12,64,Empleado,2010000,54000,143372,95.227787,861.0,3,2,0.0,2515.0,2515.0,0.0,3,0,0,969508.0,Creciente,1
4,2025-08-25 10:12:54,1742400.0,6,34,Empleado,2810000,1420000,262264,95.227787,808.0,4,4,0.0,62752.0,62752.0,0.0,1,0,1,,,1
4,2025-08-25 10:23:35,1152000.0,6,65,Independiente,4610000,1580000,173772,95.227787,854.0,6,6,0.0,35810.0,35810.0,0.0,4,1,1,969508.0,Creciente,1
9,2025-08-25 11:11:26,2239933.2,11,56,Independiente,908526,1135000,176969,95.227787,788.0,2,4,0.0,43628.0,43628.0,0.0,1,0,1,822701.0,Creciente,1
4,2025-08-25 11:13:24,1582680.0,12,66,Empleado,7000000,2100000,123950,95.227787,830.0,14,5,0.0,317539.0,298728.0,0.0,10,0,2,,,1
4,2025-08-25 11:17:32,1638000.0,10,31,Empleado,1871000,1133000,155561,44.043534,790.0,9,11,0.0,72130.0,72130.0,0.0,6,0,3,,,0
4,2025-08-25 11:19:42,2228880.0,12,39,Empleado,2000000,127000,179432,95.227787,851.0,3,5,0.0,0.0,0.0,0.0,1,0,0,2000000.0,Estable,1
10,2025-08-25 11:22:09,1650205.2,6,66,Empleado,1588000,34000,248411,95.227787,806.0,0,2,0.0,0.0,,,0,0,0,966736.0,Creciente,1
4,2025-08-25 11:23:39,494640.0,6,25,Empleado,908526,743000,74086,89.979287,776.0,5,6,0.0,38357.0,38357.0,0.0,4,0,1,851937.0,Decreciente,1
4,2025-08-25 11:28:33,1800000.0,12,34,Empleado,2280000,1748000,143587,95.227787,741.0,12,5,0.0,122147.0,120037.0,0.0,9,0,1,,,1
4,2025-08-25 11:49:31,2280000.0,6,39,Independiente,3050000,326000,343182,95.227787,815.0,2,0,0.0,6950.0,6950.0,0.0,1,1,0,969508.0,Creciente,1
4,2025-08-25 11:59:13,3366144.0,6,33,Independiente,1641000,0,504172,90.562453,748.0,3,6,0.0,21094.0,21094.0,0.0,0,0,2,,,1
4,2025-08-25 12:18:51,5256960.0,24,41,Empleado,2500000,700000,229002,95.227787,776.0,10,2,0.0,142942.0,142942.0,0.0,4,0,2,706483.0,Decreciente,1
4,2025-08-25 12:22:14,627190.7999999999,6,34,Empleado,1000000,530000,94730,95.227787,715.0,9,4,0.0,7998.0,5026.0,0.0,1,3,2,1127272.0,Creciente,1
4,2025-08-25 12:43:03,2541840.0,6,43,Independiente,4480000,217000,376878,95.227787,788.0,4,12,0.0,783.0,783.0,0.0,2,0,1,,,1
4,2025-08-25 12:48:02,522000.0,6,37,Independiente,2060000,358000,78184,89.979287,764.0,2,5,0.0,5929.0,5929.0,0.0,1,0,1,936433.0,Decreciente,1
4,2025-08-25 13:01:51,647880.0,6,59,Empleado,1780000,0,97518,95.227787,812.0,0,2,0.0,0.0,,,0,0,0,,,1
4,2025-08-25 13:04:52,995880.0,6,21,Empleado,1400000,113000,149898,95.227787,698.0,2,3,0.0,918.0,918.0,0.0,1,0,0,936278.0,Creciente,1
4,2025-08-25 13:16:27,2003880.0,6,48,Empleado,2140000,0,300136,90.562453,771.0,2,4,0.0,0.0,0.0,0.0,0,0,1,975052.0,Decreciente,1
4,2025-08-25 13:21:18,3634800.0,36,37,Empleado,4840000,2555000,125618,95.227787,777.0,8,3,0.0,138579.0,51168.0,0.0,3,3,0,2598961.0,Creciente,1
10,2025-08-25 14:27:04,647400.0,6,29,Empleado,2990000,3144000,97455,95.227787,737.0,15,4,0.0,30003.0,16944.0,0.0,3,1,11,2660048.0,Creciente,1
4,2025-08-25 14:34:15,611086.7999999999,6,24,Empleado,1000000,210000,92082,95.227787,697.0,2,5,0.0,261.0,261.0,0.0,0,0,2,961885.0,Creciente,1
4,2025-08-25 14:38:47,13711992.0,12,42,Independiente,9630000,6820000,1103860,95.227787,771.0,7,6,0.0,81046.0,81046.0,0.0,5,0,1,,,1
4,2025-08-25 14:48:28,1140000.0,6,38,Empleado,2040000,1097000,172184,95.227787,759.0,11,5,0.0,14607.0,14607.0,0.0,4,0,3,969508.0,Creciente,1
4,2025-08-25 15:06:55,1414800.0,6,41,Empleado,6020000,2672000,212954,89.979287,855.0,13,6,0.0,131777.0,131777.0,0.0,12,0,0,669000.0,Creciente,1
4,2025-08-25 15:47:55,843178.7999999999,6,50,Empleado,4690000,2034000,126278,95.227787,905.0,6,0,0.0,10988.0,10988.0,0.0,2,0,4,4917279.0,Creciente,1
4,2025-08-25 15:51:12,1011600.0,6,65,Empleado,2060000,0,151515,95.227787,783.0,2,4,0.0,0.0,0.0,0.0,0,0,1,,,1
4,2025-08-25 15:57:55,876960.0,6,45,Empleado,4630000,409000,131337,95.227787,713.0,10,8,0.0,8414.0,8414.0,0.0,2,0,8,3789205.0,Creciente,1
4,2025-08-25 16:02:56,3600000.0,36,60,Empleado,1900000,0,126366,95.227787,863.0,1,2,0.0,0.0,0.0,0.0,1,0,0,,,1
4,2025-08-25 16:04:08,5351160.0,36,31,Empleado,1600000,0,187842,95.227787,712.0,6,3,0.0,3726.0,3726.0,0.0,3,0,1,963522.0,Creciente,1
4,2025-08-25 16:31:16,535080.0,6,49,Empleado,5290000,2842000,80143,95.227787,754.0,14,6,0.0,191355.0,123801.0,0.0,9,0,5,,,1
4,2025-08-25 16:42:34,2340600.0,12,48,Empleado,2300000,900000,183308,95.227787,763.0,17,6,0.0,26252.0,26252.0,0.0,14,0,2,3236103.0,Decreciente,1
4,2025-08-25 16:46:47,930600.0,6,47,Independiente,2640000,464000,139370,95.227787,813.0,6,2,0.0,20281.0,20281.0,0.0,3,0,2,600000.0,Decreciente,1
4,2025-08-25 17:04:20,2771878.8,6,31,Empleado,1990000,992000,417261,95.227787,778.0,7,3,0.0,54296.0,54296.0,0.0,2,1,3,1638802.0,Creciente,1
4,2025-08-25 17:15:02,778560.0,6,29,Empleado,1435000,184000,117199,95.227787,774.0,5,4,0.0,1288.0,1288.0,0.0,2,0,1,1324743.0,Creciente,1
4,2025-08-25 17:16:47,1199280.0,6,27,Empleado,1844000,1374000,179609,95.227787,721.0,8,8,0.0,14935.0,14935.0,0.0,4,0,2,1083869.0,Creciente,1
4,2025-08-25 17:26:12,1440000.0,12,38,Empleado,3000000,700000,112776,95.227787,868.0,3,4,0.0,68387.0,68387.0,0.0,2,0,0,1498926.0,Creciente,1
4,2025-08-25 17:38:48,959880.0,6,44,Independiente,1660000,0,144480,95.227787,765.0,0,2,0.0,0.0,,,0,0,0,,,1
4,2025-08-25 17:43:55,1469328.0,18,43,Empleado,2020000,261000,83116,95.227787,888.0,4,4,0.0,995.0,995.0,0.0,2,0,1,1175475.0,Decreciente,1
4,2025-08-25 17:50:25,4524000.0,6,53,Independiente,12870000,11353000,681014,95.227787,765.0,25,9,0.0,373870.0,324682.0,0.0,16,3,4,969508.0,Creciente,1
4,2025-08-25 18:21:49,749520.0,6,69,Empleado,6020000,2890000,112817,95.227787,844.0,6,2,0.0,66197.0,66197.0,0.0,1,0,4,,,1
4,2025-08-25 18:25:11,1718113.2,12,39,Independiente,1000000,1129000,137055,95.227787,751.0,11,6,0.0,39153.0,39153.0,0.0,6,0,1,3710844.0,Estable,1
4,2025-08-25 18:28:31,1248000.0,6,67,Independiente,3960000,1307000,186922,95.227787,855.0,9,3,0.0,23049.0,23049.0,0.0,5,0,1,,,1
4,2025-08-26 11:45:43,5363880.0,6,38,Empleado,2610000,572000,803315,95.227787,795.0,4,2,0.0,17056.0,17056.0,0.0,2,1,1,1365140.0,Creciente,1
4,2025-08-26 12:13:32,960000.0,6,35,Independiente,5110000,3149000,144498,95.227787,777.0,7,7,0.0,70330.0,70330.0,0.0,5,0,1,1416228.0,Decreciente,1
4,2025-08-26 14:06:36,9240000.0,36,49,Empleado,21370000,13763000,311749,95.227787,832.0,22,3,0.0,293204.0,292753.0,0.0,20,0,2,15434626.0,Decreciente,1
4,2025-08-26 14:48:38,2883840.0,12,32,Empleado,2750000,1066000,230009,95.227787,761.0,11,8,0.0,37447.0,37447.0,0.0,8,0,1,3039039.0,Creciente,1
4,2025-08-26 15:32:39,1518000.0,6,44,Empleado,4890000,2150000,229275,95.227787,747.0,14,2,0.0,24431.0,24431.0,0.0,7,1,6,3491481.0,Creciente,1
4,2025-08-26 15:57:27,590929.2,6,43,Empleado,1897917,14000,89253,95.227787,787.0,2,4,0.0,0.0,0.0,0.0,0,1,1,1977103.0,Creciente,1
4,2025-08-26 16:03:45,1296513.6,6,39,Empleado,1569750,817000,195824,95.227787,738.0,8,5,0.0,21507.0,15398.0,0.0,2,2,0,1578761.0,Creciente,1
4,2025-08-26 16:11:39,3489120.0,6,40,Independiente,4100000,212000,525177,95.227787,885.0,5,3,0.0,203.0,203.0,0.0,4,0,0,1520269.0,Decreciente,1
4,2025-08-26 17:33:41,2207640.0,6,42,Empleado,2910000,1571000,332291,95.227787,791.0,5,7,0.0,49751.0,49751.0,0.0,2,1,0,838500.0,Estable,1
4,2025-08-26 17:54:24,1358160.0,6,40,Independiente,1910000,0,204449,95.227787,767.0,1,0,0.0,44.0,44.0,0.0,0,0,0,,,1
4,2025-08-26 18:09:42,1140000.0,12,54,Empleado,2950000,400000,91757,95.227787,803.0,1,4,0.0,417.0,417.0,0.0,0,0,1,1000000.0,Creciente,1
4,2025-08-26 18:10:42,3219840.0,12,35,Empleado,2710000,1146000,259161,95.227787,770.0,6,5,0.0,53329.0,53329.0,0.0,4,0,1,2000000.0,Estable,1
9,2025-08-27 08:38:59,4309704.0,4,122,Empleado,202000000,744285000,870898,95.227787,0.0,0,0,,,,,0,0,0,,,1
9,2025-08-27 10:16:31,3978908.4,10,36,Empleado,2800000,2608000,342272,95.227787,763.0,11,9,0.0,26010.0,26010.0,0.0,6,0,2,2100000.0,Decreciente,1
9,2025-08-27 10:22:31,878880.0,6,27,Empleado,1000000,2218000,120902,95.227787,752.0,8,3,0.0,65169.0,65169.0,0.0,5,1,2,939333.0,Creciente,1
4,2025-08-27 10:56:43,960000.0,6,52,Empleado,1000000,77000,144997,95.227787,790.0,2,2,0.0,4109.0,4109.0,0.0,1,0,0,966736.0,Creciente,1
4,2025-08-27 11:36:36,4949282.399999999,12,45,Empleado,2740000,1061000,394744,95.227787,817.0,5,3,0.0,25292.0,18167.0,0.0,1,0,1,1470484.0,Creciente,1
4,2025-08-27 13:24:39,1372800.0,6,31,Empleado,2970000,0,205596,95.227787,755.0,2,2,0.0,29.0,29.0,0.0,1,0,0,969647.0,Creciente,1
4,2025-08-27 14:43:31,3135600.0,6,55,Empleado,2650000,960000,469599,95.227787,925.0,4,3,0.0,50605.0,50605.0,0.0,4,0,0,,,1
4,2025-08-27 14:49:31,761760.0,12,50,Empleado,1853000,78000,61313,95.227787,838.0,3,0,0.0,464.0,464.0,0.0,2,0,0,975052.0,Creciente,1
9,2025-08-27 15:45:39,3452146.8,11,27,Empleado,2100000,2543000,272742,95.227787,795.0,5,3,0.0,44167.0,44167.0,0.0,3,1,0,2181768.0,Creciente,1
4,2025-08-27 16:01:32,1931880.0,18,40,Empleado,3560000,173000,110688,95.227787,732.0,5,4,0.0,957.0,957.0,0.0,3,0,0,3810750.0,Creciente,1
9,2025-08-27 16:16:30,3169874.4,9,55,Independiente,1000000,1056000,299877,95.227787,845.0,6,6,0.0,40016.0,6348.0,0.0,4,0,0,969508.0,Creciente,1
4,2025-08-27 16:40:33,1200000.0,8,42,Empleado,1540000,290000,137673,95.227787,772.0,4,6,0.0,2555.0,2555.0,0.0,0,0,4,966667.0,Creciente,1
4,2025-08-27 16:59:34,749700.0,6,37,Empleado,2100000,596000,112278,95.227787,761.0,6,4,0.0,5519.0,5519.0,0.0,3,0,0,1200000.0,Estable,1
4,2025-08-27 17:16:34,7548960.0,36,38,Empleado,18490000,5276000,254695,95.227787,840.0,5,3,0.0,157882.0,157882.0,0.0,5,0,0,4660556.0,Creciente,1
4,2025-08-27 18:51:38,2902344.0,6,42,Independiente,1000000,897000,434705,95.227787,705.0,7,4,0.0,37206.0,37206.0,0.0,3,0,3,972557.0,Creciente,1
4,2025-08-28 07:01:54,2856360.0,6,36,Empleado,2140000,192000,427779,95.227787,838.0,7,0,0.0,790.0,790.0,0.0,3,0,1,1590555.0,Creciente,1
4,2025-08-28 09:28:27,1389756.0,6,42,Independiente,2470000,920000,209905,95.227787,751.0,6,2,0.0,15392.0,11883.0,0.0,2,0,4,,,1
4,2025-08-28 09:51:13,696000.0,6,49,Independiente,2600000,1845000,105480,95.227787,764.0,12,7,0.0,23507.0,23507.0,0.0,2,1,5,1000000.0,Decreciente,1
4,2025-08-28 10:15:02,7258800.0,18,55,Independiente,2480000,1831000,410515,95.227787,823.0,4,2,0.0,1326.0,1326.0,0.0,2,0,2,,,1
10,2025-08-28 10:40:29,8640000.0,36,55,Independiente,2510000,1322000,303279,95.227787,777.0,6,2,0.0,14072.0,14072.0,0.0,2,0,3,,,1
4,2025-08-28 11:00:30,3120000.0,12,35,Independiente,6070000,3804000,255031,95.227787,732.0,8,4,0.0,159252.0,159252.0,0.0,5,0,0,972557.0,Creciente,1
4,2025-08-28 11:16:03,4243200.0,6,42,Independiente,2990000,4048000,640883,95.227787,769.0,10,2,0.0,51273.0,37821.0,0.0,6,0,1,977131.0,8315,1
9,2025-08-28 12:01:24,1604491.2,6,26,Empleado,1800000,1945000,220719,95.227787,776.0,2,4,0.0,56271.0,56271.0,0.0,2,0,0,1733334.0,Creciente,1
4,2025-08-28 12:06:23,3240000.0,6,33,Independiente,4720000,99000,489362,95.227787,853.0,6,2,0.0,2562.0,2562.0,0.0,5,0,0,3690909.0,Creciente,1
9,2025-08-28 12:13:15,813600.0,12,28,Empleado,4530000,2481000,56500,95.227787,754.0,10,5,0.0,105527.0,96971.0,0.0,4,1,3,2967495.0,Creciente,1
9,2025-08-28 12:13:24,996260.4,10,29,Empleado,1767728,102000,85700,95.227787,811.0,2,8,0.0,275.0,275.0,0.0,0,0,2,1713820.0,Creciente,1
4,2025-08-28 12:14:27,1603200.0,12,47,Independiente,2140000,191000,129847,95.227787,750.0,4,6,0.0,19241.0,9481.0,0.0,4,0,0,,,1
4,2025-08-28 12:15:56,5496000.0,6,40,Independiente,4520000,1966000,830102,84.730786,807.0,12,3,0.0,37929.0,37929.0,0.0,5,1,1,1175902.0,Estable,1
4,2025-08-28 12:31:01,5016960.0,24,34,Independiente,4610000,1876000,228670,95.227787,785.0,10,8,0.0,53815.0,53815.0,0.0,7,0,0,33334.0,Estable,1
4,2025-08-28 13:34:43,937200.0,18,61,Empleado,6460000,1857000,54891,95.227787,845.0,4,12,0.0,121046.0,97508.0,0.0,1,2,1,3262573.0,Creciente,1
4,2025-08-28 14:16:44,870000.0,8,36,Empleado,3030000,154000,99813,95.227787,821.0,5,4,0.0,2088.0,2088.0,0.0,1,0,2,1086175.0,Creciente,1
9,2025-08-28 14:59:29,379774.8,5,41,Empleado,1272000,225000,62041,95.227787,755.0,3,5,0.0,11097.0,11097.0,0.0,1,0,2,2152346.0,Creciente,1
4,2025-08-28 15:15:45,840000.0,6,41,Empleado,0,0,126436,95.227787,797.0,0,8,0.0,0.0,,,0,0,0,,,1
9,2025-08-28 15:18:19,2182345.2,10,45,Empleado,908526,0,187729,84.730786,790.0,1,1,0.0,152.0,152.0,0.0,0,0,1,969508.0,Creciente,1
4,2025-08-28 16:41:46,1058400.0,6,52,Empleado,1667258,432000,159859,95.227787,788.0,3,2,0.0,5102.0,5102.0,0.0,2,0,1,1572378.0,Creciente,1
4,2025-08-28 16:45:47,2503498.8,12,61,Empleado,3310000,65000,200949,95.227787,838.0,7,2,0.0,0.0,0.0,0.0,4,0,1,969508.0,Creciente,1
4,2025-08-28 17:37:48,1080000.0,6,20,Empleado,7720000,2563000,163121,95.227787,790.0,6,2,0.0,201466.0,201466.0,0.0,3,0,0,,,1
4,2025-08-28 17:53:49,4054177.2,36,37,Empleado,3730000,963000,145691,95.227787,763.0,10,3,0.0,65266.0,65266.0,0.0,6,0,0,3106274.0,Decreciente,1
4,2025-08-28 18:04:49,2301360.0,6,34,Empleado,2610000,902000,347592,95.227787,780.0,3,3,0.0,4732.0,4732.0,0.0,2,0,0,3778222.0,Creciente,1
4,2025-08-28 18:17:49,836400.0,8,46,Empleado,1700000,355000,97631,95.227787,789.0,6,2,0.0,4576.0,4576.0,0.0,2,0,3,,,1
4,2025-08-28 18:31:50,2856360.0,8,26,Empleado,1840000,520000,327704,95.227787,801.0,1,6,0.0,344.0,344.0,0.0,1,0,0,1800000.0,Estable,1
4,2025-08-28 18:39:50,990000.0,6,40,Empleado,3360000,1053000,150289,95.227787,795.0,4,6,0.0,76161.0,34044.0,0.0,1,3,0,2523774.0,Decreciente,1
4,2025-08-28 19:16:51,600000.0,6,67,Independiente,2000000,497000,90174,95.227787,797.0,2,7,0.0,6897.0,6897.0,0.0,1,0,1,,,1
4,2025-08-28 19:36:41,2032680.0,18,28,Independiente,3210000,538000,116006,95.227787,719.0,6,5,0.0,2014.0,2014.0,0.0,1,0,0,411111.0,Creciente,1
4,2025-08-29 08:08:28,494400.0,8,65,Empleado,3220000,1567000,57710,95.227787,801.0,6,2,0.0,37189.0,37189.0,0.0,2,2,2,975052.0,Creciente,1
4,2025-08-29 11:17:40,2915280.0,8,51,Independiente,954263,100000,336658,95.227787,766.0,4,6,0.0,304.0,304.0,0.0,0,0,1,954263.0,Creciente,1
4,2025-08-29 11:20:03,2280000.0,6,30,Empleado,2060000,1478000,346120,95.227787,732.0,2,4,0.0,12791.0,12791.0,0.0,1,1,0,1266666.0,Creciente,1
4,2025-08-29 11:31:03,1152340.8,12,59,Empleado,8080000,77000,93331,95.227787,911.0,5,1,0.0,42696.0,42696.0,0.0,3,0,0,4470865.0,Decreciente,1
9,2025-08-29 12:41:47,976208.4,9,25,Empleado,2000000,234000,92351,95.227787,756.0,4,10,0.0,541.0,541.0,0.0,4,0,0,979672.0,Creciente,1
9,2025-08-29 13:08:48,4387485.6,5,57,Empleado,3862197,4450000,716755,95.227787,819.0,12,6,0.0,187769.0,174189.0,0.0,8,2,0,4004919.0,Creciente,1
4,2025-08-29 14:09:47,1572000.0,6,59,Independiente,3780000,1222000,237431,95.227787,813.0,7,9,0.0,24014.0,24014.0,0.0,4,0,2,,,1
4,2025-08-29 14:15:58,2856360.0,6,42,Empleado,3810000,798000,427818,95.227787,875.0,7,2,0.0,4989.0,4989.0,0.0,6,0,0,2750000.0,Creciente,1
4,2025-08-29 14:28:09,1200000.0,6,58,Empleado,2930000,141000,182158,95.227787,864.0,3,2,0.0,407.0,407.0,0.0,2,0,0,1727272.0,Decreciente,1
4,2025-08-29 14:37:08,892920.0,8,30,Empleado,3890000,0,102443,95.227787,789.0,6,7,0.0,155761.0,4591.0,0.0,3,0,0,790129.0,Decreciente,1
9,2025-08-29 15:13:50,1729821.6,9,28,Independiente,3796328,1826000,163645,95.227787,748.0,9,15,0.0,65726.0,65726.0,0.0,8,0,0,4261747.0,Creciente,1
9,2025-08-29 15:23:55,813600.0,12,58,Empleado,11550000,7839000,56500,95.227787,857.0,5,3,0.0,7294.0,7294.0,0.0,2,0,0,22078209.0,Creciente,1
4,2025-08-29 15:31:24,1996800.0,12,29,Empleado,3000000,730000,161726,95.227787,790.0,6,5,0.0,23879.0,23879.0,0.0,4,0,0,2262922.0,Creciente,1
4,2025-08-29 15:36:24,1824000.0,6,42,Independiente,7300000,3763000,275492,95.227787,774.0,7,5,0.0,50603.0,50603.0,0.0,6,0,0,975052.0,Creciente,1
4,2025-08-29 15:40:56,2706000.0,6,32,Independiente,4720000,152000,410790,95.227787,815.0,3,2,0.0,807.0,807.0,0.0,1,0,0,1000000.0,Estable,1
4,2025-08-29 16:13:09,1800000.0,6,37,Independiente,2650000,829000,271868,95.227787,770.0,3,2,0.0,7223.0,7223.0,0.0,1,0,0,1277700.0,Creciente,1
4,2025-08-29 17:04:01,1358520.0,6,62,Independiente,1690000,98000,205188,95.227787,860.0,2,2,0.0,1052.0,1052.0,0.0,1,0,1,,,1
4,2025-08-29 17:31:46,547200.0,6,46,Independiente,2480000,1256000,82648,95.227787,778.0,3,2,0.0,16013.0,16013.0,0.0,0,0,3,,,1
4,2025-08-29 18:22:52,2071200.0,6,33,Independiente,4010000,2142000,312829,95.227787,835.0,6,4,0.0,65628.0,65628.0,0.0,2,0,2,975052.0,Creciente,1
4,2025-08-30 08:57:45,1797600.0,6,44,Independiente,4530000,3097000,270572,95.227787,749.0,8,3,0.0,49728.0,40234.0,0.0,6,0,1,1408333.0,Creciente,1
9,2025-08-30 09:09:35,3229918.8,11,37,Empleado,1000000,0,255184,95.227787,770.0,1,0,0.0,0.0,0.0,,0,0,1,,,1
4,2025-08-30 10:02:05,1742400.0,6,42,Empleado,2040000,657000,264508,95.227787,732.0,5,2,0.0,5229.0,5229.0,0.0,1,0,2,846666.0,Creciente,1
4,2025-08-30 10:16:26,1252800.0,6,63,Independiente,2800000,1295000,189864,95.227787,784.0,4,4,0.0,50154.0,50154.0,0.0,0,1,1,,,1
4,2025-08-30 10:18:54,540000.0,6,32,Empleado,2990000,578000,81838,95.227787,729.0,8,8,0.0,19209.0,19209.0,0.0,6,0,1,1378938.0,Creciente,1
4,2025-08-30 11:52:48,11640000.0,6,57,Independiente,1556000,2706000,1752211,95.227787,845.0,13,5,0.0,66444.0,66444.0,0.0,8,0,1,1789333.0,Creciente,1
9,2025-08-30 12:02:29,3608606.4,10,55,Empleado,1200000,1007000,310418,95.227787,723.0,16,5,0.0,54405.0,54405.0,0.0,14,0,0,1290000.0,Creciente,1
4,2025-08-30 13:52:41,3510900.0,6,54,Independiente,4860000,970000,527653,95.227787,788.0,11,2,0.0,26481.0,26481.0,0.0,6,0,1,30285.0,Creciente,1
9,2025-08-30 14:24:32,2497572.0,10,67,Empleado,6813000,1735000,214845,95.227787,803.0,10,5,0.0,166722.0,166722.0,0.0,3,1,3,,,1
4,2025-08-30 14:45:50,840000.0,6,35,Independiente,2240000,1183000,126872,53.364705,790.0,7,3,0.0,45702.0,18170.0,0.0,2,2,2,1068541.0,Decreciente,0
4,2025-08-30 14:52:42,1680000.0,6,48,Independiente,1660000,59000,253743,95.227787,773.0,7,8,0.0,553.0,553.0,0.0,1,0,2,,,1
9,2025-08-30 14:58:33,3088912.8,5,59,Empleado,2170000,0,504616,95.227787,859.0,1,1,0.0,0.0,0.0,0.0,0,0,1,,,1
4,2025-08-30 15:00:28,989384.4,6,25,Empleado,2280000,95000,149434,95.227787,744.0,1,7,0.0,96.0,96.0,0.0,0,0,1,1695169.0,Creciente,1
4,2025-08-30 15:24:43,2848208.4,12,30,Independiente,1948000,180000,230683,81.231786,795.0,3,3,0.0,43987.0,43987.0,0.0,2,0,0,3087088.0,Creciente,1
4,2025-08-30 16:00:39,1392000.0,6,31,Independiente,3410000,668000,210244,95.227787,771.0,6,3,0.0,41519.0,27680.0,0.0,2,2,1,,,1
9,2025-08-30 16:20:35,4098932.4,5,29,Independiente,4161036,2180000,669616,95.227787,748.0,7,7,0.0,51867.0,47938.0,0.0,4,1,2,3713590.0,Creciente,1
4,2025-08-30 16:29:19,1704000.0,6,40,Independiente,2760000,701000,257370,95.227787,769.0,4,9,0.0,2787.0,2787.0,0.0,1,0,1,1000000.0,Estable,1
4,2025-08-30 16:32:29,1636706.4,6,29,Independiente,908526,1327000,247206,95.227787,722.0,9,9,0.0,27211.0,13704.0,0.0,1,0,5,908526.0,Estable,1
4,2025-08-30 16:43:11,2100322.8,8,42,Empleado,2170000,609000,243585,-4.727537,706.0,5,8,0.0,9568.0,7403.0,0.0,0,0,5,,,0
4,2025-08-30 16:53:37,1412400.0,12,31,Empleado,1560000,694000,112668,95.227787,709.0,8,0,0.0,6362.0,6362.0,0.0,1,0,3,922222.0,Creciente,1
9,2025-08-30 16:59:36,3675778.8,10,58,Empleado,4410000,2924000,316196,95.227787,773.0,10,5,0.0,174791.0,152317.0,0.0,5,3,1,,,1
4,2025-08-30 17:16:18,1897920.0,6,68,Empleado,10980000,2586000,285701,95.227787,816.0,10,3,0.0,118037.0,118037.0,0.0,8,0,0,4321478.0,Creciente,1
4,2025-08-30 17:35:35,1499880.0,24,34,Empleado,1840000,1417000,69498,95.227787,717.0,5,4,0.0,6532.0,6532.0,0.0,2,0,2,800000.0,Creciente,1
4,2025-08-30 17:52:55,1704000.0,6,51,Empleado,2940000,903000,257370,95.227787,724.0,9,4,0.0,77637.0,35325.0,0.0,0,6,0,4016932.0,Creciente,1
4,2025-08-30 18:10:28,1368000.0,24,23,Empleado,1055324,166000,63389,-4.727537,715.0,2,2,0.0,5248.0,5248.0,0.0,0,0,1,1064314.0,Creciente,0
10,2025-08-30 19:12:30,366960.0,6,35,Independiente,1000000,50000,55240,95.227787,821.0,2,4,0.0,729.0,729.0,0.0,0,0,1,966736.0,Creciente,1
9,2025-08-31 11:05:59,5500800.0,12,31,Empleado,1810000,0,382000,95.227787,793.0,1,5,0.0,118573.0,0.0,0.0,0,1,0,3454524.0,Creciente,1
4,2025-08-31 12:08:41,1707840.0,10,32,Empleado,2650000,615000,163469,95.227787,805.0,3,2,0.0,13443.0,13443.0,0.0,1,0,1,1869900.0,Decreciente,1
4,2025-08-31 12:12:41,6708000.0,12,47,Empleado,3460000,1369000,548316,95.227787,777.0,7,4,0.0,29302.0,29302.0,0.0,2,0,5,977131.0,Creciente,1
4,2025-08-31 13:34:00,1560000.0,6,51,Independiente,2250000,785000,235619,95.227787,698.0,9,1,0.0,58521.0,22680.0,0.0,0,6,1,,,1
4,2025-08-31 16:01:36,3766800.0,36,27,Empleado,2610000,695000,134318,95.227787,721.0,5,3,0.0,5663.0,5663.0,0.0,3,0,0,862101.0,Creciente,1
4,2025-08-31 16:16:37,1128000.0,8,26,Empleado,2170000,69000,131669,95.227787,723.0,4,5,0.0,346.0,134.0,0.0,2,0,1,1103323.0,Creciente,1
4,2025-08-31 16:48:12,600000.0,6,36,Independiente,2550000,4046000,90931,95.227787,708.0,8,4,0.0,22575.0,16529.0,0.0,3,0,5,,,1
9,2025-08-31 18:25:03,3393500.4,11,28,Empleado,3782500,860000,268108,95.227787,791.0,4,3,0.0,40053.0,40053.0,0.0,1,1,1,5616666.0,Creciente,1
4,2025-08-31 18:43:30,3038880.0,12,34,Independiente,2607000,1296000,243922,95.227787,785.0,5,6,0.0,19926.0,19926.0,0.0,4,0,0,1939366.0,Creciente,1
4,2025-09-01 08:07:48,7811544.0,12,43,Independiente,7740000,2566000,627010,95.227787,809.0,8,3,0.0,42708.0,42708.0,0.0,4,0,1,1141818.0,Decreciente,1
9,2025-09-01 12:00:27,2940710.4,11,28,Empleado,4350000,3119000,232335,95.227787,725.0,7,6,0.0,12748.0,12748.0,0.0,2,0,3,2035477.0,Creciente,1
4,2025-09-01 12:48:15,1607880.0,6,28,Independiente,3150000,1866000,242850,95.227787,713.0,7,12,0.0,4161.0,4161.0,0.0,2,0,2,,,1
4,2025-09-01 12:59:11,1548000.0,6,56,Independiente,14070000,3850000,233026,95.227787,837.0,8,5,0.0,59838.0,59838.0,0.0,7,0,1,969508.0,Creciente,1
9,2025-09-01 13:18:08,3098661.6,11,38,Empleado,2238000,186000,244814,88.229786,825.0,1,3,0.0,65890.0,65890.0,0.0,1,0,0,,,1
4,2025-09-01 13:45:06,2697600.0,12,55,Independiente,2040000,416000,216528,95.227787,823.0,2,3,0.0,6882.0,3958.0,0.0,0,0,2,,,1
9,2025-09-01 13:52:09,3761084.4,10,36,Independiente,2600000,528000,323534,47.613894,820.0,1,3,0.0,747.0,747.0,0.0,1,0,0,,,0
4,2025-09-01 14:47:07,8640000.0,24,58,Independiente,3470000,1374000,400341,95.227787,784.0,5,7,0.0,30997.0,30997.0,0.0,3,0,0,7107518.0,Creciente,1
4,2025-09-01 17:22:11,2493240.0,6,28,Empleado,4200000,1978000,374709,95.227787,754.0,13,7,0.0,43767.0,43767.0,0.0,5,0,0,975052.0,Creciente,1
4,2025-09-01 17:57:11,2175420.0,6,42,Empleado,3820000,35000,326944,95.227787,873.0,6,3,0.0,85.0,85.0,0.0,1,0,3,1050000.0,Creciente,1
4,2025-09-02 11:43:12,6000000.0,36,52,Independiente,1000000,260000,210618,95.227787,841.0,2,3,0.0,8603.0,8603.0,0.0,1,0,0,969508.0,Creciente,1
4,2025-09-02 12:49:17,5068200.0,6,61,Empleado,10870000,2224000,761699,95.227787,882.0,3,0,0.0,185566.0,185566.0,0.0,3,0,0,24376313.0,Creciente,1
4,2025-09-02 14:25:20,1410163.2,6,34,Empleado,3600000,1405000,214073,95.227787,759.0,5,4,0.0,28597.0,28597.0,0.0,3,0,2,1436104.0,Creciente,1
4,2025-09-02 15:16:28,1392000.0,6,54,Independiente,2960000,0,210244,95.227787,862.0,2,2,0.0,629.0,629.0,0.0,1,0,1,,,1
4,2025-09-02 15:32:25,1620000.0,6,68,Independiente,1500000,240000,244683,95.227787,766.0,6,4,0.0,128767.0,128767.0,0.0,4,0,1,2458181.0,Decreciente,1
4,2025-09-02 15:39:37,2428800.0,6,57,Independiente,5390000,1220000,366843,95.227787,772.0,10,8,0.0,33556.0,33556.0,0.0,4,0,1,1500000.0,Estable,1
4,2025-09-02 15:55:13,4787040.0,24,30,Empleado,2530000,217000,221811,95.227787,785.0,5,3,0.0,758.0,758.0,0.0,0,0,1,2048514.0,Creciente,1
4,2025-09-02 17:13:13,1612800.0,6,57,Empleado,3850000,394000,242388,95.227787,820.0,6,5,0.0,4032.0,4032.0,0.0,2,0,1,1456672.0,Estable,1
4,2025-09-02 17:17:13,1494840.0,12,29,Empleado,2860000,1401000,121071,95.227787,761.0,8,10,0.0,37365.0,37365.0,0.0,4,0,2,3819172.0,Creciente,1
4,2025-09-02 17:22:13,514080.0,6,32,Empleado,3140000,1166000,77910,95.227787,735.0,10,9,0.0,20340.0,20340.0,0.0,2,1,1,1924302.0,Creciente,1
4,2025-09-02 17:48:14,1823880.0,12,27,Empleado,1880000,299000,147720,95.227787,776.0,1,5,0.0,2083.0,2083.0,0.0,1,0,0,1500000.0,Creciente,1
4,2025-09-02 18:49:15,875880.0,6,46,Empleado,3930000,968000,132291,95.227787,892.0,5,2,0.0,21853.0,21853.0,0.0,3,0,1,2535646.0,Creciente,1
9,2025-09-03 09:42:31,2594442.0,7,29,Empleado,2600000,779000,309110,47.613894,721.0,7,10,0.0,52714.0,27257.0,0.0,2,1,2,2467389.0,Creciente,0
4,2025-09-03 11:13:01,3502800.0,12,43,Empleado,6823467,3182000,283704,95.227787,719.0,13,7,0.0,110023.0,110023.0,0.0,6,0,5,8213330.0,Creciente,1
4,2025-09-03 12:33:26,2220000.0,24,31,Independiente,1080000,171000,102868,95.227787,783.0,1,1,0.0,2313.0,2313.0,0.0,0,0,1,,,1
4,2025-09-03 14:40:33,3025920.0,18,40,Empleado,3300000,1543000,174920,95.227787,739.0,8,3,0.0,10255.0,10255.0,0.0,4,0,1,1194750.0,Creciente,1
4,2025-09-03 15:24:54,1710721.2,12,36,Empleado,2120000,151000,138555,95.227787,754.0,2,6,0.0,5061.0,5061.0,0.0,1,0,1,1014633.0,Creciente,1
4,2025-09-03 18:44:59,4093081.2,36,34,Empleado,2100000,78000,140389,95.227787,711.0,4,3,0.0,10335.0,10335.0,0.0,3,0,1,1043234.0,Creciente,1
4,2025-09-03 18:49:28,6000000.0,24,44,Independiente,1000000,797000,274952,95.227787,833.0,8,7,0.0,7279.0,7279.0,0.0,7,0,0,969508.0,Creciente,1
9,2025-09-04 08:40:48,950182.8,11,25,Empleado,2652000,1303000,81598,95.227787,632.0,8,4,0.0,19623.0,19623.0,0.0,2,1,4,880000.0,Creciente,1
9,2025-09-04 09:23:04,1526745.6,9,68,Independiente,1344000,138000,144433,95.227787,781.0,1,7,0.0,10086.0,0.0,0.0,0,0,1,,,1
9,2025-09-04 09:42:04,1428766.8,10,60,Empleado,4660000,0,122905,95.227787,888.0,5,3,0.0,264.0,264.0,0.0,3,0,0,4128152.0,Creciente,1
4,2025-09-04 09:58:19,555121.2,6,47,Empleado,2890000,1099000,83844,53.349091,785.0,6,6,0.0,28312.0,28312.0,0.0,4,0,1,1082636.0,Creciente,0
4,2025-09-04 10:12:00,1771200.0,6,36,Independiente,8770000,4437000,267520,53.364705,749.0,15,5,0.0,126361.0,115098.0,0.0,8,1,2,972857.0,Creciente,0
4,2025-09-04 10:38:16,8400000.0,36,60,Empleado,5700000,3543000,301863,95.227787,804.0,14,5,0.0,238527.0,238527.0,0.0,10,0,2,,,1
4,2025-09-04 13:29:24,452518.8,6,46,Empleado,1460000,524000,68696,83.231214,708.0,5,5,0.0,5037.0,5037.0,0.0,1,0,4,980224.0,Creciente,1
9,2025-09-04 13:46:00,2098173.6,9,67,Empleado,5970000,144000,198492,95.227787,840.0,3,3,0.0,0.0,0.0,0.0,1,0,0,4866666.0,Estable,1
4,2025-09-04 14:24:20,4284000.0,6,41,Independiente,14210000,7492000,644886,95.227787,809.0,15,14,0.0,220377.0,220377.0,0.0,12,0,0,1000000.0,Creciente,1
4,2025-09-04 16:26:43,360000.0,6,63,Empleado,4210000,1302000,54651,95.227787,846.0,7,4,0.0,29131.0,29131.0,0.0,4,0,2,977131.0,Creciente,1
4,2025-09-04 16:28:18,2273640.0,6,39,Independiente,4588000,651000,343405,95.227787,840.0,5,3,0.0,0.0,0.0,0.0,2,0,0,977131.0,Creciente,1
4,2025-09-04 16:57:19,5136240.0,36,25,Independiente,3160000,834000,180291,95.227787,725.0,8,3,0.0,6077.0,6077.0,0.0,1,0,6,1900000.0,Decreciente,1
4,2025-09-04 16:59:19,2389918.8,6,59,Empleado,3040000,2408000,360967,95.227787,829.0,6,3,0.0,64241.0,64241.0,0.0,4,0,1,977131.0,Creciente,1
4,2025-09-04 17:00:09,1994040.0,6,41,Empleado,5887794,3206000,300170,95.227787,801.0,4,6,0.0,212346.0,212346.0,0.0,2,0,1,1833333.0,Creciente,1
9,2025-09-04 17:55:05,1981317.6,9,40,Empleado,2244938,246000,187437,89.2295,892.0,4,2,0.0,26447.0,26447.0,0.0,3,0,0,4053333.0,Creciente,1
4,2025-09-04 18:08:00,2109967.2,6,40,Empleado,2721902,1376000,317621,95.227787,858.0,5,11,0.0,48094.0,48094.0,0.0,3,0,0,2952158.0,Creciente,1
4,2025-09-04 18:11:03,6830221.2,36,42,Empleado,4170000,824000,234207,95.227787,840.0,9,4,0.0,60913.0,60913.0,0.0,4,0,2,5600711.0,Decreciente,1
4,2025-09-04 18:58:22,2252040.0,6,48,Independiente,1750000,455000,340143,95.227787,798.0,5,1,0.0,6404.0,6404.0,0.0,0,0,2,975052.0,Creciente,1
4,2025-09-04 19:00:21,2433241.2,6,55,Empleado,2380000,691000,367514,95.227787,728.0,5,3,0.0,3050.0,3050.0,0.0,2,0,0,4263.0,Creciente,1
9,2025-09-05 10:11:09,1457583.6,5,35,Empleado,2220000,367000,238116,95.227787,738.0,3,3,0.0,1172.0,1172.0,0.0,0,0,1,1000000.0,Creciente,1
9,2025-09-05 10:14:22,3702090.0,5,122,Empleado,1842754,7944033,657377,95.227787,0.0,0,0,,,,,0,0,0,,,1
4,2025-09-05 10:44:06,7929600.0,6,55,Independiente,12630000,7418000,1197667,95.227787,842.0,13,4,0.0,191229.0,191229.0,0.0,8,0,4,1000000.0,Creciente,1
4,2025-09-05 11:31:26,1308000.0,6,37,Empleado,1960000,232000,198564,95.227787,744.0,4,4,0.0,1786.0,1786.0,0.0,0,0,3,977131.0,Creciente,1
9,2025-09-05 12:08:02,560120.4,6,68,Independiente,2330000,124000,77052,95.227787,842.0,3,2,0.0,176.0,176.0,0.0,0,0,3,969508.0,Creciente,1
4,2025-09-05 12:54:16,1370040.0,6,24,Empleado,1810000,0,206927,95.227787,730.0,5,4,0.0,572.0,572.0,0.0,0,0,1,822701.0,Decreciente,1
4,2025-09-05 12:56:40,3768000.0,6,31,Independiente,2720000,865000,569109,95.227787,761.0,6,5,0.0,12280.0,12280.0,0.0,2,0,3,,,1
4,2025-09-05 14:43:18,7500000.0,6,29,Independiente,4200000,1600000,1132782,95.227787,775.0,4,6,0.0,67934.0,67934.0,0.0,3,0,0,2972727.0,Creciente,1
4,2025-09-05 14:44:46,630000.0,6,38,Independiente,3490000,1194000,95154,95.227787,813.0,2,1,0.0,35383.0,35383.0,0.0,0,2,0,,,1
9,2025-09-05 15:32:56,1840964.4,11,59,Empleado,2020000,482000,145448,95.227787,804.0,5,2,0.0,11504.0,11504.0,0.0,3,0,0,1222323.0,Creciente,1
9,2025-09-05 15:39:57,3800143.2,9,44,Independiente,7860000,2505000,359502,95.227787,853.0,7,4,0.0,201665.0,124670.0,0.0,6,0,0,1052842.0,Creciente,1
4,2025-09-05 16:44:12,8152560.0,24,42,Independiente,3640000,1923000,371590,95.227787,802.0,8,2,0.0,55170.0,55170.0,0.0,5,0,1,,,1
4,2025-09-05 16:48:11,2264040.0,6,32,Empleado,1940000,0,341955,95.227787,783.0,1,3,0.0,30.0,30.0,0.0,0,0,0,2142437.0,Creciente,1
4,2025-09-05 16:52:11,2400000.0,8,27,Independiente,1290000,128000,278338,95.227787,731.0,4,4,0.0,4379.0,4379.0,0.0,0,1,0,977131.0,Creciente,1
4,2025-09-05 18:55:57,4146000.0,6,48,Independiente,3370000,172000,628333,95.227787,787.0,3,3,0.0,20143.0,1124.0,0.0,1,0,2,,,1
4,2025-09-06 09:32:58,2400000.0,6,21,Independiente,3450000,1527000,362490,95.227787,743.0,7,7,0.0,13207.0,13207.0,0.0,1,0,5,980236.0,Creciente,1
9,2025-09-06 10:44:04,1763605.2,5,44,Empleado,7630000,741000,288109,95.227787,842.0,5,4,0.0,3084.0,3084.0,0.0,2,0,0,1179377.0,Creciente,1
4,2025-09-06 11:10:51,693600.0,6,43,Independiente,1890000,1144000,104760,95.227787,741.0,6,7,0.0,5106.0,5106.0,0.0,3,0,2,33334.0,Estable,1
4,2025-09-06 12:55:59,1020000.0,6,42,Independiente,3420000,1765000,154843,95.227787,813.0,10,7,0.0,172628.0,172628.0,0.0,3,0,4,975052.0,Creciente,1
4,2025-09-06 13:34:28,960000.0,6,48,Empleado,2410000,0,144996,95.227787,827.0,2,5,0.0,70.0,70.0,0.0,0,0,0,,,1
4,2025-09-06 16:52:55,8152560.0,18,54,Independiente,2210000,1004000,465271,95.227787,720.0,8,5,0.0,24876.0,24876.0,0.0,7,0,0,1120726.0,Creciente,1
4,2025-09-06 17:19:36,5056560.0,30,46,Independiente,2300000,695000,198917,95.227787,829.0,4,0,0.0,13088.0,13088.0,0.0,2,0,1,,,1
9,2025-09-06 17:50:04,3098746.8,11,28,Independiente,4206000,1714000,250143,95.227787,732.0,5,3,0.0,86098.0,71035.0,0.0,3,1,0,3220915.0,Creciente,1
4,2025-09-06 17:59:57,1607880.0,6,63,Empleado,5790000,4361000,242850,95.227787,846.0,6,6,0.0,61267.0,61267.0,0.0,3,2,0,977131.0,Creciente,1
4,2025-09-06 18:48:58,8496000.0,18,49,Independiente,5000000,2716000,484871,95.227787,812.0,5,1,0.0,155921.0,146940.0,0.0,1,2,1,,,1
4,2025-09-06 19:17:48,2217900.0,8,44,Independiente,2560000,297000,255596,95.227787,854.0,9,3,0.0,3500.0,3500.0,0.0,1,0,3,1560464.0,Creciente,1
4,2025-09-06 20:00:49,1453920.0,6,29,Empleado,1971000,329000,218510,95.227787,724.0,3,2,0.0,1645.0,1645.0,0.0,1,0,0,1528321.0,Decreciente,1
4,2025-09-07 08:59:07,1634103.6,24,48,Empleado,2511000,993000,75720,95.227787,823.0,8,6,0.0,77313.0,46579.0,0.0,4,0,3,2463330.0,Creciente,1
4,2025-09-07 09:17:58,2697600.0,6,29,Empleado,2100000,703000,405422,95.227787,739.0,4,7,0.0,5432.0,5432.0,0.0,1,0,1,975000.0,Creciente,1
4,2025-09-07 10:32:50,940800.0,12,38,Empleado,1940000,321000,76668,95.227787,784.0,1,3,0.0,345.0,345.0,0.0,1,0,0,1000000.0,Estable,1
4,2025-09-07 11:16:50,2250000.0,24,42,Independiente,8430000,4219000,102554,95.227787,805.0,12,15,0.0,252530.0,185945.0,0.0,2,3,5,,,1
9,2025-09-07 11:39:38,2270374.8,9,36,Empleado,2291000,834000,214782,95.227787,814.0,3,5,0.0,33.0,33.0,0.0,1,0,0,700000.0,Decreciente,1
9,2025-09-07 12:09:39,2388712.8,3,62,Empleado,1800000,0,636884,95.227787,780.0,1,2,0.0,0.0,0.0,0.0,0,0,0,,,1
4,2025-09-07 12:12:35,1161600.0,6,45,Independiente,2280000,513000,174577,95.227787,857.0,5,2,0.0,58577.0,812.0,0.0,2,0,2,,,1
4,2025-09-07 13:15:53,7732080.0,6,59,Empleado,10811000,5167000,1162054,95.227787,826.0,16,8,0.0,140955.0,140955.0,0.0,8,0,3,,,1
9,2025-09-07 15:19:33,1131320.4,9,122,Empleado,8252584000,3147612000,107025,95.227787,0.0,0,0,,,,,0,0,0,,,1
9,2025-09-07 15:27:33,1947673.2,5,42,Empleado,8380000,3776000,318179,95.227787,819.0,13,3,0.0,46225.0,46225.0,0.0,8,0,1,1000000.0,Estable,1
4,2025-09-07 16:14:57,3466320.0,18,33,Empleado,2950000,1080000,197825,95.227787,764.0,12,5,0.0,11444.0,11444.0,0.0,6,0,4,2828950.0,Creciente,1
4,2025-09-07 16:57:05,1925768.4,6,39,Independiente,3252000,2106000,290866,95.227787,758.0,8,6,0.0,114403.0,114403.0,0.0,4,0,2,893333.0,Creciente,1
9,2025-09-07 17:39:36,6623864.399999999,10,60,Empleado,7760000,5331000,569795,95.227787,782.0,13,10,0.0,113259.0,113259.0,0.0,7,0,4,969508.0,Creciente,1
4,2025-09-07 17:43:49,2299200.0,12,35,Empleado,1460000,188000,187938,95.227787,781.0,3,3,0.0,34974.0,7212.0,0.0,0,2,1,1557763.0,Creciente,1
9,2025-09-07 17:54:36,1439146.8,10,31,Independiente,2680000,1493000,123798,95.227787,797.0,5,2,0.0,66474.0,66474.0,0.0,2,2,0,745323.0,Decreciente,1
4,2025-09-07 18:16:59,2160000.0,24,20,Empleado,1200269,381000,100088,-4.727537,713.0,3,5,0.0,4308.0,4308.0,0.0,0,0,3,1215971.0,Creciente,0
4,2025-09-08 11:27:42,1056000.0,6,54,Empleado,2790000,1270000,160039,95.227787,870.0,3,2,0.0,53383.0,32109.0,0.0,2,0,1,,,1
4,2025-09-08 15:43:20,2908800.0,36,55,Empleado,5520000,3379000,103723,95.227787,776.0,14,3,0.0,118469.0,118469.0,0.0,9,0,2,3036869.0,Creciente,1
4,2025-09-08 18:23:44,621168.0,6,33,Independiente,1171000,55000,94298,95.227787,753.0,2,2,0.0,524.0,524.0,0.0,0,0,2,1000000.0,Creciente,1
4,2025-09-09 11:18:12,528000.0,6,38,Empleado,3440000,952000,80149,95.227787,848.0,6,2,0.0,15263.0,15263.0,0.0,3,0,0,975052.0,Creciente,1
4,2025-09-09 11:42:08,3720000.0,6,47,Independiente,2040000,669000,561864,89.979287,807.0,2,7,0.0,1646.0,1646.0,0.0,1,0,1,816666.0,Creciente,1
4,2025-09-09 12:10:08,1583641.2,6,40,Empleado,1720000,1641000,239189,95.227787,816.0,8,4,0.0,85947.0,85947.0,0.0,5,0,0,,,1
4,2025-09-09 12:14:40,531590.4,6,28,Empleado,1670000,0,80694,95.227787,758.0,1,5,0.0,0.0,0.0,0.0,0,0,0,,,1
4,2025-09-09 12:17:03,4073940.0,6,42,Independiente,2940000,1102000,612237,95.227787,754.0,6,5,0.0,30314.0,30314.0,0.0,2,0,1,1800000.0,Estable,1
10,2025-09-09 12:17:10,780000.0,12,55,Independiente,3500000,0,62793,95.227787,811.0,0,4,0.0,0.0,,,0,0,0,,,1
4,2025-09-09 12:28:52,1057761.6,6,46,Independiente,2460000,560000,160566,21.967396,810.0,1,4,0.0,19063.0,19063.0,0.0,1,0,0,,,0
4,2025-09-09 12:46:04,1260000.0,6,44,Empleado,2520000,409000,191277,95.227787,825.0,6,5,0.0,23446.0,23446.0,0.0,4,0,1,151421.0,Creciente,1
4,2025-09-09 13:07:17,2280000.0,6,61,Independiente,3610000,3000,344366,95.227787,854.0,5,0,0.0,0.0,0.0,0.0,3,0,1,722222.0,Creciente,1
4,2025-09-09 13:30:28,2710920.0,12,46,Empleado,4370000,2917000,218238,95.227787,781.0,7,5,0.0,52755.0,48836.0,0.0,6,0,0,,,1
4,2025-09-09 13:32:00,2469120.0,6,29,Empleado,2800000,893000,372930,95.227787,786.0,5,3,0.0,32475.0,22539.0,0.0,1,0,2,2248986.0,Creciente,1
4,2025-09-09 14:29:37,3360000.0,20,32,Empleado,2600000,2073000,181313,95.227787,775.0,12,2,0.0,98296.0,91707.0,0.0,3,2,5,977131.0,Creciente,1
4,2025-09-09 15:11:03,1430496.0,10,40,Independiente,1860000,511000,134814,95.227787,720.0,6,5,0.0,1560.0,1560.0,0.0,1,0,4,,,1
4,2025-09-09 15:36:15,1963200.0,6,32,Empleado,1500000,0,295032,95.227787,755.0,1,3,0.0,126.0,126.0,0.0,0,0,1,1613163.0,Creciente,1
4,2025-09-09 16:07:21,1656360.0,12,65,Independiente,3110000,918000,132937,95.227787,772.0,3,8,0.0,11545.0,11545.0,0.0,2,0,1,,,1
4,2025-09-09 16:07:54,480000.0,6,39,Empleado,2980000,838000,72139,95.227787,747.0,7,5,0.0,44658.0,17679.0,0.0,4,1,2,1393854.0,Creciente,1
4,2025-09-09 17:03:04,1663800.0,6,54,Independiente,1689000,320000,250038,95.227787,753.0,12,5,0.0,2514.0,2514.0,0.0,0,0,11,,,1
4,2025-09-09 17:05:55,1665241.2,6,34,Empleado,1620000,0,251514,95.227787,860.0,1,3,0.0,0.0,0.0,0.0,1,0,0,1457363.0,Decreciente,1
4,2025-09-09 17:13:42,1057761.6,6,28,Empleado,2190000,963000,160566,95.227787,760.0,2,2,0.0,1113.0,1113.0,0.0,2,0,0,2286666.0,Creciente,1
4,2025-09-09 17:26:14,1416000.0,6,56,Independiente,2200000,0,213871,89.2295,813.0,0,15,0.0,0.0,,,0,0,0,4331849.0,Creciente,1
4,2025-09-09 18:23:57,1232040.0,12,27,Empleado,3270000,89000,99786,95.227787,742.0,4,1,0.0,41966.0,0.0,0.0,1,0,1,908333.0,Creciente,1
4,2025-09-09 18:26:04,1931400.0,6,26,Empleado,908526,476000,289280,95.227787,786.0,5,4,0.0,5358.0,5358.0,0.0,2,0,2,969508.0,Creciente,1
4,2025-09-09 18:54:33,744600.0,6,45,Empleado,2000000,419000,112463,95.227787,765.0,4,5,0.0,7760.0,7760.0,0.0,2,0,2,969508.0,Creciente,1
10,2025-09-10 11:22:20,3960000.0,36,30,Empleado,4720000,1842000,139008,95.227787,759.0,8,4,0.0,50415.0,50415.0,0.0,5,0,0,2934630.0,Creciente,1
4,2025-09-10 12:30:42,3267840.0,6,44,Empleado,4770000,2282000,493567,95.227787,845.0,5,2,0.0,127561.0,127561.0,0.0,4,0,1,6240000.0,Creciente,1
9,2025-09-10 13:43:11,3511209.6,10,66,Empleado,9230000,4988000,302040,95.227787,820.0,14,3,0.0,163618.0,163618.0,0.0,10,0,0,969508.0,Creciente,1
9,2025-09-10 14:09:21,2014753.2,11,38,Empleado,2010000,654000,159178,95.227787,801.0,1,2,0.0,84692.0,84692.0,0.0,1,0,0,5292856.0,Creciente,1
4,2025-09-10 14:26:44,6238800.0,36,30,Independiente,3650000,1135000,213985,95.227787,807.0,3,8,0.0,95595.0,95595.0,0.0,2,0,0,,,1
4,2025-09-10 14:39:44,545280.0,6,57,Independiente,1562000,213000,81950,95.227787,800.0,2,3,0.0,0.0,0.0,0.0,0,0,0,977131.0,Creciente,1
4,2025-09-10 15:33:36,3179136.0,12,32,Empleado,4160000,1568000,255180,95.227787,802.0,4,5,0.0,98120.0,98120.0,0.0,3,0,0,,,1
4,2025-09-10 16:18:47,1276080.0,6,37,Empleado,2120000,453000,191782,95.227787,721.0,8,2,0.0,1392.0,1392.0,0.0,0,3,1,1283227.0,Creciente,1
4,2025-09-10 16:30:48,1175880.0,12,59,Empleado,3640000,95000,95239,95.227787,858.0,4,2,0.0,15758.0,0.0,0.0,0,1,1,996067.0,Creciente,1
4,2025-09-10 16:45:37,1739880.0,18,31,Empleado,2440000,806000,100578,95.227787,775.0,4,4,0.0,56196.0,56196.0,0.0,0,1,1,1336510.0,Decreciente,1
9,2025-09-10 16:57:15,881076.0,10,122,Empleado,213000000,137000000,75792,95.227787,0.0,0,0,,,,,0,0,0,,,1
4,2025-09-10 18:51:02,1284720.0,6,67,Empleado,2130000,223000,193069,95.227787,851.0,4,2,0.0,223.0,223.0,0.0,2,0,1,1833143.0,Creciente,1
4,2025-09-11 09:39:33,7200000.0,12,32,Independiente,0,0,579623,95.227787,812.0,2,3,0.0,70585.0,70585.0,0.0,1,0,1,1607232.0,Creciente,1
9,2025-09-11 11:05:10,3739986.0,10,41,Independiente,1720000,0,321719,95.227787,831.0,1,2,0.0,0.0,0.0,0.0,0,0,0,,,1
4,2025-09-11 13:19:32,4038192.0,24,68,Empleado,2440000,821000,184059,95.227787,841.0,8,2,0.0,11185.0,11185.0,0.0,5,0,0,,,1
4,2025-09-11 13:39:46,2019000.0,6,39,Empleado,1570000,251000,304945,95.227787,819.0,6,7,0.0,5961.0,5961.0,0.0,4,0,1,908526.0,Decreciente,1
4,2025-09-11 15:11:48,2400000.0,6,58,Empleado,2000000,255000,360696,95.227787,780.0,3,0,0.0,9360.0,9360.0,0.0,1,0,1,2894951.0,Creciente,1
4,2025-09-11 16:20:40,3611280.0,10,32,Empleado,2570000,437000,342958,95.227787,724.0,4,2,0.0,2525.0,2525.0,0.0,1,0,0,4581500.0,Creciente,1
9,2025-09-11 16:32:58,2241538.8,10,63,Independiente,2400000,0,192821,95.227787,914.0,2,2,0.0,229.0,229.0,0.0,1,0,0,1000000.0,Estable,1
9,2025-09-11 16:55:58,2015077.2,11,54,Empleado,12800000,6367000,159204,95.227787,802.0,26,5,0.0,295420.0,155986.0,0.0,14,1,9,7216666.0,Decreciente,1
9,2025-09-12 08:41:00,1270920.0,11,48,Empleado,2220000,373000,100411,95.227787,893.0,6,4,0.0,12233.0,12233.0,0.0,3,0,1,1000000.0,Estable,1
4,2025-09-12 08:46:39,996000.0,6,31,Empleado,2730000,1014000,150433,95.227787,769.0,4,2,0.0,44288.0,44288.0,0.0,1,2,0,1866243.0,Creciente,1
9,2025-09-12 12:22:56,2712465.6,10,32,Empleado,5250000,1378000,233331,95.227787,775.0,5,6,0.0,34110.0,34110.0,0.0,3,0,0,7600000.0,Estable,1
4,2025-09-12 13:58:19,3716400.0,6,40,Independiente,2840000,2861000,561320,95.227787,742.0,8,2,0.0,16729.0,16729.0,0.0,3,0,2,,,1
4,2025-09-12 14:13:10,1809000.0,6,61,Independiente,2010000,1030000,273227,95.227787,764.0,6,2,0.0,12922.0,12922.0,0.0,3,0,3,,,1
9,2025-09-12 15:32:59,5310331.2,9,37,Empleado,13630000,9134000,502369,95.227787,803.0,11,4,0.0,609619.0,382673.0,0.0,8,0,1,9328100.0,Decreciente,1
4,2025-09-12 15:39:02,1793880.0,6,40,Empleado,4780000,1862000,272323,95.227787,707.0,8,6,0.0,25541.0,25541.0,0.0,4,0,1,975052.0,Creciente,1
9,2025-09-12 16:51:01,4838794.8,6,21,Empleado,1930000,312000,665641,95.227787,768.0,1,4,0.0,11322.0,11322.0,0.0,1,0,0,,,1
4,2025-09-12 17:16:14,4080000.0,12,40,Empleado,4230000,1061000,333502,95.227787,882.0,5,6,0.0,53626.0,53626.0,0.0,3,0,0,,,1
4,2025-09-12 17:22:18,643298.4,6,43,Empleado,4506000,2042000,97162,95.227787,793.0,11,8,0.0,72242.0,72242.0,0.0,4,0,6,908526.0,Estable,1
4,2025-09-12 17:56:05,2065080.0,24,35,Empleado,2130000,587000,96767,95.227787,821.0,5,4,0.0,41540.0,1243.0,0.0,2,0,1,1489878.0,Creciente,1
9,2025-09-13 09:20:43,3988015.2,10,57,Empleado,3930000,1473000,343055,95.227787,902.0,6,2,0.0,18603.0,18603.0,0.0,4,0,0,1497391.0,Decreciente,1
9,2025-09-13 10:23:45,2848092.0,9,39,Independiente,1860000,0,269436,95.227787,817.0,2,0,0.0,0.0,0.0,0.0,1,0,0,969508.0,Creciente,1
9,2025-09-13 11:25:36,1816339.2,10,50,Empleado,4660000,1216000,156244,95.227787,865.0,4,3,0.0,37420.0,37420.0,0.0,3,0,1,1553389.0,Creciente,1
4,2025-09-13 11:57:06,6456000.0,6,57,Independiente,5540000,0,975098,95.227787,881.0,3,4,0.0,56681.0,49.0,0.0,1,1,0,977131.0,Creciente,1
4,2025-09-13 12:05:21,1560000.0,6,54,Independiente,1770000,767000,234452,95.227787,724.0,8,9,0.0,1770.0,1770.0,0.0,3,0,1,,,1
4,2025-09-13 12:15:34,3792000.0,6,35,Independiente,3280000,908000,570823,95.227787,829.0,4,3,0.0,28008.0,28008.0,0.0,2,0,1,1308000.0,Decreciente,1
4,2025-09-13 12:17:21,2098800.0,6,50,Empleado,7700000,1973000,318612,95.227787,826.0,9,5,0.0,83538.0,81351.0,0.0,6,1,0,4766746.0,Creciente,1
4,2025-09-13 13:10:12,1148041.2,6,30,Independiente,2700000,1541000,173397,95.227787,773.0,10,3,0.0,14848.0,14848.0,0.0,6,0,2,825891.0,Creciente,1
4,2025-09-13 13:12:09,584289.6,6,23,Independiente,3810000,1255000,88694,95.227787,716.0,3,7,0.0,8468.0,8468.0,0.0,3,0,0,1055038.0,Decreciente,1
4,2025-09-13 15:09:15,1078800.0,8,33,Empleado,1940000,734000,125926,95.227787,724.0,6,9,0.0,5888.0,5888.0,0.0,1,0,4,1126150.0,Creciente,1
4,2025-09-13 16:12:52,2304000.0,6,54,Independiente,2840000,379000,347990,95.227787,832.0,5,2,0.0,26809.0,244.0,0.0,2,1,1,977131.0,Creciente,1
4,2025-09-13 16:16:29,480000.0,6,39,Empleado,6150000,3904000,72745,95.227787,745.0,9,5,0.0,72258.0,72258.0,0.0,5,0,2,4254545.0,Creciente,1
9,2025-09-13 16:36:33,2985535.2,11,32,Empleado,1299000,256000,235876,95.227787,804.0,4,3,0.0,553.0,553.0,0.0,1,0,2,,,1
4,2025-09-13 18:47:48,2245200.0,6,39,Empleado,5470000,3483000,337431,95.227787,796.0,8,4,0.0,51590.0,51590.0,0.0,5,0,0,2579495.0,Creciente,1
4,2025-09-14 08:15:30,3093132.0,24,35,Empleado,1870000,43000,140956,95.227787,787.0,4,5,0.0,865.0,865.0,0.0,3,0,0,1189636.0,Creciente,1
9,2025-09-14 09:24:56,2809465.2,11,37,Empleado,1730000,199000,221966,95.227787,772.0,2,2,0.0,189.0,189.0,0.0,0,0,1,,,1
4,2025-09-14 10:46:45,1423800.0,12,55,Independiente,1562000,191000,116370,95.227787,776.0,3,2,0.0,376.0,376.0,0.0,0,0,3,,,1
9,2025-09-14 12:22:51,2714536.8,6,28,Independiente,9810000,2991000,373421,95.227787,861.0,5,9,0.0,47240.0,47240.0,0.0,3,0,0,,,1
9,2025-09-14 12:47:51,5557992.0,2,53,Empleado,3274000,622000,2199518,95.227787,854.0,6,4,0.0,3340.0,3340.0,0.0,2,0,2,8440850.0,Creciente,1
9,2025-09-14 12:53:52,2385205.2,5,63,Empleado,4090000,688000,389656,95.227787,862.0,11,5,0.0,112814.0,41791.0,0.0,6,1,2,3668210.0,Decreciente,1
4,2025-09-14 12:57:35,1611759.6,6,57,Empleado,2070000,459000,244676,95.227787,787.0,1,11,0.0,8409.0,8409.0,0.0,1,0,0,1000000.0,Estable,1
4,2025-09-14 14:45:13,2193120.0,12,27,Empleado,4560000,946000,177629,95.227787,783.0,3,7,0.0,2961.0,2961.0,0.0,2,0,0,,,1
4,2025-09-14 15:09:28,720000.0,6,31,Independiente,2250000,187000,109117,95.227787,779.0,3,2,0.0,941.0,941.0,0.0,2,0,1,259132.0,Estable,1
4,2025-09-14 15:48:07,3005664.0,12,37,Independiente,4320000,4931000,241256,95.227787,775.0,8,5,0.0,9447.0,9447.0,0.0,2,1,5,,,1
4,2025-09-14 15:48:29,2164440.0,6,22,Independiente,1450000,290000,326912,95.227787,751.0,2,2,0.0,1376.0,1376.0,0.0,1,0,1,,,1
4,2025-09-15 10:04:34,1031880.0,6,51,Empleado,4080000,1491000,155853,95.227787,774.0,10,11,0.0,17359.0,3935.0,0.0,1,0,6,5468530.0,Creciente,1
4,2025-09-15 10:09:22,595200.0,6,52,Independiente,2080000,186000,89898,95.227787,787.0,3,2,0.0,0.0,0.0,0.0,0,0,0,,,1
9,2025-09-15 10:39:42,958323.6,10,25,Empleado,1480000,98000,82437,95.227787,770.0,1,5,0.0,0.0,0.0,0.0,0,0,0,938648.0,Decreciente,1
4,2025-09-15 11:09:57,9892800.0,6,34,Independiente,5810000,3987000,1494184,95.227787,717.0,7,7,0.0,211751.0,211751.0,0.0,2,1,1,977131.0,Creciente,1
9,2025-09-15 12:45:45,2704525.2,10,57,Empleado,3627272,0,235176,95.227787,833.0,0,2,0.0,0.0,,,0,0,0,3627272.0,Creciente,1
4,2025-09-15 15:29:48,2381401.2,12,66,Independiente,1720000,273000,192878,95.227787,783.0,2,1,0.0,31402.0,26649.0,0.0,1,1,0,,,1
4,2025-09-15 15:39:32,1560000.0,12,27,Empleado,1735000,447000,127515,95.227787,751.0,4,2,0.0,11211.0,11211.0,0.0,1,1,2,326087.0,Decreciente,1
4,2025-09-15 17:30:25,619200.0,6,50,Independiente,1760000,157000,93999,95.227787,739.0,2,5,0.0,2361.0,2361.0,0.0,2,0,0,1000000.0,Creciente,1
4,2025-09-16 13:23:42,960000.0,6,29,Empleado,2160000,968000,145735,95.227787,748.0,5,6,0.0,18922.0,18922.0,0.0,3,0,1,1609049.0,Creciente,1
4,2025-09-16 14:23:44,7477201.2,18,61,Empleado,3140000,226000,422965,95.227787,818.0,9,7,0.0,9330.0,9330.0,0.0,7,0,1,966736.0,Creciente,1
4,2025-09-16 15:58:57,3600000.0,36,35,Empleado,2090000,1020000,129370,95.227787,720.0,10,16,0.0,26103.0,26103.0,0.0,6,1,2,2119233.0,Creciente,1
4,2025-09-16 17:37:48,3277440.0,12,29,Independiente,2210000,1240000,263071,95.227787,699.0,8,3,0.0,7794.0,5463.0,0.0,1,3,1,1248129.0,Creciente,1
9,2025-09-17 09:04:37,2194588.8,5,55,Empleado,4206000,1162000,358516,95.227787,892.0,6,1,0.0,256335.0,70835.0,0.0,4,0,0,,,1
4,2025-09-17 14:17:57,2588880.0,6,32,Empleado,2230000,384000,391018,95.227787,758.0,1,4,0.0,9514.0,9514.0,0.0,1,0,0,950000.0,Estable,1
4,2025-09-17 14:28:57,3084480.0,10,44,Independiente,3730000,275000,292929,95.227787,812.0,6,3,0.0,5507.0,5507.0,0.0,3,0,1,975052.0,Creciente,1
4,2025-09-17 14:43:57,2807881.2,18,34,Empleado,4706000,2257000,162316,95.227787,828.0,5,3,0.0,74703.0,74703.0,0.0,3,0,0,5780555.0,Creciente,1
4,2025-09-17 14:45:57,1200000.0,6,65,Empleado,4650000,99000,181245,95.227787,867.0,3,3,0.0,0.0,0.0,0.0,1,0,0,4407791.0,Estable,1
4,2025-09-17 15:40:59,3076080.0,36,38,Empleado,2840000,867000,105507,95.227787,771.0,5,4,0.0,46760.0,37826.0,0.0,2,1,2,1649532.0,Creciente,1
4,2025-09-17 17:57:02,3493200.0,6,52,Independiente,4330000,1100000,524993,95.227787,825.0,10,2,0.0,92093.0,85709.0,0.0,8,0,1,972557.0,Creciente,1
4,2025-09-17 18:58:33,2400000.0,6,33,Empleado,5660000,680000,360696,95.227787,810.0,3,2,0.0,43709.0,43709.0,0.0,3,0,0,4377883.0,Creciente,1
9,2025-09-18 09:50:01,4152746.4,4,54,Empleado,1880000,0,839180,95.227787,804.0,0,2,0.0,0.0,,,0,0,0,6138818.0,Decreciente,1
4,2025-09-18 10:32:35,4577041.2,24,38,Empleado,4430000,628000,212081,95.227787,869.0,8,4,0.0,17332.0,17332.0,0.0,6,0,0,977131.0,Creciente,1
4,2025-09-18 12:00:12,1200000.0,6,32,Independiente,1830000,165000,181245,95.227787,774.0,2,5,0.0,407.0,407.0,0.0,1,0,0,,,1
9,2025-09-18 12:54:05,856282.7999999999,10,61,Empleado,14454000,4902000,73659,95.227787,875.0,9,2,0.0,241952.0,237509.0,0.0,6,0,0,1513333.0,Creciente,1
4,2025-09-18 13:02:01,783988.7999999999,6,61,Independiente,1510000,0,118413,95.227787,868.0,1,2,0.0,0.0,0.0,0.0,0,0,1,939017.0,Creciente,1
4,2025-09-18 14:53:09,600000.0,6,49,Independiente,6450000,2311000,90931,95.227787,809.0,9,3,0.0,120542.0,82397.0,0.0,4,3,0,7188454.0,Decreciente,1
4,2025-09-18 15:38:32,899460.0,6,39,Independiente,1560000,237000,135180,95.227787,768.0,2,4,0.0,385.0,385.0,0.0,0,0,2,1031737.0,Creciente,1
4,2025-09-18 15:52:32,1484040.0,12,36,Empleado,1480000,127000,120196,95.227787,725.0,2,4,0.0,2082.0,2082.0,0.0,1,0,1,1482045.0,Creciente,1
4,2025-09-18 17:01:08,1608000.0,12,32,Independiente,2090000,586000,130236,95.227787,708.0,7,15,0.0,13690.0,13690.0,0.0,4,0,2,1090699.0,Creciente,1
4,2025-09-18 17:45:35,2546640.0,12,27,Empleado,2380000,1085000,208164,95.227787,712.0,7,8,0.0,16049.0,16049.0,0.0,0,1,1,576744.0,Decreciente,1
4,2025-09-18 17:56:35,873600.0,6,43,Empleado,3550000,1585000,132619,95.227787,726.0,7,3,0.0,28267.0,18520.0,0.0,3,2,2,972557.0,Creciente,1
9,2025-09-18 18:52:04,5900520.0,3,41,Empleado,5269000,842000,1573211,95.227787,815.0,10,4,0.0,925.0,925.0,0.0,9,0,0,3146686.0,Creciente,1
9,2025-09-19 10:44:06,3224402.4,4,26,Empleado,2040000,817000,651582,81.231786,811.0,6,2,0.0,32852.0,32852.0,0.0,4,0,2,,,1
9,2025-09-19 10:55:07,3288271.2,10,34,Empleado,5640000,4798000,282862,95.227787,797.0,8,7,0.0,93666.0,93666.0,0.0,4,1,2,1614612.0,Creciente,1
4,2025-09-19 11:14:09,1203000.0,6,25,Independiente,2100000,614000,180182,95.227787,710.0,4,10,0.0,17149.0,17149.0,0.0,3,0,1,908526.0,Estable,1
9,2025-09-19 12:45:49,2150112.0,3,122,Empleado,3446800,0,573268,95.227787,0.0,0,0,,,,,0,0,0,,,1
4,2025-09-19 12:50:41,4368000.0,12,37,Independiente,2590000,1343000,353775,95.227787,799.0,16,6,0.0,68810.0,68810.0,0.0,4,0,11,2100000.0,Decreciente,1
9,2025-09-19 14:16:41,5328237.6,10,25,Empleado,2780000,1042000,458343,95.227787,703.0,6,5,0.0,42775.0,42775.0,0.0,5,0,0,3144620.0,Creciente,1
9,2025-09-19 15:05:42,2213971.2,9,32,Empleado,7750000,2981000,209446,95.227787,672.0,21,19,0.0,67701.0,67701.0,0.0,10,0,9,973011.0,Creciente,1
4,2025-09-19 15:14:08,1152000.0,24,48,Independiente,1670000,0,53380,95.227787,774.0,0,2,0.0,0.0,,,0,0,0,,,1
4,2025-09-19 15:16:11,1068000.0,6,26,Empleado,2190000,949000,161308,95.227787,772.0,5,9,0.0,18638.0,18638.0,0.0,4,0,1,1092647.0,Creciente,1
4,2025-09-19 15:46:06,1154160.0,6,27,Empleado,1780000,480000,174321,95.227787,759.0,9,7,0.0,4267.0,4267.0,0.0,3,0,4,1337560.0,Creciente,1
4,2025-09-19 16:11:06,762741.6,6,21,Empleado,1720000,86000,114231,95.227787,774.0,3,3,0.0,319.0,0.0,0.0,1,0,0,1147361.0,Creciente,1
4,2025-09-19 17:35:17,618360.0,6,27,Independiente,1044000,100000,93396,95.227787,771.0,2,4,0.0,94.0,94.0,0.0,1,0,1,,,1
4,2025-09-19 18:19:15,818400.0,6,64,Empleado,2070000,160000,123610,95.227787,762.0,3,4,0.0,4899.0,4899.0,0.0,1,0,0,1863829.0,Creciente,1
4,2025-09-19 18:32:09,1656000.0,6,56,Empleado,3710000,854000,251392,95.227787,793.0,4,7,0.0,28190.0,27401.0,0.0,3,0,0,,,1
4,2025-09-20 08:13:29,1027200.0,6,50,Independiente,7013000,3300000,155146,95.227787,788.0,7,4,0.0,56795.0,56795.0,0.0,3,0,1,1426058.0,Decreciente,1
4,2025-09-20 09:58:14,624000.0,6,60,Independiente,2668000,1083000,94728,95.227787,843.0,6,2,0.0,10720.0,10720.0,0.0,1,2,0,977131.0,Creciente,1
4,2025-09-20 10:30:05,1680000.0,12,36,Independiente,3300000,714000,136067,95.227787,784.0,13,3,0.0,1226.0,1226.0,0.0,1,0,9,,,1
4,2025-09-20 10:35:21,1084800.0,6,42,Empleado,3700000,397000,163035,95.227787,838.0,7,3,0.0,11074.0,11074.0,0.0,6,0,0,977131.0,Creciente,1
9,2025-09-20 11:10:16,2808388.8,4,40,Independiente,2652000,113000,579852,95.227787,789.0,5,2,0.0,8402.0,2660.0,0.0,3,1,0,1854545.0,Creciente,1
9,2025-09-20 11:17:02,2171403.6,11,54,Independiente,5305000,98000,188061,95.227787,848.0,3,4,0.0,23005.0,23005.0,0.0,2,0,0,1464053.0,Creciente,1
9,2025-09-20 12:08:30,1408394.4,9,57,Empleado,2135000,480000,133237,95.227787,772.0,9,2,0.0,14787.0,7858.0,0.0,2,2,3,1378976.0,Creciente,1
9,2025-09-20 12:25:45,940143.6,10,27,Empleado,1950000,0,80873,95.227787,829.0,2,5,0.0,0.0,0.0,0.0,0,0,1,1266666.0,Creciente,1
4,2025-09-20 13:27:55,3600000.0,36,24,Empleado,2230000,493000,129370,95.227787,736.0,3,4,0.0,10759.0,10759.0,0.0,1,0,2,975052.0,Creciente,1
4,2025-09-20 15:16:29,1044000.0,6,31,Empleado,1740000,1139000,158477,95.227787,759.0,7,4,0.0,2072.0,2072.0,0.0,2,0,4,1191181.0,Creciente,1
4,2025-09-20 15:46:25,1419600.0,6,57,Independiente,3830000,1367000,215505,95.227787,806.0,12,3,0.0,51992.0,43401.0,0.0,4,5,1,575400.0,Creciente,1
4,2025-09-20 15:50:51,3048843.6,6,42,Empleado,1750000,812000,462836,95.227787,789.0,3,3,0.0,59954.0,59954.0,0.0,1,0,1,2907391.0,Decreciente,1
4,2025-09-20 16:43:50,3647880.0,6,45,Independiente,9500000,1943000,550967,95.227787,810.0,7,6,0.0,112073.0,101497.0,0.0,3,0,1,5792500.0,Decreciente,1
4,2025-09-20 18:03:51,2520000.0,36,34,Empleado,2810000,1175000,90559,95.227787,866.0,7,3,0.0,16891.0,8580.0,0.0,5,1,0,1746562.0,Decreciente,1
4,2025-09-20 19:06:53,2245200.0,6,62,Empleado,2320000,0,337431,95.227787,808.0,0,1,0.0,0.0,,,0,0,0,,,1
4,2025-09-21 09:28:12,1683000.0,10,25,Empleado,3540000,1285000,161092,95.227787,777.0,5,5,0.0,54831.0,54831.0,0.0,2,0,2,3656758.0,Creciente,1
4,2025-09-21 09:41:26,825600.0,6,43,Independiente,3760000,1431000,125121,95.227787,754.0,9,11,0.0,25943.0,25943.0,0.0,8,0,1,977131.0,Creciente,1
9,2025-09-21 09:51:54,4695888.0,12,56,Empleado,2980000,1200000,326103,95.227787,818.0,2,8,0.0,466.0,466.0,0.0,0,0,1,927464.0,Decreciente,1
4,2025-09-21 11:59:30,1494720.0,6,57,Empleado,8090000,1790000,226909,95.227787,861.0,4,2,0.0,52970.0,52970.0,0.0,1,1,0,4817156.0,Creciente,1
9,2025-09-21 12:09:11,7250364.0,10,58,Independiente,3061000,161000,623688,95.227787,859.0,4,3,0.0,21803.0,73.0,0.0,1,1,1,975052.0,Creciente,1
4,2025-09-21 13:29:08,1619880.0,6,45,Independiente,2200000,0,244663,95.227787,770.0,0,2,0.0,0.0,,,0,0,0,,,1
4,2025-09-21 14:18:05,2479152.0,24,45,Empleado,1606000,91000,112998,95.227787,750.0,3,13,0.0,1507.0,1507.0,0.0,1,0,1,896743.0,Creciente,1
9,2025-09-21 15:00:10,2678923.2,3,40,Empleado,7713000,2367000,778635,95.227787,828.0,4,2,0.0,67787.0,67787.0,0.0,3,0,0,6500000.0,Creciente,1
4,2025-09-21 15:23:20,4667760.0,6,37,Independiente,1790000,191000,705007,95.227787,769.0,2,3,0.0,2083.0,2083.0,0.0,2,0,0,,,1
4,2025-09-21 15:42:53,2378400.0,6,47,Independiente,10310000,6329000,359228,95.227787,799.0,5,4,0.0,343471.0,343471.0,0.0,4,0,0,977131.0,Creciente,1
4,2025-09-21 15:46:01,420000.0,6,43,Independiente,2670000,2285000,63436,95.227787,746.0,12,1,0.0,46178.0,46178.0,0.0,4,4,1,30285.0,Creciente,1
9,2025-09-21 16:26:02,389707.2,3,48,Empleado,2053000,500000,113269,95.227787,804.0,0,0,0.0,0.0,,,0,0,0,,,1
4,2025-09-21 17:24:03,1415880.0,6,49,Empleado,5390000,2638000,213851,95.227787,763.0,5,1,0.0,34102.0,34102.0,0.0,0,2,3,5861427.0,Creciente,1
4,2025-09-21 17:33:03,770280.0,6,50,Independiente,1907000,585000,116341,95.227787,769.0,10,11,0.0,44078.0,44078.0,0.0,4,0,2,928571.0,Decreciente,1
9,2025-09-21 17:34:11,2431046.4,10,57,Empleado,7048000,4078000,209122,83.231214,801.0,9,8,0.0,72656.0,72656.0,0.0,8,0,0,4479699.0,Creciente,1
4,2025-09-21 18:06:04,801600.0,6,41,Empleado,2920000,839000,121688,95.227787,765.0,7,6,0.0,57125.0,33552.0,0.0,0,3,2,917293.0,Creciente,1
4,2025-09-21 18:18:18,1848000.0,6,50,Empleado,1530000,135000,280523,95.227787,788.0,4,2,0.0,169.0,169.0,0.0,0,0,2,1039546.0,Creciente,1
9,2025-09-21 18:23:12,4203478.8,10,55,Empleado,4530000,2011000,361590,95.227787,776.0,5,3,0.0,74953.0,74953.0,0.0,2,0,0,,,1
4,2025-09-21 18:25:04,2818080.0,12,62,Empleado,2390000,349000,226199,95.227787,812.0,2,3,0.0,2955.0,2955.0,0.0,1,0,0,3883858.0,Creciente,1
4,2025-09-21 19:22:06,2966400.0,6,53,Empleado,3780000,1053000,445820,95.227787,811.0,9,5,0.0,51797.0,27209.0,0.0,2,1,3,3188887.0,Creciente,1
4,2025-09-22 09:14:03,818749.2,6,49,Independiente,1920000,2594000,123662,95.227787,772.0,8,1,0.0,21667.0,21667.0,0.0,6,0,1,,,1
4,2025-09-22 09:17:36,1419600.0,10,63,Independiente,2290000,615000,135880,95.227787,824.0,3,5,0.0,1182.0,1182.0,0.0,1,0,1,774282.0,Creciente,1
9,2025-09-22 10:02:13,802015.2,10,31,Empleado,1480000,0,68991,95.227787,783.0,1,3,0.0,0.0,0.0,0.0,0,0,0,2797173.0,Creciente,1
4,2025-09-22 10:34:33,780000.0,6,29,Empleado,2020000,1289000,118402,95.227787,779.0,6,4,0.0,27021.0,17102.0,0.0,3,2,1,1946738.0,Creciente,1
9,2025-09-22 11:33:16,729152.4,5,50,Empleado,3520000,58000,119117,95.227787,904.0,3,0,0.0,0.0,0.0,0.0,2,0,0,2961457.0,Creciente,1
4,2025-09-22 12:15:53,736800.0,6,58,Independiente,2030000,202000,111285,95.227787,896.0,6,6,0.0,4293.0,2053.0,0.0,2,0,3,977131.0,Creciente,1
4,2025-09-22 12:41:10,1636440.0,6,53,Empleado,2060000,505000,247164,95.227787,882.0,4,1,0.0,3535.0,3535.0,0.0,3,0,0,2093785.0,Decreciente,1
6,2025-09-22 14:30:45,1107804.0,10,38,Empleado,1500000,0,105864,95.227787,781.0,5,5,0.0,13732.0,13732.0,0.0,3,0,2,1079333.0,Decreciente,1
4,2025-09-22 15:19:05,672000.0,6,33,Empleado,1950000,390000,102014,95.227787,728.0,5,15,0.0,13916.0,13916.0,0.0,0,1,2,1624000.0,Creciente,1
4,2025-09-22 15:48:38,624000.0,6,48,Independiente,5380000,3559000,94728,95.227787,877.0,7,3,0.0,137386.0,117591.0,0.0,4,2,0,2143642.0,Creciente,1
9,2025-09-22 17:52:14,2758813.2,11,42,Empleado,2030000,0,217964,95.227787,812.0,1,3,0.0,0.0,0.0,0.0,0,0,0,931394.0,Creciente,1
4,2025-09-22 19:01:59,674160.0,6,63,Independiente,4600000,888000,101823,95.227787,817.0,9,3,0.0,33133.0,19188.0,0.0,3,2,4,,,1
4,2025-09-23 09:03:01,4320000.0,6,57,Independiente,12610000,5294000,642259,95.227787,778.0,14,11,0.0,133096.0,133096.0,0.0,9,1,1,1000000.0,Estable,1
4,2025-09-23 11:33:03,3856500.0,12,36,Independiente,8410000,21657000,309550,95.227787,769.0,13,6,0.0,261977.0,261977.0,0.0,7,0,5,977131.0,Creciente,1
4,2025-09-23 12:36:04,8400000.0,24,35,Empleado,9860000,6764000,395804,95.227787,718.0,15,5,0.0,167370.0,167370.0,0.0,9,0,2,4000000.0,Estable,1
4,2025-09-23 16:38:04,2040000.0,24,43,Independiente,4060000,550000,94528,95.227787,818.0,3,5,0.0,14442.0,14442.0,0.0,0,2,1,,,1
4,2025-09-23 16:51:01,3084000.0,24,28,Empleado,3540000,907000,142903,95.227787,769.0,2,4,0.0,75137.0,75137.0,0.0,1,0,1,1718587.0,Creciente,1
4,2025-09-23 17:11:00,8668200.0,36,37,Empleado,20460000,2697000,297311,95.227787,868.0,10,5,0.0,217949.0,217949.0,0.0,6,1,0,6000000.0,Estable,1
4,2025-09-23 18:43:03,3671400.0,6,36,Empleado,1990000,90000,551774,95.227787,796.0,1,6,0.0,90.0,90.0,0.0,0,0,0,366667.0,Estable,1
4,2025-09-23 18:45:03,3303361.2,6,54,Empleado,4080000,694000,498932,95.227787,808.0,9,6,0.0,15812.0,15812.0,0.0,6,0,1,1500000.0,Estable,1
9,2025-09-24 10:09:25,2513176.8,4,20,Empleado,1500000,95000,507859,46.387527,684.0,3,7,0.0,46834.0,46834.0,0.0,1,0,2,969508.0,Creciente,0
9,2025-09-24 10:35:21,4561597.2,10,44,Independiente,20090000,206629000,392396,95.227787,879.0,24,1,0.0,1151492.0,851139.0,0.0,22,0,2,2200000.0,Estable,1
4,2025-09-24 10:40:36,2077092.0,6,32,Independiente,1653000,295000,315298,95.227787,767.0,4,2,0.0,2608.0,2608.0,0.0,1,0,2,,,1
4,2025-09-24 11:28:26,1224741.6,6,35,Independiente,1740000,250000,184983,95.227787,780.0,3,2,0.0,2693.0,2693.0,0.0,0,0,1,977131.0,Creciente,1
4,2025-09-24 12:08:13,2988190.8,6,44,Empleado,1510000,3000000,449069,95.227787,712.0,3,6,0.0,1076.0,1076.0,0.0,1,0,0,2863636.0,Creciente,1
4,2025-09-24 12:16:02,1276078.8,6,64,Empleado,4433000,549000,191771,95.227787,800.0,4,2,0.0,16178.0,16178.0,0.0,2,0,0,1856058.0,Creciente,1
4,2025-09-24 12:42:03,1610400.0,6,35,Independiente,3200000,6362000,242013,95.227787,811.0,3,3,0.0,16277.0,16277.0,0.0,2,0,0,1269090.0,Creciente,1
4,2025-09-24 13:01:46,1475880.0,6,42,Empleado,11230000,1694000,222915,95.227787,832.0,2,4,0.0,102701.0,102701.0,0.0,2,0,0,5978283.0,Creciente,1
4,2025-09-24 13:26:14,2287920.0,6,24,Empleado,2640000,655000,345565,95.227787,696.0,6,6,0.0,13808.0,13808.0,0.0,2,0,1,1305822.0,Creciente,1
4,2025-09-24 13:26:58,1771920.0,18,34,Empleado,1580000,363000,102430,95.227787,728.0,4,3,0.0,10542.0,10542.0,0.0,0,1,0,1769570.0,Creciente,1
4,2025-09-24 13:33:34,981771.6,6,50,Empleado,1880000,599000,149031,95.227787,708.0,9,2,0.0,4002.0,4002.0,0.0,1,0,8,,,1
4,2025-09-24 14:14:49,1295880.0,6,37,Empleado,1450000,37000,195727,95.227787,836.0,1,3,0.0,37.0,37.0,0.0,1,0,0,,,1
9,2025-09-24 15:14:17,1752013.2,9,51,Independiente,3890000,115000,165744,95.227787,891.0,3,2,0.0,283.0,283.0,0.0,2,0,0,1100000.0,Estable,1
4,2025-09-24 15:29:35,1656000.0,6,40,Independiente,3320000,2380000,248866,95.227787,739.0,12,9,0.0,99133.0,93553.0,0.0,2,0,7,1000000.0,Estable,1
4,2025-09-24 15:34:25,600000.0,6,36,Empleado,3650000,462000,90169,95.227787,782.0,7,2,0.0,2659.0,2659.0,0.0,3,0,1,977131.0,Creciente,1
4,2025-09-24 15:40:45,4206240.0,6,41,Independiente,2740000,989000,635305,95.227787,758.0,4,6,0.0,9866.0,9866.0,0.0,1,0,1,,,1
4,2025-09-24 15:52:58,606363.6,6,48,Empleado,2120000,230000,91125,95.227787,783.0,4,3,0.0,5968.0,5968.0,0.0,0,0,4,988243.0,Creciente,1
4,2025-09-24 16:06:02,1679880.0,6,30,Empleado,1600000,289000,253725,95.227787,730.0,4,2,0.0,3598.0,3598.0,0.0,2,0,0,977131.0,Creciente,1
4,2025-09-24 16:10:12,3135600.0,30,48,Empleado,5900000,1328000,121538,95.227787,808.0,4,5,0.0,82231.0,82231.0,0.0,1,2,0,3071044.0,Creciente,1
4,2025-09-24 16:30:52,360000.0,6,61,Empleado,2280000,707000,54647,95.227787,806.0,6,5,0.0,7649.0,7649.0,0.0,3,0,3,2047563.0,Creciente,1
4,2025-09-24 16:43:52,1040378.4,6,37,Empleado,1600000,625000,157937,95.227787,752.0,8,2,0.0,10369.0,10369.0,0.0,1,2,3,867167.0,Creciente,1
4,2025-09-24 16:57:22,2048659.2,6,40,Empleado,5240000,2541000,309427,95.227787,769.0,8,7,0.0,98319.0,98319.0,0.0,3,0,4,5978726.0,Creciente,1
4,2025-09-24 17:08:16,433800.0,6,21,Independiente,1520000,0,65192,95.227787,773.0,1,4,0.0,0.0,0.0,0.0,1,0,0,954263.0,Creciente,1
4,2025-09-24 17:12:24,1138650.0,6,37,Empleado,2620000,1568000,172845,95.227787,750.0,7,3,0.0,3429.0,3429.0,0.0,3,0,3,977131.0,Creciente,1
4,2025-09-24 17:22:33,1237112.4,6,58,Empleado,3279000,1329000,186852,95.227787,819.0,6,3,0.0,22721.0,3809.0,0.0,3,1,0,1883581.0,Creciente,1
4,2025-09-24 17:39:35,1404000.0,6,33,Empleado,2362000,872000,210995,95.227787,825.0,4,2,0.0,6280.0,6280.0,0.0,2,0,1,975052.0,Creciente,1
4,2025-09-24 17:39:40,2455489.2,8,54,Independiente,1750000,237000,282955,95.227787,823.0,3,2,0.0,1903.0,1903.0,0.0,1,0,2,,,1
9,2025-09-24 17:48:20,1770186.0,4,64,Independiente,4270000,301000,357716,95.227787,852.0,10,3,0.0,6713.0,6713.0,0.0,9,0,0,2784204.0,Creciente,1
4,2025-09-24 17:51:57,1611759.6,12,57,Empleado,2280000,259000,131732,95.227787,803.0,2,2,0.0,6458.0,6458.0,0.0,0,1,1,2320708.0,Creciente,1
4,2025-09-24 17:56:57,630000.0,6,56,Empleado,1740000,497000,95633,95.227787,760.0,9,4,0.0,8568.0,8568.0,0.0,1,1,4,1009632.0,Creciente,1
4,2025-09-24 18:09:32,7033200.0,12,38,Independiente,5850000,2825000,564475,95.227787,813.0,7,9,0.0,70179.0,70179.0,0.0,5,0,0,2000000.0,Estable,1
4,2025-09-24 18:21:02,1663800.0,6,44,Empleado,2650000,1722000,250038,95.227787,797.0,8,4,0.0,40710.0,40710.0,0.0,2,0,3,5567383.0,Creciente,1
4,2025-09-24 19:03:21,2807760.0,6,28,Empleado,4180000,833000,424081,95.227787,844.0,2,1,0.0,7826.0,7826.0,0.0,2,0,0,3453431.0,Creciente,1
4,2025-09-25 09:43:03,1866638.4,24,24,Empleado,3320000,658000,87938,95.227787,722.0,8,11,0.0,18915.0,18915.0,0.0,4,1,0,1582836.0,Creciente,1
9,2025-09-25 10:57:23,3858884.4,10,36,Empleado,6110000,1041000,331947,95.227787,799.0,3,3,0.0,42471.0,42471.0,0.0,1,0,2,,,1
9,2025-09-25 12:30:25,2452230.0,10,25,Empleado,2390000,45000,210945,95.227787,755.0,5,8,0.0,341.0,341.0,0.0,1,0,3,916667.0,Creciente,1
4,2025-09-25 13:13:10,1800000.0,24,68,Empleado,2410000,712000,82043,95.227787,739.0,5,0,0.0,14076.0,14076.0,0.0,1,1,3,977131.0,Creciente,1
4,2025-09-25 13:46:53,5543917.2,36,54,Empleado,4300000,807000,199172,95.227787,853.0,3,1,0.0,67294.0,47096.0,0.0,2,0,1,5960882.0,Creciente,1
9,2025-09-25 14:50:29,615154.7999999999,10,67,Independiente,7650000,6967000,52917,95.227787,777.0,10,12,0.0,55535.0,55535.0,0.0,7,0,2,977131.0,Creciente,1
4,2025-09-25 16:06:06,1419600.0,6,41,Independiente,5460000,3254000,215505,89.979287,762.0,7,7,0.0,161933.0,161933.0,0.0,3,0,2,4040223.0,Creciente,1
4,2025-09-25 16:27:27,1419600.0,6,34,Independiente,3770000,6209000,215492,95.227787,767.0,13,3,0.0,208138.0,208138.0,0.0,7,0,3,,,1
9,2025-09-25 16:51:11,8094123.6,10,26,Empleado,4790000,12652000,696269,95.227787,724.0,11,8,0.0,135731.0,132698.0,0.0,3,0,5,983333.0,Estable,1
4,2025-09-25 17:14:42,1884000.0,6,42,Independiente,1900000,1532000,284555,89.979287,807.0,3,5,0.0,6074.0,6074.0,0.0,2,0,1,751782.0,Creciente,1
4,2025-09-25 18:58:17,574560.0,6,55,Independiente,3270000,908000,86346,95.227787,753.0,9,5,0.0,30551.0,30551.0,0.0,4,0,3,,,1
4,2025-09-26 08:57:28,1872000.0,6,38,Independiente,4400000,2049000,283705,95.227787,791.0,8,4,0.0,21718.0,21718.0,0.0,5,0,0,,,1
4,2025-09-26 11:08:43,792000.0,6,56,Independiente,8400000,3542000,120029,89.2295,853.0,9,9,0.0,149173.0,149173.0,0.0,5,0,1,983368.0,Decreciente,1
9,2025-09-26 12:02:08,1442715.6,10,31,Empleado,1470000,264000,124105,95.227787,824.0,1,0,0.0,10254.0,10254.0,0.0,0,1,0,1404959.0,Creciente,1
4,2025-09-26 12:08:48,4655520.0,6,53,Empleado,5610000,2141000,703164,95.227787,788.0,8,7,0.0,46800.0,46800.0,0.0,7,0,0,1954263.0,Creciente,1
9,2025-09-26 12:46:59,3798026.4,10,37,Empleado,4690000,1910000,326712,95.227787,775.0,7,4,0.0,160071.0,130829.0,0.0,4,0,2,,,1
4,2025-09-26 12:58:11,2781000.0,24,33,Empleado,6820000,9733000,126732,95.227787,766.0,9,8,0.0,150881.0,150881.0,0.0,5,1,2,7796981.0,Creciente,1
9,2025-09-26 14:27:01,1896430.8,9,62,Empleado,14050000,3238000,179406,95.227787,859.0,5,3,0.0,185420.0,13475.0,0.0,2,0,2,2593373.0,Estable,1
4,2025-09-26 14:52:49,624000.0,6,42,Independiente,3840000,1365000,95044,95.227787,823.0,8,6,0.0,78325.0,45555.0,0.0,3,3,1,,,1
10,2025-09-26 16:28:45,1291800.0,6,68,Empleado,3130000,1483000,195774,95.227787,808.0,8,3,0.0,8712.0,8712.0,0.0,4,0,3,1050000.0,Estable,1
9,2025-09-26 17:22:56,2414062.8,9,34,Empleado,8100000,10824000,228376,95.227787,814.0,8,4,0.0,149073.0,149073.0,0.0,7,0,0,4290732.0,Decreciente,1
10,2025-09-26 17:26:45,6720000.0,24,27,Empleado,3910000,2188000,314892,95.227787,765.0,2,4,0.0,36827.0,36827.0,0.0,2,0,0,2445509.0,Creciente,1
4,2025-09-26 17:28:31,1248000.0,12,49,Empleado,4400000,419000,102321,95.227787,862.0,12,3,0.0,3670.0,3670.0,0.0,8,0,1,,,1
4,2025-09-26 18:25:50,960000.0,6,57,Independiente,1660000,300000,145483,95.227787,813.0,0,2,0.0,0.0,,,0,0,0,,,1
4,2025-09-27 10:08:22,6960000.0,8,38,Independiente,9875000,13224000,807187,95.227787,798.0,12,2,0.0,139686.0,139686.0,0.0,6,0,5,975052.0,Creciente,1
9,2025-09-27 12:01:52,4520738.399999999,9,37,Empleado,8030000,3749000,430728,95.227787,785.0,6,3,0.0,55850.0,42905.0,0.0,4,0,0,2400000.0,Creciente,1
4,2025-09-27 12:39:51,4583761.2,6,58,Independiente,5440000,4809000,688853,95.227787,853.0,11,8,0.0,80244.0,80244.0,0.0,9,0,1,,,1
4,2025-09-27 12:40:57,2256000.0,6,40,Independiente,1900000,204000,341901,95.227787,815.0,2,1,0.0,445.0,445.0,0.0,1,0,0,983368.0,Creciente,1
4,2025-09-27 13:26:37,1967760.0,6,36,Independiente,2970000,2580000,298217,95.227787,762.0,21,7,0.0,23388.0,23388.0,0.0,6,1,11,1000000.0,Creciente,1
9,2025-09-27 13:37:40,4679368.8,11,37,Independiente,4690000,1312000,376902,95.227787,777.0,2,3,0.0,9812.0,9812.0,0.0,1,0,0,975052.0,Creciente,1
4,2025-09-27 15:51:49,937800.0,6,61,Independiente,1950000,507000,142840,95.227787,850.0,6,3,0.0,10149.0,10149.0,0.0,3,0,1,983368.0,Creciente,1
4,2025-09-27 16:20:31,5498400.0,36,44,Empleado,1900000,763000,200638,95.227787,807.0,6,6,0.0,5535.0,5535.0,0.0,0,0,5,983368.0,Creciente,1
9,2025-09-27 16:34:48,1889450.4,5,60,Empleado,3933000,1422000,308667,95.227787,886.0,5,2,0.0,12888.0,1290.0,0.0,5,0,0,1382240.0,Creciente,1
4,2025-09-27 17:35:33,4427521.2,20,36,Empleado,2425000,974000,237827,89.2295,802.0,3,2,0.0,42538.0,42538.0,0.0,1,1,0,1280000.0,Creciente,1
4,2025-09-28 11:26:11,1200000.0,6,58,Independiente,3410000,100000,182777,95.227787,867.0,1,3,0.0,207.0,207.0,0.0,1,0,0,770077.0,Decreciente,1
4,2025-09-28 11:35:37,2298120.0,12,35,Empleado,2970000,0,186562,95.227787,803.0,3,4,0.0,4000.0,4000.0,0.0,2,0,0,33334.0,Decreciente,1
9,2025-09-28 11:58:24,9461502.0,10,41,Independiente,13280000,7108000,820270,95.227787,872.0,8,7,0.0,442972.0,442972.0,0.0,5,2,0,1355500.0,Creciente,1
9,2025-09-28 15:06:19,2514753.6,9,44,Empleado,3515000,253000,239601,95.227787,761.0,22,5,0.0,34592.0,13955.0,0.0,2,1,18,3400000.0,Creciente,1
4,2025-09-28 19:25:29,1158000.0,6,23,Empleado,1680000,80000,176087,95.227787,749.0,5,7,0.0,87.0,87.0,0.0,2,0,1,1097250.0,1123000,1
9,2025-09-29 11:03:30,2950263.6,11,30,Empleado,6250000,1037000,258844,95.227787,861.0,3,3,0.0,245250.0,239.0,0.0,3,0,0,7997221.0,Decreciente,1
9,2025-09-29 14:17:01,6653080.8,10,31,Empleado,2000000,779000,576792,95.227787,711.0,11,10,0.0,129732.0,129732.0,0.0,3,0,5,38106581.0,Decreciente,1
4,2025-09-30 10:14:47,504000.0,6,28,Empleado,2410000,554000,76379,95.227787,732.0,3,8,0.0,10795.0,10795.0,0.0,2,0,0,1938833.0,Decreciente,1
9,2025-09-30 10:56:04,626400.0,12,35,Empleado,7490000,5357000,43500,95.227787,776.0,9,10,0.0,285304.0,205427.0,0.0,8,0,0,5798154.0,Creciente,1
4,2025-09-30 11:36:08,1884000.0,6,55,Independiente,2780000,1575000,286483,95.227787,836.0,4,2,0.0,61588.0,61588.0,0.0,2,0,0,977131.0,Creciente,1
4,2025-09-30 11:54:08,3777480.0,18,36,Empleado,1780000,0,174883,95.227787,814.0,2,4,0.0,0.0,0.0,0.0,0,0,1,1041745.0,Decreciente,1
4,2025-09-30 12:17:08,1811881.2,6,30,Independiente,1960000,245000,274581,95.227787,742.0,2,8,0.0,3692.0,3692.0,0.0,1,0,0,1000000.0,Estable,1
4,2025-09-30 14:08:29,3360000.0,6,43,Independiente,2960000,810000,509214,95.227787,899.0,5,3,0.0,15802.0,15802.0,0.0,4,0,0,954263.0,Creciente,1
4,2025-09-30 14:48:08,4022458.8,6,36,Independiente,3970000,560000,608320,95.227787,805.0,4,3,0.0,1707.0,1707.0,0.0,2,0,0,1000000.0,Creciente,1
4,2025-09-30 14:49:58,5330280.0,24,41,Empleado,1840000,656000,248030,95.227787,741.0,7,3,0.0,4248.0,4248.0,0.0,2,0,4,1424277.0,Creciente,1
4,2025-09-30 14:55:53,1876320.0,8,29,Empleado,2440000,647000,216215,95.227787,841.0,5,6,0.0,46559.0,46559.0,0.0,2,0,1,2706000.0,Creciente,1
4,2025-09-30 16:08:58,1418160.0,6,29,Empleado,3320000,1376000,214197,95.227787,805.0,4,0,0.0,67666.0,67666.0,0.0,3,0,0,2567848.0,Creciente,1
4,2025-09-30 17:26:37,960000.0,24,28,Empleado,2710000,1659000,45226,95.227787,758.0,6,9,0.0,48311.0,48311.0,0.0,2,0,1,6143865.0,Creciente,1
4,2025-09-30 18:02:43,4075200.0,36,28,Empleado,1920000,735000,145284,95.227787,773.0,4,3,0.0,10393.0,10393.0,0.0,3,0,0,977500.0,Creciente,1
4,2025-09-30 18:03:02,2075640.0,6,41,Empleado,3970000,0,314567,95.227787,826.0,2,2,0.0,5522.0,5522.0,0.0,2,0,0,300000.0,Estable,1
10,2025-10-01 10:44:15,1815600.0,6,65,Empleado,2686000,375000,275157,95.227787,849.0,4,2,0.0,34971.0,15444.0,0.0,2,1,0,986667.0,Creciente,1
4,2025-10-01 11:56:17,1251231.6,12,38,Empleado,6170000,65000,102895,95.227787,821.0,8,5,0.0,6622.0,6622.0,0.0,5,0,0,1929965.0,Decreciente,1
4,2025-10-01 16:13:23,3217440.0,6,42,Empleado,5490000,1870000,487608,95.227787,844.0,9,6,0.0,48648.0,48648.0,0.0,7,0,2,1040343.0,Creciente,1
4,2025-10-02 14:52:34,3446640.0,6,41,Empleado,2330000,106000,521239,95.227787,799.0,2,5,0.0,0.0,0.0,0.0,0,0,1,908526.0,Creciente,1
9,2025-10-02 15:26:01,3410337.6,10,37,Empleado,10260000,2425000,295661,95.227787,864.0,5,3,0.0,135945.0,135945.0,0.0,5,0,0,4666878.0,Decreciente,1
9,2025-10-02 16:10:03,3872923.2,11,42,Independiente,1817000,409000,311946,89.2295,756.0,12,10,0.0,16781.0,16781.0,0.0,10,0,0,31809.0,Creciente,1
9,2025-10-02 16:11:03,988178.4,10,25,Empleado,1562000,2620000,85671,95.227787,788.0,2,2,0.0,45332.0,45332.0,0.0,0,0,1,1400000.0,Decreciente,1
4,2025-10-02 16:13:23,1621632.0,6,42,Independiente,2740000,107000,243701,95.227787,818.0,3,4,0.0,825.0,825.0,0.0,1,0,1,793152.0,Decreciente,1
4,2025-10-02 16:30:26,1238160.0,6,27,Empleado,1310000,600000,187645,95.227787,814.0,1,4,0.0,0.0,0.0,0.0,1,0,0,988906.0,Creciente,1
9,2025-10-02 17:48:05,2095279.2,10,45,Empleado,5660000,1652000,181651,95.227787,820.0,3,4,0.0,77050.0,77050.0,0.0,2,0,0,,,1
4,2025-10-03 09:17:01,1419600.0,6,26,Empleado,1508000,346000,216225,95.227787,733.0,3,9,0.0,922.0,922.0,0.0,2,0,0,1078879.0,Decreciente,1
4,2025-10-03 09:25:42,1869600.0,6,49,Independiente,1970000,1316000,283328,95.227787,808.0,3,2,0.0,37421.0,37421.0,0.0,0,0,2,66667.0,Estable,1
4,2025-10-03 11:31:12,1727760.0,24,64,Empleado,2870000,888000,80961,95.227787,776.0,5,5,0.0,31894.0,31894.0,0.0,3,0,2,984754.0,Creciente,1
4,2025-10-03 11:52:13,1414933.2,6,22,Empleado,2440000,650000,215514,95.227787,708.0,3,5,0.0,11082.0,11082.0,0.0,1,1,0,,,1
4,2025-10-03 12:42:03,4128000.0,6,35,Independiente,6270000,2282000,625577,95.227787,843.0,6,4,0.0,54120.0,54120.0,0.0,3,0,1,984754.0,Creciente,1
4,2025-10-03 14:24:58,2067529.2,6,68,Empleado,7730000,2353000,312674,95.227787,861.0,6,2,0.0,71243.0,69694.0,0.0,6,0,0,3619268.0,Creciente,1
4,2025-10-03 15:15:58,2416800.0,6,59,Independiente,0,0,366270,95.227787,764.0,4,3,0.0,3593.0,3593.0,0.0,0,0,4,,,1
4,2025-10-03 15:30:48,2067540.0,6,54,Independiente,4350000,1352000,312676,95.227787,748.0,10,3,0.0,54426.0,54426.0,0.0,6,0,1,1536363.0,Creciente,1
9,2025-10-03 15:42:15,1694012.4,2,27,Empleado,1750000,104000,671860,95.227787,733.0,2,2,0.0,0.0,0.0,0.0,0,0,0,,,1
4,2025-10-03 16:57:50,2494800.0,24,32,Empleado,1840000,103000,118849,95.227787,767.0,3,6,0.0,0.0,0.0,0.0,0,0,0,1951363.0,Creciente,1
4,2025-10-03 17:36:51,2254848.0,6,24,Empleado,3640000,0,341003,95.227787,819.0,4,7,0.0,0.0,0.0,0.0,3,0,0,6428571.0,Creciente,1
4,2025-10-03 18:00:28,492000.0,6,34,Empleado,1762000,720000,74938,95.227787,749.0,19,8,0.0,23636.0,23636.0,0.0,8,0,10,1118546.0,Creciente,1
4,2025-10-03 19:10:04,2617200.0,6,54,Empleado,13010000,6118000,395802,95.227787,781.0,8,3,0.0,185126.0,181516.0,0.0,6,0,0,3300000.0,Estable,1
4,2025-10-04 08:25:15,1419600.0,6,59,Independiente,4460000,1864000,216225,95.227787,895.0,5,5,0.0,16422.0,16422.0,0.0,3,0,0,983368.0,Creciente,1
4,2025-10-04 08:56:28,1419600.0,6,45,Independiente,2661000,1289000,216225,95.227787,835.0,6,2,0.0,137449.0,35246.0,0.0,3,0,0,2258333.0,Creciente,1
9,2025-10-04 10:38:32,5528109.6,5,29,Empleado,5090000,766000,907017,95.227787,814.0,7,5,0.0,3308.0,3308.0,0.0,5,0,1,12228441.0,Creciente,1
9,2025-10-04 10:49:32,4263670.8,10,24,Independiente,2000000,1113000,369641,95.227787,685.0,15,21,0.0,96900.0,96900.0,0.0,8,0,4,981705.0,Creciente,1
4,2025-10-04 11:36:50,576000.0,6,25,Empleado,1900000,274000,87587,95.227787,795.0,4,5,0.0,9434.0,9434.0,0.0,1,0,1,1641600.0,Creciente,1
9,2025-10-04 12:18:34,979156.8,10,28,Empleado,2840000,191000,84889,95.227787,791.0,4,3,0.0,10473.0,10473.0,0.0,3,0,0,7719301.0,Creciente,1
4,2025-10-04 13:02:27,3120000.0,6,67,Empleado,3779000,1383000,475220,95.227787,839.0,7,3,0.0,152316.0,152316.0,0.0,4,0,1,984754.0,Creciente,1
9,2025-10-04 13:28:35,912334.8,10,54,Empleado,2990000,1318000,79095,95.227787,803.0,6,3,0.0,24957.0,21743.0,0.0,1,0,3,2711461.0,Creciente,1
4,2025-10-04 15:58:31,4215960.0,8,43,Empleado,1310000,490000,491065,95.227787,840.0,7,3,0.0,29724.0,29724.0,0.0,5,0,0,1654507.0,Decreciente,1
4,2025-10-04 17:15:09,8640000.0,36,46,Empleado,8640000,6043000,315276,95.227787,706.0,17,14,0.0,266652.0,266652.0,0.0,4,0,11,8100000.0,Creciente,1
9,2025-10-04 17:26:32,1050324.0,10,25,Empleado,1400000,55000,91058,95.227787,741.0,1,10,0.0,121.0,121.0,0.0,0,0,1,985912.0,Creciente,1
4,2025-10-04 19:48:27,1950015.6,24,43,Empleado,3640000,937000,92896,95.227787,792.0,7,7,0.0,24339.0,24339.0,0.0,3,0,3,1316725.0,Creciente,1
4,2025-10-05 09:58:00,1419600.0,6,43,Independiente,4797000,2506000,216225,95.227787,834.0,12,5,0.0,52725.0,52725.0,0.0,10,1,0,,,1
4,2025-10-05 11:53:20,7637160.0,24,41,Independiente,4010000,217000,357869,95.227787,799.0,7,3,0.0,489.0,489.0,0.0,4,0,1,,,1
4,2025-10-05 11:54:03,1347600.0,12,38,Independiente,5251000,2227000,110487,95.227787,747.0,15,3,0.0,15929.0,15929.0,0.0,3,0,11,1100193.0,Creciente,1
4,2025-10-05 12:32:20,601080.0,6,30,Empleado,1780000,0,91095,95.227787,795.0,2,3,0.0,232.0,232.0,0.0,1,0,0,1026863.0,Creciente,1
4,2025-10-05 12:35:30,1440000.0,8,37,Empleado,8540000,2817000,167728,95.227787,814.0,8,5,0.0,226015.0,226015.0,0.0,6,1,0,5940434.0,Decreciente,1
4,2025-10-05 16:14:26,973500.0,6,61,Empleado,3660000,264000,147223,95.227787,711.0,5,3,0.0,801.0,801.0,0.0,2,0,2,984754.0,Creciente,1
4,2025-10-05 16:20:56,600000.0,6,51,Independiente,2140000,68000,90931,95.227787,736.0,2,2,0.0,368.0,368.0,0.0,0,0,1,,,1
4,2025-10-05 17:14:27,1004640.0,6,24,Empleado,1820000,77000,152767,95.227787,793.0,2,4,0.0,1439.0,1439.0,0.0,1,0,0,1056250.0,Creciente,1
4,2025-10-06 09:08:18,7152000.0,6,45,Independiente,5620000,3222000,1083898,95.227787,804.0,6,6,0.0,111924.0,111924.0,0.0,6,0,0,1061187.0,Decreciente,1
9,2025-10-06 09:52:48,4315651.2,3,64,Independiente,9580000,5932000,1154006,95.227787,791.0,10,3,0.0,207630.0,181499.0,0.0,8,0,1,977131.0,Creciente,1
9,2025-10-06 10:07:48,10717782.0,9,44,Independiente,2940000,53000,1021172,95.227787,861.0,3,1,0.0,751.0,751.0,0.0,2,0,0,2789141.0,Creciente,1
4,2025-10-06 10:44:21,1200000.0,6,39,Empleado,2720000,1300000,182777,95.227787,832.0,2,6,0.0,46022.0,0.0,0.0,1,0,1,766666.0,Creciente,1
4,2025-10-06 10:49:08,1419600.0,10,64,Independiente,6470000,2232000,136581,95.227787,832.0,12,5,0.0,89090.0,89090.0,0.0,11,0,0,1379000.0,Estable,1
9,2025-10-06 11:05:49,1632204.0,5,68,Empleado,2630000,900000,267802,95.227787,815.0,4,3,0.0,0.0,0.0,0.0,3,0,0,975052.0,Creciente,1
4,2025-10-06 13:31:47,1296000.0,6,52,Empleado,3580000,1603000,197071,95.227787,823.0,2,4,0.0,57000.0,57000.0,0.0,1,0,1,983368.0,Creciente,1
4,2025-10-06 13:50:24,1585680.0,12,33,Empleado,2000000,83000,126491,95.227787,776.0,9,4,0.0,914.0,914.0,0.0,2,0,4,977131.0,Creciente,1
4,2025-10-06 15:05:44,2620944.0,8,60,Empleado,3560000,1210000,304458,95.227787,813.0,6,7,0.0,6705.0,6705.0,0.0,5,0,1,,,1
10,2025-10-06 16:42:19,2787240.0,6,34,Empleado,2160000,565000,422411,95.227787,797.0,7,5,0.0,35088.0,35088.0,0.0,3,0,1,4031034.0,Creciente,1
4,2025-10-06 17:21:20,1829760.0,6,34,Empleado,3300000,1682000,277303,95.227787,764.0,3,3,0.0,1897.0,1897.0,0.0,1,0,1,,,1
4,2025-10-07 10:08:24,819600.0,6,55,Independiente,2850000,690000,124837,95.227787,865.0,3,2,0.0,5041.0,5041.0,0.0,1,0,1,,,1
4,2025-10-07 13:19:34,1766100.0,6,37,Empleado,2120000,529000,267089,95.227787,713.0,10,8,0.0,3557.0,3557.0,0.0,2,0,5,,,1
4,2025-10-07 15:42:02,2511180.0,12,45,Empleado,3570000,1274000,174388,95.227787,817.0,1,1,0.0,5763.0,5763.0,0.0,1,0,0,4531121.0,Decreciente,1
4,2025-10-07 15:47:22,3960000.0,6,31,Independiente,1840000,309000,603164,95.227787,766.0,3,9,0.0,2177.0,2177.0,0.0,2,0,0,,,1
4,2025-10-07 16:32:24,1100520.0,6,29,Empleado,3010000,1747000,166433,95.227787,764.0,5,4,0.0,5158.0,5158.0,0.0,1,0,1,985576.0,Creciente,1
4,2025-10-07 18:12:14,3646320.0,6,32,Empleado,3510000,381000,551436,95.227787,827.0,7,3,0.0,6094.0,6094.0,0.0,4,0,0,4689421.0,Creciente,1
4,2025-10-07 18:38:15,840000.0,6,31,Empleado,1550000,0,127303,95.227787,797.0,0,3,0.0,0.0,,,0,0,0,1349153.0,Creciente,1
9,2025-10-08 09:11:43,7391260.8,3,20,Independiente,3200000,109000,1995759,95.227787,713.0,2,5,0.0,3370.0,3370.0,0.0,1,0,0,866667.0,Creciente,1
9,2025-10-08 11:37:26,3468283.2,10,33,Independiente,1989000,816000,300685,95.227787,815.0,6,6,0.0,9697.0,9697.0,0.0,5,0,0,931394.0,Creciente,1
4,2025-10-08 16:56:26,2110560.0,12,37,Independiente,3610000,1198000,171994,95.227787,849.0,3,0,0.0,1896.0,1896.0,0.0,2,0,0,,,1
9,2025-10-09 12:04:00,4827878.399999999,6,46,Independiente,25530000,9457000,667496,95.227787,879.0,11,4,0.0,279678.0,279678.0,0.0,11,0,0,1775000.0,Creciente,1
4,2025-10-09 13:34:24,833760.0,6,41,Empleado,1580000,1200000,126090,95.227787,754.0,2,2,0.0,346.0,346.0,0.0,0,0,2,516667.0,Decreciente,1
4,2025-10-09 14:24:26,2120400.0,6,28,Empleado,2040000,513000,320670,95.227787,768.0,5,6,0.0,1670.0,1670.0,0.0,2,0,2,2471046.0,Creciente,1
4,2025-10-09 16:28:29,1991880.0,6,27,Empleado,1840000,154000,301873,95.227787,780.0,2,5,0.0,50.0,50.0,0.0,1,0,0,683333.0,Creciente,1
9,2025-10-09 16:53:07,1042684.8,10,35,Empleado,4630000,1271000,90396,95.227787,793.0,5,10,0.0,3541.0,3541.0,0.0,4,0,1,,,1
9,2025-10-09 17:10:07,2227932.0,11,47,Independiente,7170000,3025000,177520,95.227787,846.0,4,9,0.0,105218.0,105218.0,0.0,3,0,0,1515016.0,Creciente,1
4,2025-10-09 18:48:42,2358000.0,6,35,Empleado,4150000,953000,356602,95.227787,782.0,6,3,0.0,15619.0,15619.0,0.0,1,0,4,1288484.0,Creciente,1
4,2025-10-10 10:00:13,1680000.0,6,53,Empleado,2280000,1267000,254607,95.227787,796.0,2,2,0.0,16744.0,16744.0,0.0,0,1,1,1424803.0,Creciente,1
4,2025-10-10 10:44:06,9772800.0,6,45,Independiente,7822000,5235000,1481084,95.227787,865.0,5,4,0.0,30159.0,30159.0,0.0,4,0,0,1499416.0,Creciente,1
4,2025-10-10 11:04:05,2178000.0,6,34,Empleado,1940000,358000,331740,95.227787,799.0,5,2,0.0,3952.0,3952.0,0.0,4,0,0,1200000.0,Decreciente,1
9,2025-10-10 11:54:03,540475.2,3,30,Empleado,1800000,198000,144523,86.830187,735.0,7,3,0.0,1312.0,743.0,0.0,2,0,4,5313352.0,Decreciente,1
10,2025-10-10 12:01:24,2400000.0,18,50,Empleado,2290000,344000,138740,95.227787,791.0,5,6,0.0,15007.0,15007.0,0.0,2,0,1,,,1
4,2025-10-10 12:57:45,4483368.0,6,65,Independiente,3230000,1032000,678069,95.227787,799.0,4,2,0.0,25491.0,25491.0,0.0,2,0,1,983368.0,Creciente,1
4,2025-10-10 13:23:58,4044000.0,36,31,Empleado,2640000,2781000,146447,95.227787,756.0,10,9,0.0,148991.0,148991.0,0.0,4,0,4,,,1
4,2025-10-10 14:11:03,2487499.2,6,53,Independiente,4570000,2958000,376967,95.227787,815.0,5,5,0.0,71092.0,71092.0,0.0,1,0,1,33334.0,Estable,1
4,2025-10-10 14:36:49,7176000.0,6,29,Independiente,3710000,904000,1093005,95.227787,757.0,8,6,0.0,161583.0,16380.0,0.0,6,0,1,3044581.0,Creciente,1
4,2025-10-10 15:30:57,7215000.0,6,46,Empleado,3340000,1341000,1093445,95.227787,810.0,2,1,0.0,20332.0,20332.0,0.0,2,0,0,,,1
9,2025-10-10 16:08:49,4073504.4,9,28,Independiente,5440000,1952000,388117,95.227787,766.0,6,6,0.0,48752.0,48752.0,0.0,3,0,1,977131.0,Creciente,1
4,2025-10-10 17:27:53,4044000.0,36,38,Independiente,4160000,3622000,146447,95.227787,827.0,2,2,0.0,6280.0,6280.0,0.0,2,0,0,1000000.0,Estable,1
9,2025-10-10 17:40:50,1156128.0,11,62,Empleado,2800000,35000,92119,95.227787,802.0,2,3,0.0,106.0,106.0,0.0,0,0,1,977131.0,Creciente,1
4,2025-10-10 18:30:45,4044600.0,24,56,Empleado,2720000,1384000,191631,95.227787,770.0,5,7,0.0,12009.0,12009.0,0.0,3,0,1,908526.0,Creciente,1
4,2025-10-10 18:40:22,1968000.0,6,54,Independiente,1870000,316000,299737,95.227787,748.0,3,3,0.0,2397.0,1119.0,0.0,0,0,3,908526.0,Estable,1
4,2025-10-10 19:17:46,4411632.0,12,41,Empleado,2810000,1171000,358137,95.227787,787.0,8,10,0.0,26407.0,26407.0,0.0,4,0,0,1193383.0,Creciente,1
4,2025-10-11 09:38:46,1522770.0,6,62,Independiente,3980000,629000,231939,95.227787,814.0,4,7,0.0,10303.0,10303.0,0.0,2,1,1,983368.0,Creciente,1
9,2025-10-11 09:40:03,2060065.2,9,31,Empleado,2925000,912000,196279,95.227787,820.0,5,6,0.0,98845.0,4145.0,0.0,4,0,1,6517621.0,Creciente,1
4,2025-10-11 11:15:41,2187499.2,6,50,Independiente,4230000,561000,331519,95.227787,903.0,5,5,0.0,3009.0,3009.0,0.0,2,0,2,984754.0,Creciente,1
4,2025-10-11 11:18:45,2064000.0,6,63,Independiente,6230000,12033000,313854,95.227787,841.0,8,5,0.0,292026.0,292026.0,0.0,4,0,1,,,1
4,2025-10-11 11:23:13,1968000.0,6,37,Independiente,2560000,2470000,298254,95.227787,794.0,4,4,0.0,27020.0,27020.0,0.0,1,0,3,,,1
4,2025-10-11 13:41:22,1419600.0,12,51,Independiente,5170000,104000,116728,95.227787,764.0,4,2,0.0,33734.0,33734.0,0.0,3,0,0,2801109.0,Creciente,1
4,2025-10-11 13:52:53,1419600.0,6,39,Independiente,2630000,560000,216225,95.227787,799.0,2,3,0.0,20085.0,20085.0,0.0,1,0,0,,,1
4,2025-10-11 13:55:12,8640000.0,36,57,Empleado,2880000,1771000,312883,-18.471029,485.0,7,2,1584.0,48619.0,48619.0,0.0,4,1,1,1706096.0,Decreciente,0
4,2025-10-11 15:19:13,507120.0,6,42,Empleado,2325000,390000,76855,95.227787,685.0,8,4,0.0,17196.0,17196.0,0.0,2,0,5,1445901.0,Decreciente,1
4,2025-10-11 15:30:20,3912000.0,6,37,Independiente,2062000,1422000,592870,95.227787,759.0,6,6,0.0,10861.0,10861.0,0.0,2,1,0,,,1
4,2025-10-11 15:59:16,1571640.0,12,27,Empleado,2230000,653000,128066,95.227787,710.0,9,5,0.0,18505.0,18505.0,0.0,2,0,6,3465620.0,Decreciente,1
4,2025-10-11 16:04:15,3186480.0,6,57,Empleado,2890000,176000,485346,95.227787,750.0,5,3,0.0,17279.0,786.0,0.0,0,0,3,1739567.0,Creciente,1
4,2025-10-11 16:36:26,1150320.0,6,29,Empleado,1560000,21000,174333,95.227787,711.0,1,2,0.0,0.0,0.0,0.0,0,0,0,,,1
4,2025-10-11 16:36:46,4680000.0,36,53,Independiente,4730000,646000,165305,95.227787,798.0,9,4,0.0,12667.0,12667.0,0.0,1,2,2,,,1
9,2025-10-11 17:40:03,5345109.6,10,40,Independiente,15040000,10351000,463397,95.227787,810.0,8,4,0.0,259697.0,259697.0,0.0,7,0,1,977131.0,Creciente,1
4,2025-10-11 17:50:24,1710000.0,12,34,Independiente,2320000,475000,139340,95.227787,740.0,6,6,0.0,10622.0,10622.0,0.0,2,1,1,1221048.0,Creciente,1
10,2025-10-11 18:06:03,626235.6,6,50,Independiente,2180000,563000,94586,95.227787,747.0,3,4,0.0,4157.0,4157.0,0.0,1,0,0,,,1
9,2025-10-12 10:21:07,2880812.4,11,67,Empleado,1860000,175000,232036,95.227787,742.0,12,3,0.0,2672.0,2672.0,0.0,0,0,11,0.0,Estable,1
4,2025-10-12 11:16:42,959880.0,6,26,Empleado,1335000,0,145471,95.227787,712.0,16,14,0.0,115132.0,114575.0,0.0,11,1,2,8187917.0,Decreciente,1
4,2025-10-12 11:46:42,840000.0,6,52,Empleado,4650000,2563000,127303,95.227787,870.0,12,2,0.0,61641.0,61641.0,0.0,9,0,2,983368.0,Creciente,1
4,2025-10-12 15:35:24,1359600.0,6,34,Empleado,3910000,798000,206050,95.227787,789.0,4,8,0.0,23530.0,23530.0,0.0,2,1,1,1535603.0,Creciente,1
9,2025-10-12 15:39:06,4259772.0,5,44,Empleado,4560000,1974000,698916,95.227787,818.0,4,3,0.0,21007.0,21007.0,0.0,2,0,0,977131.0,Creciente,1
9,2025-10-12 15:58:05,2534836.8,10,42,Independiente,1562000,1820000,219759,95.227787,709.0,5,3,0.0,5582.0,5582.0,0.0,0,1,1,,,1
4,2025-10-12 17:13:50,2531880.0,6,38,Empleado,1980000,39000,383711,95.227787,798.0,2,0,0.0,160983.0,72.0,0.0,1,0,0,3231496.0,Decreciente,1
9,2025-10-12 18:47:59,5369958.0,10,35,Empleado,11170000,5196000,465551,95.227787,827.0,6,11,0.0,255873.0,255873.0,0.0,6,0,0,2873952.0,Decreciente,1
9,2025-10-13 09:57:00,5975440.8,11,42,Independiente,4780000,1227000,476119,95.227787,831.0,8,3,0.0,92351.0,92351.0,0.0,5,0,0,1500000.0,Creciente,1
9,2025-10-13 10:20:00,2962782.0,10,44,Independiente,2725000,1103000,256860,89.979287,863.0,4,4,0.0,38680.0,38680.0,0.0,2,0,1,977131.0,Creciente,1
4,2025-10-13 11:13:44,1440000.0,6,50,Independiente,2860000,1693000,219332,95.227787,843.0,3,3,0.0,23423.0,23423.0,0.0,1,2,0,963410.0,Creciente,1
9,2025-10-13 14:25:06,1838605.2,10,56,Independiente,10480000,3470000,159399,95.227787,843.0,11,4,0.0,117101.0,117101.0,0.0,8,0,1,1891994.0,Creciente,1
4,2025-10-13 14:39:31,963918.0,6,64,Independiente,2330000,0,146818,95.227787,856.0,1,1,0.0,0.0,0.0,0.0,0,0,0,2142000.0,Creciente,1
4,2025-10-13 15:44:22,2653921.2,18,28,Empleado,1600000,0,154766,95.227787,792.0,0,3,0.0,0.0,,,0,0,0,1091350.0,Creciente,1
4,2025-10-13 16:14:23,505200.0,6,43,Independiente,2800000,844000,76949,95.227787,772.0,5,5,0.0,1385.0,1385.0,0.0,1,0,3,,,1
9,2025-10-13 17:32:01,2516379.6,10,62,Empleado,1790000,0,218159,95.227787,825.0,0,2,0.0,0.0,,,0,0,0,1000000.0,Decreciente,1
9,2025-10-14 11:54:56,4158232.8,10,28,Empleado,3330000,3196000,360500,95.227787,826.0,2,2,0.0,2901.0,2901.0,0.0,1,0,1,9963000.0,Creciente,1
4,2025-10-14 12:35:20,1800000.0,24,29,Empleado,2308000,797000,84799,95.227787,708.0,5,8,0.0,47170.0,47170.0,0.0,2,0,2,,,1
4,2025-10-14 13:42:39,3182400.0,6,49,Independiente,2870000,304000,482298,95.227787,772.0,2,2,0.0,7730.0,7730.0,0.0,1,0,0,,,1
4,2025-10-14 15:07:34,1913880.0,12,50,Empleado,2620000,1221000,157388,95.227787,823.0,7,5,0.0,29359.0,29359.0,0.0,3,0,3,,,1
4,2025-10-14 17:33:28,2264547.6,6,29,Empleado,5730000,2982000,344922,95.227787,678.0,6,11,0.0,88322.0,88322.0,0.0,3,0,2,4091513.0,Creciente,1
4,2025-10-14 19:18:41,5078760.0,36,53,Empleado,2360000,522000,181100,95.227787,883.0,2,1,0.0,520.0,520.0,0.0,1,0,0,,,1
4,2025-10-15 11:45:13,2858041.2,6,45,Independiente,17750000,5995000,433141,95.227787,866.0,13,6,0.0,130346.0,130346.0,0.0,6,0,2,1300000.0,Estable,1
9,2025-10-15 12:05:29,4626270.0,10,37,Empleado,2280000,256000,401077,95.227787,859.0,4,3,0.0,261407.0,14993.0,0.0,4,0,0,3342541.0,Creciente,1
4,2025-10-15 14:55:58,1439880.0,6,66,Empleado,5670000,3660000,218206,95.227787,767.0,13,4,0.0,109885.0,109885.0,0.0,10,1,0,984754.0,Creciente,1
4,2025-10-15 15:00:37,1439880.0,24,33,Empleado,1950000,561000,67471,95.227787,736.0,9,11,0.0,6122.0,6122.0,0.0,3,0,5,2169770.0,Creciente,1
4,2025-10-16 10:06:54,624000.0,6,36,Independiente,3697000,1933000,95044,95.227787,807.0,6,3,0.0,70723.0,70723.0,0.0,1,2,2,984754.0,Creciente,1
4,2025-10-16 14:29:31,6600000.0,6,67,Empleado,3750000,1007000,1000241,95.227787,853.0,3,4,0.0,2191.0,2191.0,0.0,2,0,0,1899658.0,Creciente,1
9,2025-10-16 16:14:28,2569764.0,10,50,Empleado,5220000,1574000,222787,95.227787,890.0,9,2,0.0,91716.0,91716.0,0.0,5,0,0,1000000.0,Creciente,1
4,2025-10-16 16:26:44,1103880.0,6,49,Independiente,2170000,0,167295,95.227787,859.0,0,2,0.0,0.0,,,0,0,0,,,1
9,2025-10-16 17:13:29,5323563.6,10,24,Independiente,1326000,1560000,467059,95.227787,640.0,3,5,0.0,2328.0,2328.0,0.0,1,0,0,,,1
4,2025-10-16 19:25:27,4039200.0,24,26,Independiente,3890000,806000,192423,95.227787,831.0,5,4,0.0,18164.0,18164.0,0.0,3,0,0,,,1
9,2025-10-17 10:42:33,1245560.4,10,39,Empleado,22570000,8106000,109278,84.730786,761.0,9,8,0.0,230080.0,230080.0,0.0,4,2,2,1000000.0,17181,1
9,2025-10-17 11:39:35,773109.6,5,27,Empleado,3350000,215000,127691,95.227787,757.0,4,3,0.0,0.0,0.0,0.0,2,0,0,1181782.0,Creciente,1
9,2025-10-17 13:03:26,899812.7999999999,5,52,Independiente,1948000,0,148618,95.227787,806.0,0,2,0.0,0.0,,,0,0,0,,,1
4,2025-10-17 13:04:46,937200.0,6,55,Empleado,3380000,0,142265,95.227787,858.0,2,4,0.0,0.0,0.0,0.0,1,0,0,1093916.0,Decreciente,1
4,2025-10-17 15:41:56,2065746.0,18,67,Empleado,3400000,408000,122030,95.227787,727.0,4,6,0.0,14926.0,14926.0,0.0,0,2,1,983368.0,Creciente,1
9,2025-10-17 16:06:31,4589198.399999999,10,59,Independiente,2100000,0,402630,95.227787,788.0,2,3,0.0,15.0,15.0,0.0,0,0,0,983368.0,Creciente,1
4,2025-10-17 16:31:47,1625923.2,24,43,Independiente,2520000,906000,77457,95.227787,838.0,4,5,0.0,26752.0,26752.0,0.0,1,1,0,,,1
4,2025-10-17 17:06:22,5424000.0,6,54,Independiente,4415000,4202000,821979,95.227787,786.0,7,3,0.0,205303.0,205303.0,0.0,6,0,0,984754.0,Creciente,1
4,2025-10-17 19:26:51,3828480.0,24,27,Empleado,2170000,274000,181391,95.227787,755.0,5,5,0.0,2290.0,2290.0,0.0,2,0,1,1656576.0,Decreciente,1
6,2025-10-18 14:58:35,870704.4,12,28,Empleado,6400000,0,71862,95.227787,733.0,12,7,0.0,29188.0,29188.0,0.0,5,1,2,1110482.0,Creciente,1
9,2025-10-18 15:22:34,4537210.8,10,26,Empleado,3090000,772000,432683,95.227787,789.0,1,2,0.0,32576.0,32576.0,0.0,1,0,0,2605750.0,Creciente,1
4,2025-10-18 16:06:50,587520.0,6,26,Empleado,2410000,0,88851,95.227787,788.0,8,7,0.0,2309.0,2309.0,0.0,1,0,3,,,1
4,2025-10-18 16:33:51,4044000.0,36,32,Independiente,2000000,219000,146447,95.227787,839.0,2,1,0.0,5322.0,5322.0,0.0,1,0,0,,,1
9,2025-10-18 17:00:25,5490456.0,10,122,Empleado,200000000,10000000,475998,86.830187,0.0,0,0,,,,,0,0,0,,,1
4,2025-10-19 10:04:02,1549944.0,6,46,Independiente,5140000,2729000,236064,83.231214,740.0,6,3,0.0,65629.0,65629.0,0.0,2,0,3,,,1
9,2025-10-19 15:37:36,2655620.4,5,48,Empleado,9130000,276000,438616,95.227787,827.0,2,0,0.0,2185.0,2185.0,0.0,1,0,0,983368.0,Creciente,1
4,2025-10-19 15:49:33,852000.0,12,29,Empleado,2350000,1199000,70064,95.227787,741.0,12,7,0.0,12585.0,12585.0,0.0,3,1,7,2012799.0,Decreciente,1
9,2025-10-19 16:40:38,844999.2,4,32,Empleado,6170000,3310000,172330,95.227787,808.0,8,0,0.0,134806.0,134806.0,0.0,7,0,0,5975822.0,Creciente,1
4,2025-10-19 18:58:27,1295880.0,12,26,Empleado,1553000,385000,105604,95.227787,713.0,4,3,0.0,16936.0,15540.0,0.0,2,1,1,1126366.0,Creciente,1
4,2025-10-19 19:18:28,4372320.0,6,30,Empleado,8470000,5715000,661230,95.227787,670.0,18,11,0.0,169242.0,169242.0,0.0,8,0,7,6365586.0,Decreciente,1
4,2025-10-19 19:35:28,4923840.0,6,46,Empleado,3080000,2929000,744637,95.227787,815.0,6,3,0.0,123697.0,123697.0,0.0,1,3,1,1414200.0,Decreciente,1
9,2025-10-20 11:06:03,1813250.4,5,122,Empleado,2016575000,37000000,299486,83.231214,0.0,0,0,,,,,0,0,0,,,1
4,2025-10-20 11:30:21,1832040.0,6,45,Independiente,2710000,0,277061,95.227787,796.0,5,5,0.0,41004.0,97.0,0.0,1,0,1,,,1
4,2025-10-20 13:23:09,2124720.0,24,25,Empleado,2610000,238000,99547,95.227787,791.0,4,2,0.0,2166.0,2166.0,0.0,2,0,0,928485.0,Creciente,1
4,2025-10-20 13:57:54,4800000.0,24,49,Independiente,4450000,299000,224923,95.227787,831.0,1,2,0.0,280.0,280.0,0.0,1,0,0,,,1
4,2025-10-20 15:35:37,1199880.0,6,43,Empleado,1810000,833000,181844,95.227787,819.0,7,6,0.0,21660.0,21660.0,0.0,4,0,3,1022609.0,Creciente,1
4,2025-10-20 15:45:38,1567200.0,18,31,Empleado,1599000,322000,90895,95.227787,716.0,10,5,0.0,24766.0,24766.0,0.0,2,0,4,3141666.0,Creciente,1
4,2025-10-20 16:59:36,1200000.0,12,33,Independiente,2000000,1000000,97192,95.227787,727.0,3,4,0.0,359.0,359.0,0.0,1,0,2,,,1
4,2025-10-20 17:22:40,1101966.0,6,41,Empleado,1540000,106000,167005,95.227787,851.0,3,2,0.0,152.0,152.0,0.0,2,0,0,984754.0,Creciente,1
4,2025-10-20 17:43:40,1020000.0,6,30,Independiente,2010000,656000,155360,95.227787,751.0,3,7,0.0,4162.0,4162.0,0.0,0,0,2,,,1
4,2025-10-20 17:58:11,1629180.0,12,27,Empleado,3700000,831000,113138,95.227787,784.0,5,6,0.0,1238.0,1238.0,0.0,1,0,2,1066236.0,Decreciente,1
4,2025-10-20 19:06:42,2580000.0,24,40,Empleado,2562000,580000,122908,95.227787,769.0,7,10,0.0,38897.0,38897.0,0.0,5,0,0,1875424.0,Creciente,1
4,2025-10-20 19:26:42,719397.6,6,30,Empleado,2300000,182000,109026,95.227787,729.0,9,5,0.0,2279.0,2279.0,0.0,3,0,4,1934300.0,Creciente,1
4,2025-10-21 08:07:40,2400000.0,24,24,Empleado,1450000,173000,113711,95.227787,693.0,2,3,0.0,3079.0,3079.0,0.0,2,0,0,1183697.0,Decreciente,1
4,2025-10-21 12:02:33,1200000.0,24,26,Empleado,2900000,893000,56532,95.227787,723.0,6,5,0.0,43238.0,43238.0,0.0,3,0,1,,,1
4,2025-10-21 12:08:45,1835040.0,6,58,Empleado,3390000,1395000,277515,95.227787,897.0,7,4,0.0,62212.0,62212.0,0.0,5,1,0,2675488.0,Creciente,1
4,2025-10-21 17:30:15,3396000.0,36,67,Independiente,1550000,558000,122006,95.227787,758.0,3,5,0.0,10212.0,10212.0,0.0,1,0,2,,,1
4,2025-10-21 18:07:44,3840000.0,36,38,Empleado,5010000,1335000,135593,95.227787,778.0,14,6,0.0,52384.0,44620.0,0.0,8,0,3,1600000.0,Creciente,1
4,2025-10-21 20:15:53,731808.0,6,46,Empleado,4590000,3161000,110672,95.227787,750.0,5,3,0.0,74300.0,74300.0,0.0,1,0,3,,,1
4,2025-10-22 14:21:52,2160000.0,12,31,Empleado,1510000,69000,175349,95.227787,781.0,2,4,0.0,739.0,739.0,0.0,1,0,0,958333.0,Estable,1
4,2025-10-23 11:02:02,1721160.0,18,36,Empleado,1520000,0,79683,95.227787,684.0,0,4,0.0,0.0,,,0,0,0,1000000.0,Estable,1
9,2025-10-23 12:30:02,2174388.0,5,122,Empleado,125368664,4081054,359133,95.227787,0.0,0,0,,,,,0,0,0,,,1
4,2025-10-23 13:47:17,939462.0,8,51,Empleado,1980000,295000,110120,95.227787,800.0,7,8,0.0,2185.0,2185.0,0.0,3,0,1,707894.0,Creciente,1
4,2025-10-23 15:35:47,5214480.0,24,33,Empleado,1850000,253000,242641,95.227787,839.0,3,2,0.0,1094.0,1094.0,0.0,1,0,1,1000000.0,Creciente,1
9,2025-10-23 15:40:27,4290198.0,6,122,Empleado,3979311000,3758729000,649722,95.227787,0.0,0,0,,,,,0,0,0,,,1
4,2025-10-23 19:23:32,3806880.0,6,44,Independiente,4090000,964000,575718,95.227787,841.0,7,0,0.0,46086.0,46086.0,0.0,5,0,2,1266666.0,Creciente,1
4,2025-10-24 08:23:31,1600560.0,10,27,Empleado,4380000,842000,152304,95.227787,842.0,2,6,0.0,14003.0,14003.0,0.0,2,0,0,2500000.0,Creciente,1
9,2025-10-24 08:23:51,1229468.4,10,36,Empleado,1520000,0,107866,95.227787,795.0,0,2,0.0,0.0,,,0,0,0,,,1
9,2025-10-24 09:03:52,1368028.8,10,28,Empleado,2120000,497000,120023,95.227787,777.0,6,8,0.0,11772.0,11772.0,0.0,4,0,1,1937064.0,Creciente,1
9,2025-10-24 11:15:06,1709187.6,4,122,Empleado,95089176,1628602,348573,95.227787,0.0,0,0,,,,,0,0,0,,,1
4,2025-10-24 13:27:17,3959400.0,24,45,Independiente,3230000,274000,185533,95.227787,774.0,5,9,0.0,6419.0,6419.0,0.0,2,0,2,984754.0,Creciente,1
4,2025-10-24 15:12:59,2345883.6,20,33,Empleado,3160000,611000,127804,95.227787,783.0,4,5,0.0,18869.0,18869.0,0.0,2,0,1,1217888.0,Creciente,1
9,2025-10-24 16:03:22,3379032.0,10,46,Empleado,8730000,3286000,296457,95.227787,730.0,10,4,0.0,159769.0,133937.0,0.0,5,0,1,755813.0,Decreciente,1
4,2025-10-24 16:17:51,2580000.0,36,27,Empleado,4560000,945000,94145,95.227787,750.0,7,3,0.0,6164.0,6164.0,0.0,5,0,1,1017705.0,Creciente,1
4,2025-10-25 08:08:27,6647880.0,36,45,Empleado,4030000,1286000,234814,95.227787,865.0,8,7,0.0,4277.0,4277.0,0.0,7,0,1,8257853.0,Decreciente,1
4,2025-10-25 08:35:10,3596578.8,6,29,Empleado,2190000,516000,543950,95.227787,811.0,5,7,0.0,4354.0,4354.0,0.0,3,0,1,1478197.0,Creciente,1
4,2025-10-25 08:45:16,1878129.6,6,50,Empleado,1730000,41000,286065,95.227787,738.0,2,3,0.0,83.0,83.0,0.0,0,0,1,718031.0,Creciente,1
4,2025-10-25 09:26:48,2512148.4,8,39,Empleado,1890000,221000,294464,95.227787,769.0,5,2,0.0,1384.0,1384.0,0.0,1,0,4,150000.0,Creciente,1
4,2025-10-25 11:06:58,2040000.0,24,60,Empleado,1850000,303000,97165,95.227787,767.0,6,8,0.0,5337.0,5337.0,0.0,0,0,4,1033726.0,Creciente,1
4,2025-10-25 11:30:15,2766564.0,6,32,Empleado,2300000,1065000,418418,95.227787,814.0,7,1,0.0,54101.0,54101.0,0.0,4,0,2,2636234.0,Creciente,1
4,2025-10-25 11:56:58,3394243.2,12,34,Empleado,4720000,1434000,275579,95.227787,859.0,5,3,0.0,15007.0,15007.0,0.0,4,0,0,1651828.0,Creciente,1
9,2025-10-25 12:03:20,793064.4,4,24,Empleado,2000000,0,161738,95.227787,742.0,2,10,0.0,20000.0,20000.0,0.0,1,0,0,4031256.0,Decreciente,1
4,2025-10-25 12:28:16,2840108.4,24,37,Empleado,2260000,353000,135273,95.227787,774.0,2,2,0.0,12743.0,12743.0,0.0,0,1,1,,,1
4,2025-10-25 13:16:50,2198160.0,24,63,Empleado,2760000,1113000,104148,95.227787,753.0,7,2,0.0,12744.0,12744.0,0.0,1,1,5,984754.0,Creciente,1
4,2025-10-25 13:21:50,3524919.6,6,43,Empleado,8070000,426000,534183,95.227787,870.0,4,7,0.0,20294.0,20294.0,0.0,3,0,1,1193771.0,Creciente,1
4,2025-10-25 16:55:36,4824000.0,36,48,Independiente,4080000,1055000,176029,95.227787,846.0,4,4,0.0,60103.0,42863.0,0.0,0,2,2,859578.0,Decreciente,1
4,2025-10-25 17:08:43,6968400.0,36,32,Empleado,2440000,1847000,254211,95.227787,790.0,8,3,0.0,59763.0,45013.0,0.0,4,2,1,1817545.0,Creciente,1
4,2025-10-25 18:50:28,4044000.0,36,58,Empleado,4390000,1024000,146447,95.227787,817.0,1,0,0.0,6860.0,6860.0,0.0,1,0,0,1558015.0,Decreciente,1
4,2025-10-26 11:29:32,4046400.0,12,42,Empleado,4620000,74000,328488,95.227787,826.0,5,2,0.0,4472.0,4472.0,0.0,3,0,1,3643042.0,Creciente,1
9,2025-10-26 11:39:22,2136488.4,3,39,Empleado,1960000,0,573849,95.227787,842.0,2,2,0.0,0.0,0.0,0.0,0,0,1,6871180.0,Creciente,1
9,2025-10-26 14:17:26,5554894.8,10,45,Empleado,5070000,2191000,487354,95.227787,831.0,6,4,0.0,12144.0,12144.0,0.0,4,0,0,3824176.0,Creciente,1
4,2025-10-26 15:43:28,2580000.0,6,53,Independiente,1740000,89000,392970,95.227787,802.0,4,2,0.0,892.0,892.0,0.0,1,0,1,,,1
9,2025-10-26 16:05:18,3859936.8,10,30,Empleado,6500000,2849000,338649,95.227787,849.0,10,10,0.0,118842.0,118842.0,0.0,7,0,2,9275000.0,Creciente,1
9,2025-10-26 16:27:19,3151942.8,10,34,Empleado,6050000,1536000,276533,95.227787,860.0,4,2,0.0,77092.0,77092.0,0.0,3,0,0,8127085.0,Creciente,1
4,2025-10-27 11:05:30,1200000.0,8,21,Empleado,2960000,968000,140659,95.227787,713.0,7,7,0.0,3389.0,3389.0,0.0,2,0,3,1155260.0,Creciente,1
4,2025-10-27 12:39:27,960289.2,6,25,Empleado,5670000,3989000,146988,95.227787,725.0,14,2,0.0,139243.0,112701.0,0.0,2,7,5,5476666.0,Decreciente,1
4,2025-10-27 16:32:32,1124278.8,12,65,Empleado,2090000,1051000,93554,95.227787,796.0,7,7,0.0,57156.0,46410.0,0.0,2,2,3,990852.0,Creciente,1
4,2025-10-27 16:48:21,4044000.0,6,27,Empleado,3120000,421000,614896,95.227787,832.0,4,3,0.0,27208.0,8739.0,0.0,1,2,1,2086894.0,Creciente,1
4,2025-10-28 12:30:10,7308696.0,36,25,Empleado,3130000,611000,264672,95.227787,780.0,4,4,0.0,16640.0,16640.0,0.0,3,0,0,1310852.0,Creciente,1
4,2025-10-28 12:35:59,1151880.0,12,24,Empleado,1480000,0,94725,95.227787,800.0,1,3,0.0,0.0,0.0,0.0,0,0,0,1483635.0,Creciente,1
4,2025-10-28 13:54:58,1139880.0,18,23,Empleado,3360000,1273000,66465,95.227787,707.0,10,9,0.0,20402.0,20402.0,0.0,5,0,0,2358257.0,Estable,1
4,2025-10-28 13:57:01,983404.8,12,36,Independiente,2390000,474000,80140,95.227787,748.0,5,8,0.0,7418.0,7418.0,0.0,1,0,2,921363.0,Decreciente,1
4,2025-10-28 15:28:03,3965520.0,18,33,Empleado,2700000,310000,233258,95.227787,784.0,4,5,0.0,2967.0,2967.0,0.0,0,0,2,991684.0,Creciente,1
4,2025-10-29 11:15:31,4990200.0,12,27,Empleado,3940000,2306000,410368,95.227787,759.0,5,2,0.0,47646.0,12453.0,0.0,2,0,2,8650827.0,Creciente,1
4,2025-10-30 12:46:26,1617840.0,24,67,Empleado,1750000,153000,78325,95.227787,783.0,2,2,0.0,7866.0,7866.0,0.0,1,0,1,992377.0,Creciente,1
4,2025-10-30 12:48:29,1283088.0,18,38,Empleado,5350000,2254000,74430,95.227787,726.0,11,3,0.0,123463.0,123463.0,0.0,8,0,1,,,1
9,2025-10-30 16:12:51,4435316.399999999,11,39,Empleado,4300000,942000,356060,95.227787,854.0,7,4,0.0,3021.0,3021.0,0.0,2,0,1,3078209.0,Creciente,1
4,2025-10-30 17:23:46,417600.0,8,62,Independiente,1450000,59000,48953,95.227787,791.0,1,6,0.0,295.0,295.0,0.0,0,0,1,,,1
9,2025-10-30 17:50:48,3367867.2,10,35,Empleado,3030000,3304000,295477,47.613894,807.0,11,7,0.0,81831.0,74861.0,0.0,8,0,1,983368.0,Creciente,0
9,2025-10-31 10:59:48,6915150.0,10,34,Independiente,2750000,78000,606695,47.613894,763.0,4,1,0.0,48119.0,56.0,0.0,1,0,0,,,0
9,2025-10-31 11:53:49,1906078.8,10,29,Empleado,1750000,0,166320,47.613894,805.0,1,2,0.0,0.0,0.0,0.0,0,0,0,2500000.0,Creciente,0
4,2025-10-31 14:02:12,636000.0,6,50,Independiente,2400000,656000,97508,95.227787,708.0,7,12,0.0,4024.0,3825.0,0.0,3,0,3,,,1
4,2025-10-31 14:42:13,6000000.0,12,51,Independiente,2960000,125000,499273,95.227787,844.0,3,4,0.0,378.0,378.0,0.0,1,0,1,969508.0,Creciente,1
4,2025-10-31 18:11:28,1554871.2,6,52,Independiente,2930000,563000,237998,95.227787,713.0,8,12,0.0,20818.0,20818.0,0.0,3,0,2,,,1
4,2025-10-31 18:13:08,3246000.0,12,29,Empleado,1460000,239000,270107,95.227787,759.0,5,4,0.0,763.0,763.0,0.0,1,0,3,992377.0,Creciente,1
9,2025-11-01 12:11:03,792000.0,12,40,Empleado,17680000,4397000,55000,95.227787,772.0,11,4,0.0,259101.0,259101.0,0.0,6,0,0,8537229.0,Creciente,1
4,2025-11-01 13:42:24,462474.0,6,28,Empleado,3120000,1451000,70789,95.227787,698.0,3,4,0.0,76951.0,76951.0,0.0,1,0,1,2833933.0,Creciente,1
9,2025-11-01 15:02:57,2005837.2,10,40,Empleado,4060000,1285000,175981,95.227787,783.0,6,1,0.0,48111.0,48111.0,0.0,1,0,2,6007560.0,Creciente,1
4,2025-11-01 15:55:39,1692000.0,24,26,Empleado,1940000,593000,82350,95.227787,747.0,4,6,0.0,26239.0,26239.0,0.0,0,1,3,1365453.0,Decreciente,1
9,2025-11-02 10:28:23,2294539.2,10,28,Independiente,3420000,755000,201310,95.227787,772.0,3,9,0.0,6377.0,6377.0,0.0,2,0,0,1250000.0,Creciente,1
9,2025-11-02 12:17:52,7960772.399999999,5,122,Empleado,160806342,5297882,1314842,95.227787,0.0,0,0,,,,,0,0,0,,,1
9,2025-11-02 16:41:23,2231668.8,9,34,Empleado,8370000,5187000,214954,95.227787,747.0,7,10,0.0,55852.0,55852.0,0.0,6,0,1,4547807.0,Creciente,1
9,2025-11-02 17:53:25,5009214.0,9,41,Empleado,4330000,2620000,482486,95.227787,861.0,11,6,0.0,108392.0,108392.0,0.0,7,0,1,3862682.0,Creciente,1
4,2025-11-02 17:55:20,1701000.0,12,27,Empleado,1980000,367000,139867,95.227787,730.0,3,5,0.0,679.0,679.0,0.0,0,0,2,984702.0,Creciente,1
9,2025-11-03 11:04:29,6890785.2,5,51,Empleado,13160000,3557000,1138117,95.227787,838.0,6,4,0.0,154373.0,154373.0,0.0,6,0,0,6850909.0,Creciente,1
4,2025-11-03 11:24:48,624000.0,6,49,Empleado,4350000,2602000,95668,95.227787,758.0,8,9,0.0,126273.0,126273.0,0.0,6,0,2,,,1
4,2025-11-03 11:32:58,840000.0,6,56,Independiente,1990000,0,127944,95.227787,812.0,0,2,0.0,0.0,,,0,0,0,532317.0,Creciente,1
9,2025-11-03 12:04:31,1875998.4,10,37,Empleado,1550000,0,164589,95.227787,694.0,0,2,0.0,0.0,,,0,0,0,,,1
10,2025-11-04 11:47:16,6223200.0,36,41,Empleado,1989000,598000,221862,95.227787,751.0,12,2,0.0,21312.0,21312.0,0.0,3,1,7,5029953.0,Creciente,1
4,2025-11-04 13:41:44,3600000.0,6,50,Empleado,5840000,2180000,548330,95.227787,831.0,5,4,0.0,43476.0,43476.0,0.0,2,1,0,992377.0,Creciente,1
4,2025-11-04 16:41:58,1492560.0,6,66,Empleado,3050000,2912000,227338,95.227787,867.0,6,2,0.0,108674.0,108674.0,0.0,0,2,1,,,1
4,2025-11-04 16:56:08,554673.6,8,47,Independiente,1369000,574000,65570,95.227787,777.0,7,1,0.0,3311.0,3311.0,0.0,2,0,5,,,1
4,2025-11-04 18:42:11,1200000.0,24,26,Empleado,1590000,324000,58404,95.227787,685.0,6,5,0.0,7696.0,7696.0,0.0,3,0,1,1082819.0,Creciente,1
9,2025-11-05 12:12:29,5915808.0,3,44,Empleado,2840000,0,1588953,95.227787,769.0,3,8,0.0,0.0,0.0,0.0,0,0,0,,,1
9,2025-11-05 14:31:23,2814468.0,5,49,Independiente,6500000,5500000,464852,95.227787,655.0,10,2,0.0,155030.0,137646.0,0.0,4,0,4,4772350.0,Creciente,1
4,2025-11-05 15:45:30,3600000.0,36,62,Empleado,2430000,264000,135339,95.227787,877.0,1,1,0.0,5497.0,5497.0,0.0,0,1,0,2514867.0,Creciente,1
4,2025-11-05 16:41:31,2483520.0,10,26,Independiente,4720000,760000,238942,95.227787,755.0,9,3,0.0,22094.0,22094.0,0.0,4,0,2,1000000.0,Estable,1
4,2025-11-06 12:39:59,534840.0,6,38,Empleado,2361000,408000,81999,95.227787,723.0,6,4,0.0,25922.0,25922.0,0.0,2,1,2,1108859.0,Creciente,1
9,2025-11-06 14:30:44,3497023.2,11,66,Empleado,1680000,627000,282269,95.227787,782.0,5,4,0.0,2578.0,2578.0,0.0,2,0,2,991320.0,Creciente,1
9,2025-11-06 15:12:55,1101067.2,10,39,Independiente,5000000,2538000,96601,95.227787,802.0,5,7,0.0,159090.0,159090.0,0.0,3,0,2,1000000.0,Estable,1
9,2025-11-06 15:15:55,1073166.0,10,21,Empleado,2440000,503000,94153,95.227787,719.0,4,6,0.0,5120.0,5120.0,0.0,2,0,0,,,1
4,2025-11-06 15:19:03,3600000.0,36,51,Empleado,3150000,928000,135339,95.227787,778.0,9,5,0.0,40893.0,40893.0,0.0,4,0,2,2365068.0,Decreciente,1
4,2025-11-06 15:43:33,2130000.0,12,35,Empleado,1698000,1006000,177242,95.227787,739.0,7,3,0.0,13995.0,13995.0,0.0,3,0,3,991684.0,Creciente,1
4,2025-11-06 16:09:23,1200000.0,12,25,Empleado,2280000,812000,98682,95.227787,690.0,6,7,0.0,10879.0,10879.0,0.0,3,0,0,1716461.0,Creciente,1
4,2025-11-06 18:24:57,1740438.0,6,26,Empleado,1630000,459000,264653,95.227787,716.0,6,4,0.0,1697.0,1697.0,0.0,4,0,0,991684.0,1000000,1
4,2025-11-06 18:44:57,2358000.0,12,28,Empleado,2440000,1418000,193328,95.227787,805.0,5,0,0.0,84578.0,84578.0,0.0,2,0,0,,,1
9,2025-11-07 08:42:20,2465599.2,10,34,Independiente,3870000,698000,216317,95.227787,845.0,3,4,0.0,19119.0,19119.0,0.0,2,0,0,1068087.0,Creciente,1
9,2025-11-07 10:30:52,3834037.2,10,31,Independiente,2407000,1942000,336376,81.231786,785.0,9,9,0.0,47883.0,47883.0,0.0,4,0,2,885038.0,Creciente,1
9,2025-11-07 11:18:53,2611857.6,11,30,Empleado,1580000,1600000,210821,95.227787,618.0,7,2,0.0,12362.0,12362.0,0.0,1,1,4,1095317.0,Creciente,1
4,2025-11-07 12:00:51,1532160.0,24,45,Empleado,5190000,2457000,73930,95.227787,794.0,15,8,0.0,77318.0,72159.0,0.0,3,0,3,3392993.0,Creciente,1
4,2025-11-07 12:08:42,2569536.0,6,39,Empleado,1590000,546000,393309,95.227787,722.0,8,6,0.0,16869.0,16869.0,0.0,1,0,6,1491577.0,Creciente,1
9,2025-11-07 12:18:54,2900998.8,10,44,Empleado,3660000,894000,257007,95.227787,829.0,7,2,0.0,16371.0,16371.0,0.0,5,0,0,2266666.0,Estable,1
4,2025-11-07 12:33:42,2187180.0,6,55,Independiente,4590000,2367000,335326,95.227787,865.0,9,4,0.0,32140.0,32140.0,0.0,6,2,0,992377.0,Creciente,1
9,2025-11-07 12:40:55,5477776.8,10,34,Empleado,8570000,516000,480589,95.227787,865.0,5,16,0.0,6456.0,6456.0,0.0,4,0,1,7249438.0,Creciente,1
9,2025-11-07 15:47:59,3232504.8,10,31,Empleado,2690000,1960000,283601,95.227787,779.0,7,7,0.0,37775.0,37775.0,0.0,4,0,2,4110342.0,Creciente,1
9,2025-11-07 16:43:51,6303169.2,9,37,Empleado,6560000,4094000,607120,88.229786,795.0,11,4,0.0,271020.0,232729.0,0.0,6,2,2,,,1
4,2025-11-07 17:08:48,1317000.0,12,35,Empleado,3420000,1298000,109590,95.227787,785.0,5,5,0.0,17506.0,17506.0,0.0,3,0,2,3732666.0,Creciente,1
4,2025-11-07 17:46:49,7467600.0,36,42,Empleado,2880000,407000,278682,95.227787,834.0,5,1,0.0,7716.0,7716.0,0.0,4,0,1,2987574.0,Estable,1
4,2025-11-07 18:51:50,1031880.0,6,25,Empleado,2370000,345000,157170,95.227787,759.0,5,4,0.0,1771.0,1771.0,0.0,2,0,1,1600000.0,Estable,1
9,2025-11-08 11:31:37,3856044.0,10,36,Independiente,6210000,5876000,341617,95.227787,693.0,21,13,0.0,80409.0,80409.0,0.0,10,0,7,,,1
4,2025-11-08 15:39:47,4064580.0,6,45,Independiente,2534000,768000,614731,95.227787,732.0,9,7,0.0,38448.0,37948.0,0.0,5,0,3,740000.0,Decreciente,1
4,2025-11-08 16:22:29,5199780.0,6,58,Empleado,6090000,3157000,722192,95.227787,931.0,9,3,0.0,66264.0,49615.0,0.0,5,0,2,6356958.0,Creciente,1
4,2025-11-08 17:11:02,3600000.0,36,23,Empleado,1830000,346000,133728,95.227787,701.0,3,5,0.0,2940.0,2940.0,0.0,1,0,2,1578615.0,Decreciente,1
9,2025-11-08 18:21:36,6528198.0,3,56,Independiente,2470000,0,1753437,95.227787,835.0,4,4,0.0,106963.0,59.0,0.0,3,0,0,,,1
4,2025-11-08 18:47:03,8730900.0,18,36,Empleado,4400000,4014000,513564,95.227787,785.0,12,13,0.0,151244.0,138117.0,0.0,7,0,3,4389804.0,Creciente,1
4,2025-11-08 19:26:04,1800000.0,24,48,Empleado,2210000,0,87606,81.231786,877.0,1,1,0.0,0.0,0.0,0.0,1,0,0,991684.0,Creciente,1
4,2025-11-09 08:56:00,1070206.8,6,26,Empleado,1970000,145000,164086,95.227787,724.0,4,1,0.0,2008.0,2008.0,0.0,2,0,0,1186083.0,Creciente,1
4,2025-11-09 09:04:03,3942000.0,36,48,Empleado,4510000,633000,146432,95.227787,849.0,6,4,0.0,15068.0,15068.0,0.0,6,0,0,1000000.0,Creciente,1
4,2025-11-09 12:03:58,3251820.0,6,47,Empleado,8050000,3186000,494475,95.227787,832.0,14,0,0.0,78659.0,69542.0,0.0,12,0,1,1791146.0,Decreciente,1
4,2025-11-09 12:33:58,1188000.0,12,30,Empleado,3140000,2180000,98386,46.387527,732.0,11,11,0.0,46346.0,46346.0,0.0,10,0,1,1953339.0,Decreciente,0
9,2025-11-09 13:00:29,973221.6,10,48,Empleado,1560000,641000,85385,47.613894,834.0,4,3,0.0,55873.0,55873.0,0.0,1,0,2,800000.0,Decreciente,0
4,2025-11-09 13:21:59,3942000.0,6,42,Empleado,3120000,1082000,602772,95.227787,812.0,8,3,0.0,51282.0,51282.0,0.0,6,0,1,9381415.0,Decreciente,1
4,2025-11-09 15:52:06,1065600.0,24,34,Empleado,2630000,484000,51863,95.227787,736.0,3,2,0.0,32316.0,19927.0,0.0,0,2,0,3288862.0,-101368,1
4,2025-11-09 16:46:25,5012136.0,8,29,Empleado,2130000,174000,582276,47.613894,806.0,5,3,0.0,153.0,153.0,0.0,2,0,1,1689402.0,Decreciente,0
9,2025-11-10 09:46:22,3649080.0,11,43,Empleado,7800000,4563000,294543,95.227787,882.0,8,6,0.0,52521.0,52521.0,0.0,6,0,0,2600000.0,Estable,1
9,2025-11-10 10:01:05,2266957.2,11,45,Independiente,2516000,1643000,182982,95.227787,830.0,8,5,0.0,64249.0,64249.0,0.0,4,0,2,984754.0,Creciente,1
9,2025-11-10 11:35:26,791157.6,5,35,Empleado,6200000,4707000,130672,95.227787,750.0,11,4,0.0,89435.0,89435.0,0.0,6,0,1,984754.0,Creciente,1
9,2025-11-10 12:53:26,1221123.6,10,37,Empleado,8790000,8250000,107134,95.227787,730.0,12,19,0.0,149007.0,0.0,0.0,6,0,4,2000000.0,Estable,1
4,2025-11-11 09:33:02,1005540.0,6,26,Empleado,3360000,641000,154164,95.227787,797.0,5,1,0.0,18215.0,10715.0,0.0,1,2,0,3537062.0,Decreciente,1
4,2025-11-11 09:37:01,1351800.0,6,28,Empleado,2440000,1750000,205556,95.227787,679.0,12,5,0.0,9951.0,9951.0,0.0,1,0,10,1157423.0,Estable,1
4,2025-11-11 14:35:58,2119488.0,10,37,Independiente,4130000,1917000,203396,95.227787,763.0,8,4,0.0,51267.0,51267.0,0.0,5,0,0,,,1
4,2025-11-11 14:41:59,490041.6,6,24,Empleado,1860000,381000,75009,95.227787,753.0,2,1,0.0,6157.0,6157.0,0.0,2,0,0,1081667.0,Decreciente,1
4,2025-11-11 15:07:45,1728000.0,12,27,Empleado,3770000,869000,143803,95.227787,741.0,5,7,0.0,11549.0,11549.0,0.0,3,0,1,2500000.0,Estable,1
9,2025-11-12 10:09:15,3846830.4,10,40,Empleado,4824000,1638000,337499,95.227787,818.0,8,3,0.0,36056.0,36056.0,0.0,6,0,1,1084047.0,Creciente,1
9,2025-11-12 10:25:51,1071649.2,4,56,Independiente,2730000,127000,218553,95.227787,888.0,8,3,0.0,465.0,465.0,0.0,2,0,2,,,1
4,2025-11-12 12:47:19,1041600.0,18,22,Empleado,1590000,289000,61531,95.227787,781.0,4,3,0.0,29219.0,17863.0,0.0,1,1,2,1737313.0,Creciente,1
9,2025-11-12 14:27:24,6976512.0,3,45,Empleado,4720000,3780000,1873852,95.227787,846.0,4,6,0.0,26050.0,26050.0,0.0,4,0,0,1502672.0,Creciente,1
4,2025-11-12 16:07:14,720000.0,6,23,Empleado,1460000,0,109666,95.227787,751.0,0,1,0.0,0.0,,,0,0,0,,,1
4,2025-11-13 09:12:32,1384442.4,6,36,Empleado,1800000,0,210870,95.227787,801.0,0,1,0.0,0.0,,,0,0,0,2077150.0,Creciente,1
4,2025-11-13 11:17:30,3056040.0,12,65,Empleado,1659000,214000,250559,95.227787,808.0,5,3,0.0,32546.0,32334.0,0.0,4,1,0,994350.0,Creciente,1
4,2025-11-13 11:18:23,2676000.0,24,34,Empleado,2100000,286000,127457,95.227787,790.0,8,8,0.0,3829.0,3829.0,0.0,4,0,4,800000.0,Decreciente,1
4,2025-11-13 12:43:32,1080000.0,18,41,Empleado,4540000,2373000,64878,95.227787,829.0,17,3,0.0,59923.0,59923.0,0.0,6,9,1,6527863.0,Decreciente,1
9,2025-11-13 14:35:42,2240751.6,10,57,Empleado,2825000,360000,196591,95.227787,909.0,2,2,0.0,903.0,903.0,0.0,2,0,0,1397866.0,Creciente,1
9,2025-11-13 15:02:10,2175774.0,10,33,Empleado,2979000,2279000,190890,95.227787,756.0,12,13,0.0,92594.0,92594.0,0.0,6,0,3,,,1
4,2025-11-13 16:42:38,2010000.0,6,54,Independiente,6940000,628000,305643,95.227787,885.0,13,4,0.0,44899.0,44899.0,0.0,11,0,1,1447666.0,Estable,1
4,2025-11-13 17:52:46,960000.0,6,43,Independiente,1940000,410000,146221,95.227787,721.0,8,9,0.0,14713.0,14713.0,0.0,5,0,1,,,1
9,2025-11-13 17:59:45,3081692.4,3,41,Empleado,2198000,457000,827725,95.227787,744.0,6,2,0.0,10802.0,10802.0,0.0,2,0,4,984754.0,Creciente,1
9,2025-11-13 18:02:42,1037674.8,10,31,Empleado,3570000,1616000,91040,17.499912,787.0,7,0,0.0,36946.0,36946.0,0.0,5,0,1,1163721.0,Estable,0
9,2025-11-13 18:53:11,2073198.0,3,68,Empleado,3540000,1102000,556849,95.227787,869.0,4,1,0.0,71625.0,71625.0,0.0,3,0,0,,,1
4,2025-11-14 08:20:01,2640000.0,36,32,Empleado,1820000,331000,99249,95.227787,861.0,2,1,0.0,2397.0,2397.0,0.0,1,1,0,1146250.0,Creciente,1
4,2025-11-14 10:38:36,510847.2,6,35,Independiente,1371000,0,77809,95.227787,758.0,3,1,0.0,0.0,0.0,0.0,0,0,1,,,1
4,2025-11-14 11:19:26,3126564.0,6,26,Empleado,2170000,349000,472865,95.227787,773.0,3,3,0.0,11935.0,11935.0,0.0,1,1,0,2982322.0,Decreciente,1
4,2025-11-14 14:55:52,4339440.0,6,31,Empleado,3000000,1360000,656301,95.227787,768.0,6,12,0.0,10261.0,6989.0,0.0,1,0,3,1000000.0,Estable,1
9,2025-11-14 15:18:37,929055.6,9,29,Empleado,3330000,2007000,89486,95.227787,730.0,7,5,0.0,9866.0,9866.0,0.0,3,0,2,2434858.0,Decreciente,1
4,2025-11-14 16:02:21,2481360.0,6,38,Empleado,3230000,397000,376037,95.227787,819.0,8,3,0.0,2626.0,2626.0,0.0,4,0,1,1200231.0,Creciente,1
4,2025-11-14 17:27:52,2520000.0,12,44,Empleado,2800000,985000,209695,95.227787,769.0,7,2,0.0,66652.0,29897.0,0.0,0,4,1,992377.0,Creciente,1
4,2025-11-15 14:02:30,979201.2,12,43,Empleado,1600000,316000,80283,88.229786,694.0,4,6,0.0,6720.0,6720.0,0.0,3,0,0,1778056.0,Creciente,1
9,2025-11-15 14:31:15,929032.8,3,28,Empleado,3630000,1731000,249533,4.545267,754.0,6,5,0.0,62807.0,62807.0,0.0,2,0,2,1809629.0,Decreciente,0
4,2025-11-15 14:39:41,3251820.0,6,29,Empleado,2100000,262000,494475,95.227787,780.0,2,8,0.0,9421.0,9421.0,0.0,1,0,0,1000000.0,Creciente,1
4,2025-11-15 16:52:53,1005000.0,12,32,Empleado,1850000,380000,81596,95.227787,784.0,4,2,0.0,3225.0,3225.0,0.0,1,0,1,,,1
4,2025-11-15 16:58:34,489120.0,6,57,Empleado,5150000,1624000,74500,95.227787,743.0,13,6,0.0,32393.0,32393.0,0.0,5,0,2,10222125.0,Creciente,1
4,2025-11-16 10:26:10,2400000.0,12,27,Independiente,3840000,1261000,166667,95.227787,746.0,8,4,0.0,28429.0,28429.0,0.0,5,0,1,914599.0,Creciente,1
4,2025-11-16 12:12:01,1188000.0,12,64,Empleado,3180000,205000,98567,95.227787,837.0,3,1,0.0,1639.0,1639.0,0.0,0,1,1,1271280.0,Creciente,1
4,2025-11-16 16:13:07,3942000.0,36,25,Independiente,5760000,1451000,146432,95.227787,811.0,7,2,0.0,22265.0,22265.0,0.0,3,0,2,1000000.0,Estable,1
4,2025-11-16 17:11:58,3139860.0,12,44,Empleado,1930000,483000,257432,95.227787,845.0,7,3,0.0,35209.0,29725.0,0.0,2,2,0,1251775.0,Creciente,1
4,2025-11-17 12:04:54,3689401.2,6,36,Empleado,2220000,67000,561014,95.227787,800.0,5,3,0.0,2765.0,0.0,0.0,1,0,2,3534752.0,Estable,1
9,2025-11-17 13:03:51,4081938.0,5,33,Independiente,1380000,584000,676135,95.227787,866.0,3,2,0.0,18833.0,18833.0,0.0,1,0,1,990852.0,Creciente,1
4,2025-11-17 13:23:56,2244660.0,6,28,Empleado,2890000,1522000,341325,95.227787,776.0,2,6,0.0,6000.0,6000.0,0.0,1,0,0,1433800.0,Creciente,1
9,2025-11-17 13:28:51,2102653.2,9,61,Empleado,5780000,4055000,203483,95.227787,867.0,9,0,0.0,60637.0,60637.0,0.0,5,0,2,2617734.0,Creciente,1
4,2025-11-18 13:49:19,925800.0,12,40,Empleado,2080000,312000,76133,95.227787,832.0,3,1,0.0,4816.0,4816.0,0.0,2,1,0,1567421.0,Creciente,1
4,2025-11-19 09:34:54,2345400.0,18,49,Independiente,1830000,227000,137937,95.227787,778.0,1,3,0.0,1745.0,1745.0,0.0,1,0,0,,,1
4,2025-11-19 11:48:23,940800.0,6,36,Empleado,3090000,2961000,143297,95.227787,812.0,5,4,0.0,47680.0,47680.0,0.0,0,2,1,3641173.0,Creciente,1
9,2025-11-19 14:47:55,788794.7999999999,4,33,Empleado,3760000,1590000,161255,95.227787,784.0,10,3,0.0,60606.0,60606.0,0.0,7,0,0,4034204.0,Creciente,1
4,2025-11-20 11:20:36,2086680.0,24,39,Empleado,5880000,4108000,98845,95.227787,779.0,10,6,0.0,199642.0,199642.0,0.0,4,1,1,8216580.0,Creciente,1
9,2025-11-20 12:07:26,1812340.8,9,67,Empleado,5432000,2425000,175388,95.227787,849.0,3,4,0.0,44.0,44.0,0.0,3,0,0,,,1
4,2025-11-20 17:35:12,1020000.0,6,40,Empleado,2430000,40000,156381,95.227787,791.0,2,0,0.0,0.0,0.0,0.0,0,0,1,1091171.0,Creciente,1
4,2025-11-21 08:33:57,8710981.2,36,39,Empleado,3760000,1411000,327483,95.227787,737.0,13,3,0.0,57097.0,54876.0,0.0,5,0,4,3191958.0,Decreciente,1
9,2025-11-21 09:08:32,4614688.8,9,122,Empleado,70621000,29883000,446584,81.231786,0.0,0,0,,,,,0,0,0,,,1
9,2025-11-21 09:37:56,4467265.2,10,36,Empleado,8000000,2277000,393958,95.227787,815.0,7,16,0.0,79987.0,79987.0,0.0,3,0,0,735465.0,Creciente,1
4,2025-11-21 15:21:33,3359880.0,12,54,Independiente,3620000,769000,276299,95.227787,840.0,4,3,0.0,24879.0,24879.0,0.0,2,0,0,1494000.0,Estable,1
4,2025-11-21 17:08:34,3362040.0,18,31,Empleado,4440000,2532000,198606,95.227787,701.0,6,5,0.0,18153.0,18153.0,0.0,3,0,0,2738592.0,Creciente,1
9,2025-11-21 17:26:02,536592.0,9,53,Independiente,2840000,0,51928,95.227787,813.0,1,2,0.0,62761.0,0.0,0.0,0,1,0,,,1
4,2025-11-21 18:51:50,3768000.0,12,51,Empleado,2940000,941000,308896,95.227787,843.0,3,1,0.0,833.0,833.0,0.0,0,0,1,,,1
4,2025-11-22 15:54:36,4505640.0,6,33,Empleado,2920000,0,686272,95.227787,806.0,1,5,0.0,0.0,0.0,0.0,1,0,0,908526.0,Decreciente,1
4,2025-11-22 16:19:24,1655880.0,18,25,Empleado,1580000,61000,97803,95.227787,746.0,3,2,0.0,846.0,846.0,0.0,0,1,2,969508.0,Creciente,1
4,2025-11-22 17:25:37,1632000.0,12,46,Empleado,3670000,858000,135406,95.227787,794.0,5,5,0.0,11934.0,11934.0,0.0,3,0,1,2778556.0,Creciente,1
9,2025-11-23 10:34:55,2464522.8,10,57,Empleado,3615000,1626000,217341,95.227787,828.0,10,3,0.0,18626.0,18626.0,0.0,8,0,0,854263.0,Decreciente,1
4,2025-11-23 13:03:35,3942000.0,36,22,Empleado,1580000,180000,146432,95.227787,846.0,3,2,0.0,6457.0,2926.0,0.0,0,2,0,1281187.0,Creciente,1
4,2025-11-23 17:11:19,2079000.0,12,59,Empleado,2640000,326000,170948,95.227787,759.0,3,2,0.0,486.0,486.0,0.0,0,0,2,,,1
4,2025-11-23 17:19:47,390663.6,6,50,Empleado,1430000,72000,59405,95.227787,771.0,3,1,0.0,324.0,324.0,0.0,1,0,2,992377.0,Creciente,1
4,2025-11-24 08:37:11,2910600.0,6,38,Empleado,4790000,2221000,446258,95.227787,771.0,7,12,0.0,129622.0,129622.0,0.0,5,0,1,,,1
9,2025-11-24 08:58:07,1065600.0,2,42,Empleado,33860000,11870000,444000,95.227787,876.0,12,9,0.0,683495.0,683495.0,0.0,8,0,3,18486833.0,Creciente,1
9,2025-11-24 09:10:24,813600.0,12,48,Independiente,2560000,802000,56500,95.227787,779.0,2,4,0.0,58108.0,58108.0,0.0,0,1,0,,,1
4,2025-11-24 10:28:15,2133600.0,6,35,Independiente,2530000,646000,324977,95.227787,719.0,5,2,0.0,11420.0,11420.0,0.0,3,0,1,,,1
4,2025-11-24 10:58:55,1009200.0,6,24,Independiente,1930000,1325000,154732,95.227787,674.0,11,2,0.0,5601.0,5601.0,0.0,2,0,9,347974.0,Creciente,1
4,2025-11-24 11:31:10,720000.0,12,53,Empleado,3740000,894000,59918,95.227787,801.0,11,1,0.0,13878.0,13878.0,0.0,5,3,2,3281278.0,Decreciente,1
4,2025-11-24 12:07:28,3138074.4,36,34,Empleado,2070000,102000,111875,95.227787,752.0,2,2,0.0,121.0,121.0,0.0,0,0,1,1275399.0,Decreciente,1
4,2025-11-24 12:57:08,1927200.0,6,28,Empleado,1490000,121000,293052,95.227787,756.0,2,2,0.0,3064.0,3064.0,0.0,0,0,2,1337500.0,Creciente,1
4,2025-11-24 14:49:29,4347000.0,12,28,Empleado,3520000,249000,361755,95.227787,707.0,6,9,0.0,1260.0,1260.0,0.0,2,0,2,2839545.0,Creciente,1
4,2025-11-24 15:14:59,622213.2,6,46,Empleado,1730000,739000,95399,95.227787,731.0,10,6,0.0,3696.0,3696.0,0.0,0,0,10,,,1
4,2025-11-24 16:18:48,2376000.0,12,28,Empleado,1740000,203000,196784,95.227787,810.0,5,3,0.0,3178.0,3178.0,0.0,1,0,2,2730689.0,Decreciente,1
4,2025-11-24 17:12:08,3758520.0,6,42,Empleado,2500000,525000,572442,95.227787,844.0,4,4,0.0,3587.0,3587.0,0.0,2,0,0,2419532.0,Creciente,1
4,2025-11-24 17:58:18,666000.0,12,40,Empleado,2210000,602000,55424,95.227787,864.0,4,2,0.0,32209.0,32209.0,0.0,0,3,1,1173076.0,Creciente,1
4,2025-11-24 19:07:51,1992960.0,12,27,Empleado,3440000,1173000,163874,95.227787,776.0,5,1,0.0,20404.0,20404.0,0.0,5,0,0,3899583.0,Creciente,1
4,2025-11-25 13:01:38,1325880.0,6,59,Empleado,2090000,224000,201938,95.227787,768.0,3,3,0.0,573.0,573.0,0.0,0,0,2,5928954.0,Decreciente,1
4,2025-11-25 13:46:14,3204600.0,6,34,Empleado,4280000,921000,488077,95.227787,857.0,6,2,0.0,97069.0,88929.0,0.0,1,1,1,2500000.0,Creciente,1
4,2025-11-25 14:20:05,3648289.2,30,26,Empleado,2280000,201000,148176,95.227787,705.0,4,13,0.0,6684.0,6684.0,0.0,2,0,1,1144154.0,Creciente,1
4,2025-11-26 11:33:41,960000.0,18,24,Empleado,1780000,306000,57676,95.227787,721.0,2,5,0.0,6600.0,6600.0,0.0,1,0,1,1309167.0,Creciente,1
9,2025-11-26 12:14:21,1713600.0,2,122,Empleado,1453171870,656208833,682906,95.227787,0.0,0,0,,,,,0,0,0,,,1
4,2025-11-26 14:24:44,3655920.0,6,43,Empleado,17440000,2893000,556848,95.227787,840.0,13,2,0.0,210864.0,192174.0,0.0,9,0,2,11238842.0,Creciente,1
9,2025-11-27 17:59:18,9713983.2,10,41,Independiente,21950000,31257000,856655,95.227787,825.0,22,12,0.0,425757.0,412924.0,0.0,11,0,9,1325000.0,Creciente,1
4,2025-11-27 18:42:21,1208160.0,6,29,Independiente,1658000,120000,184513,95.227787,762.0,1,3,0.0,4482.0,4482.0,0.0,1,0,0,1303939.0,Decreciente,1
4,2025-11-28 10:52:09,4185600.0,36,39,Empleado,3816000,803000,154614,95.227787,747.0,3,1,0.0,14612.0,14612.0,0.0,2,0,0,3382783.0,Creciente,1
4,2025-11-28 12:45:02,976371.6,12,26,Empleado,1612000,0,81630,95.227787,697.0,0,2,0.0,0.0,,,0,0,0,1074888.0,Creciente,1
9,2025-11-28 13:27:09,8573316.0,11,41,Independiente,9970000,9454000,695899,95.227787,809.0,8,4,0.0,244953.0,244953.0,0.0,6,0,1,,,1
4,2025-11-28 13:28:30,1119180.0,6,27,Empleado,1410000,0,170173,95.227787,803.0,2,5,0.0,0.0,0.0,0.0,2,0,0,3000000.0,Estable,1
4,2025-11-28 15:07:05,5218080.0,36,43,Empleado,7087000,1379000,191853,95.227787,811.0,2,7,0.0,40989.0,40989.0,0.0,2,0,0,3000044.0,Estable,1
4,2025-11-28 18:37:00,1464960.0,6,47,Independiente,3016000,465000,223503,95.227787,837.0,4,4,0.0,15540.0,14421.0,0.0,3,0,0,952381.0,Creciente,1
9,2025-11-29 08:37:24,3134607.6,10,26,Empleado,3120000,969000,276434,95.227787,747.0,5,10,0.0,8436.0,8436.0,0.0,2,0,2,1319732.0,Decreciente,1
9,2025-11-29 10:45:35,2716521.6,10,39,Empleado,8890000,3020000,239564,95.227787,806.0,10,2,0.0,91524.0,91524.0,0.0,7,0,1,1000000.0,Creciente,1
9,2025-11-29 11:37:22,2716046.4,2,45,Independiente,6710000,4128000,1082402,46.387527,763.0,5,1,0.0,137504.0,137504.0,0.0,5,0,0,992377.0,Creciente,0
9,2025-11-29 16:30:55,1460986.8,9,66,Independiente,0,0,141386,95.227787,837.0,1,1,0.0,19670.0,19670.0,0.0,1,0,0,,,1
9,2025-11-29 17:27:22,3483885.6,10,55,Independiente,3680000,692000,307236,95.227787,894.0,6,1,0.0,21172.0,21172.0,0.0,4,0,0,2187663.0,Creciente,1
4,2025-11-29 19:04:13,2832000.0,12,33,Empleado,4025000,1641000,233585,95.227787,767.0,8,3,0.0,58876.0,58876.0,0.0,3,0,0,3534310.0,Creciente,1
9,2025-11-30 08:44:04,1889635.2,3,54,Empleado,21020000,7223000,508527,47.613894,887.0,14,3,0.0,145619.0,145619.0,0.0,11,0,0,2900000.0,Creciente,0
9,2025-11-30 09:42:21,2990180.4,10,32,Empleado,5280000,3702000,263698,88.229786,773.0,12,8,0.0,74410.0,74410.0,0.0,10,0,0,5506398.0,Creciente,1
4,2025-11-30 14:59:34,2139600.0,24,40,Independiente,2076000,728000,103700,95.227787,774.0,8,3,0.0,9318.0,9318.0,0.0,5,0,1,,,1
4,2025-11-30 15:44:45,518408.4,6,21,Empleado,4080000,630000,78956,95.227787,680.0,3,4,0.0,9380.0,9380.0,0.0,2,0,1,891731.0,Creciente,1
4,2025-11-30 17:37:18,876000.0,8,30,Empleado,2630000,408000,103555,95.227787,776.0,5,7,0.0,432.0,432.0,0.0,0,0,2,946300.0,Creciente,1
9,2025-11-30 18:52:25,1449956.4,10,23,Empleado,3050000,3355000,127869,95.227787,708.0,17,12,0.0,44059.0,44059.0,0.0,11,1,2,2358333.0,Creciente,1
4,2025-11-30 19:01:44,2557800.0,12,37,Empleado,4560000,2057000,212859,95.227787,754.0,16,2,0.0,82302.0,69631.0,0.0,2,4,8,1628464.0,Creciente,1
4,2025-12-01 12:05:20,2059920.0,24,32,Empleado,4187000,2127000,101113,95.227787,768.0,5,9,0.0,195827.0,195827.0,0.0,1,2,1,2968503.0,Creciente,1
4,2025-12-01 12:27:15,2112000.0,12,26,Empleado,3132000,1043000,175359,95.227787,709.0,8,7,0.0,9787.0,9787.0,0.0,5,0,2,916667.0,Creciente,1
4,2025-12-01 18:35:19,2649962.4,6,41,Independiente,4326000,899000,404709,95.227787,772.0,13,5,0.0,3305.0,3305.0,0.0,2,0,9,1000000.0,Estable,1
4,2025-12-02 11:21:23,2410320.0,6,30,Empleado,2834000,0,368110,95.227787,764.0,6,5,0.0,10329.0,10329.0,0.0,2,0,2,1236000.0,Estable,1
4,2025-12-02 13:02:58,4042560.0,6,30,Empleado,2586000,335000,616756,95.227787,812.0,3,2,0.0,3075.0,3075.0,0.0,2,0,0,5133333.0,Creciente,1
4,2025-12-02 15:12:58,3300000.0,36,41,Empleado,4118000,1905000,125535,95.227787,747.0,5,8,0.0,2713.0,2713.0,0.0,2,0,1,1532666.0,Creciente,1
4,2025-12-02 15:30:59,2961360.0,6,24,Empleado,3050000,554000,452267,95.227787,780.0,4,1,0.0,2886.0,2886.0,0.0,1,0,1,,,1
4,2025-12-02 15:46:59,1994040.0,10,29,Empleado,3085000,407000,192643,95.227787,760.0,5,3,0.0,16335.0,16335.0,0.0,3,0,0,4007798.0,Decreciente,1
4,2025-12-02 16:30:50,1552501.2,6,34,Independiente,2969000,9946000,236859,95.227787,801.0,4,1,0.0,14795.0,14795.0,0.0,2,0,1,,,1
4,2025-12-02 16:52:51,9600000.0,36,51,Empleado,3149000,506000,358922,95.227787,776.0,10,6,0.0,4918.0,4918.0,0.0,4,0,3,974074.0,Decreciente,1
9,2025-12-03 09:36:25,825886.7999999999,10,29,Empleado,5520000,1499000,72833,95.227787,736.0,9,8,0.0,102712.0,60487.0,0.0,3,4,1,729090.0,Creciente,1
9,2025-12-03 10:09:13,1212360.0,10,63,Independiente,3932000,5914000,106915,47.613894,800.0,12,8,0.0,115430.0,115430.0,0.0,2,1,5,647286.0,Creciente,0
9,2025-12-03 16:10:43,2349958.8,3,57,Independiente,5605000,3059000,632407,95.227787,823.0,6,1,0.0,3096.0,3096.0,0.0,3,0,0,992377.0,Creciente,1
4,2025-12-04 10:36:00,2495400.0,6,48,Empleado,2570000,21000,379429,95.227787,827.0,3,1,0.0,0.0,0.0,0.0,2,0,0,4077756.0,Creciente,1
9,2025-12-04 14:54:20,4272915.6,11,25,Empleado,1228000,0,346834,47.613894,747.0,2,4,0.0,5206.0,5206.0,0.0,0,0,1,3244490.0,Decreciente,0
9,2025-12-04 16:14:55,1178902.8,2,60,Empleado,7390000,164000,469818,95.227787,868.0,3,0,0.0,257.0,257.0,0.0,2,0,0,1988372.0,Creciente,1
9,2025-12-04 18:37:44,3550477.2,10,57,Empleado,4620000,1328000,313109,95.227787,820.0,9,2,0.0,11589.0,11589.0,0.0,4,0,3,1000000.0,Creciente,1
9,2025-12-05 08:17:52,1364770.8,11,40,Empleado,1353000,426000,110779,95.227787,820.0,4,4,0.0,7896.0,7896.0,0.0,1,1,1,,,1
9,2025-12-05 11:38:02,952948.8,3,33,Independiente,6250000,5050000,254418,95.227787,856.0,10,1,0.0,91080.0,91080.0,0.0,8,0,1,5024288.0,22363,1
4,2025-12-05 12:12:04,4640400.0,36,57,Empleado,4106000,681000,173494,95.227787,840.0,7,2,0.0,15566.0,15566.0,0.0,4,1,0,,,1
4,2025-12-05 12:30:20,798720.0,6,51,Empleado,2180000,283000,121857,95.227787,770.0,10,0,0.0,928.0,928.0,0.0,3,0,7,500000.0,Estable,1
4,2025-12-05 13:49:12,4148544.0,10,35,Empleado,3132000,533000,400154,95.227787,789.0,5,4,0.0,14290.0,14290.0,0.0,3,0,0,1000000.0,Estable,1
4,2025-12-05 14:05:34,3549121.2,18,32,Empleado,2958000,1330000,211063,95.227787,796.0,5,5,0.0,24570.0,24570.0,0.0,5,0,0,1408511.0,Creciente,1
4,2025-12-05 14:47:08,2090400.0,6,29,Empleado,5440000,4501000,318924,95.227787,749.0,5,2,0.0,16513.0,16513.0,0.0,3,0,0,8508107.0,Creciente,1
4,2025-12-05 14:56:31,600000.0,6,36,Independiente,3538000,511000,91634,95.227787,816.0,3,2,0.0,18230.0,18230.0,0.0,0,2,0,1437657.0,Estable,1
9,2025-12-05 15:07:46,2907157.2,10,51,Independiente,4560000,793000,256376,95.227787,811.0,5,1,0.0,25634.0,25634.0,0.0,2,0,3,,,1
4,2025-12-05 18:03:02,5670120.0,36,28,Empleado,2586000,1338000,209452,95.227787,666.0,6,5,0.0,12538.0,12538.0,0.0,4,0,0,1058377.0,Creciente,1
4,2025-12-05 18:28:33,3456000.0,12,28,Empleado,4535000,3673000,288939,95.227787,838.0,5,2,0.0,16160.0,16160.0,0.0,5,0,0,6312576.0,Creciente,1
4,2025-12-05 19:21:04,3060000.0,6,59,Empleado,3306000,603000,470370,95.227787,855.0,4,2,0.0,40195.0,40195.0,0.0,1,0,3,4280771.0,Creciente,1
9,2025-12-06 16:57:42,4408256.399999999,10,36,Empleado,1900000,113000,388755,95.227787,735.0,2,6,0.0,229.0,229.0,0.0,1,0,0,1000000.0,Estable,1
4,2025-12-06 17:29:54,2033880.0,24,43,Empleado,1809000,0,99835,95.227787,782.0,0,2,0.0,0.0,,,0,0,0,1108956.0,Creciente,1
9,2025-12-07 13:29:26,3571176.0,11,39,Independiente,2203000,0,289874,95.227787,797.0,1,1,0.0,0.0,0.0,0.0,0,0,0,992377.0,Creciente,1
4,2025-12-07 13:38:23,8640000.0,6,64,Empleado,4964000,1190000,1318169,95.227787,877.0,6,3,0.0,51162.0,51162.0,0.0,5,0,0,2834060.0,Estable,1
4,2025-12-07 15:26:08,4640400.0,6,32,Empleado,5324000,1263000,710530,95.227787,796.0,1,2,0.0,104818.0,104818.0,0.0,1,0,0,4916411.0,Creciente,1
4,2025-12-07 16:25:47,717600.0,6,41,Independiente,2958000,1135000,109594,95.227787,761.0,8,9,0.0,11860.0,11860.0,0.0,3,0,2,1612800.0,Decreciente,1
4,2025-12-07 16:46:19,1425537.6,6,36,Empleado,2041000,169000,219127,95.227787,790.0,2,5,0.0,407.0,407.0,0.0,0,0,2,1982927.0,Creciente,1
4,2025-12-08 11:02:23,2304000.0,24,39,Empleado,1566000,215000,112136,95.227787,781.0,3,2,0.0,1582.0,1582.0,0.0,0,0,3,1000000.0,Estable,1
4,2025-12-08 18:13:53,529200.0,6,31,Empleado,2436000,353000,80738,95.227787,725.0,3,8,0.0,2801.0,2801.0,0.0,0,1,0,3500473.0,Creciente,1
4,2025-12-09 11:39:57,3743281.2,12,31,Empleado,3120000,632000,309321,95.227787,800.0,6,2,0.0,3242.0,3242.0,0.0,3,0,1,2221843.0,Creciente,1
4,2025-12-09 11:46:57,2634000.0,6,32,Empleado,4605000,3737000,404887,95.227787,753.0,8,5,0.0,95265.0,95265.0,0.0,5,0,1,3558833.0,Creciente,1
4,2025-12-09 13:58:30,4212000.0,36,22,Empleado,3820000,1619000,158381,95.227787,767.0,4,3,0.0,46955.0,46955.0,0.0,1,0,2,722222.0,Creciente,1
4,2025-12-09 18:28:30,3292800.0,24,26,Empleado,1902000,202000,157717,95.227787,667.0,6,5,0.0,539.0,539.0,0.0,0,0,5,1487518.0,Creciente,1
4,2025-12-10 14:37:44,516600.0,6,37,Empleado,1960000,276000,79206,95.227787,768.0,7,3,0.0,8394.0,8394.0,0.0,0,1,3,950000.0,Decreciente,1
9,2025-12-10 15:01:49,3749235.6,4,36,Empleado,5270000,3144000,766465,95.227787,808.0,7,7,0.0,117892.0,117892.0,0.0,6,0,1,13922498.0,Creciente,1
4,2025-12-10 15:42:55,2050800.0,8,59,Empleado,3306000,0,240911,95.227787,803.0,2,1,0.0,0.0,0.0,0.0,0,0,2,,,1
4,2025-12-10 15:49:22,1611570.0,12,57,Independiente,2981000,0,134114,95.227787,844.0,2,2,0.0,0.0,0.0,0.0,1,0,0,1000000.0,Estable,1
4,2025-12-10 16:45:57,1435173.6,12,40,Empleado,3190000,629000,119424,95.227787,767.0,4,3,0.0,22333.0,22333.0,0.0,0,1,2,1000000.0,Creciente,1
4,2025-12-10 18:06:59,3600000.0,36,25,Independiente,1670000,89000,136947,95.227787,749.0,2,1,0.0,3972.0,3972.0,0.0,2,0,0,821212.0,Creciente,1
9,2025-12-10 18:19:24,1088556.0,10,39,Empleado,3130000,1165000,95997,95.227787,687.0,8,6,0.0,53185.0,40393.0,0.0,2,1,4,2087918.0,Decreciente,1
4,2025-12-10 18:53:46,1847758.8,20,22,Empleado,2250000,340000,100649,95.227787,774.0,4,4,0.0,2797.0,2797.0,0.0,2,0,0,1000000.0,Creciente,1
4,2025-12-11 09:59:11,7200000.0,36,47,Independiente,2098000,340000,273894,95.227787,746.0,10,1,0.0,9258.0,9258.0,0.0,2,0,5,,,1
4,2025-12-11 15:28:24,3600000.0,6,34,Empleado,8880000,2468000,551958,95.227787,838.0,7,1,0.0,301114.0,152625.0,0.0,5,0,0,6053089.0,Creciente,1
4,2025-12-11 19:18:14,2589600.0,24,49,Empleado,2099000,798000,125537,95.227787,735.0,6,4,0.0,10750.0,10750.0,0.0,0,3,3,1031349.0,Creciente,1
9,2025-12-12 10:04:26,2375456.4,10,43,Empleado,3800000,907000,209486,95.227787,870.0,2,3,0.0,2494.0,2494.0,0.0,2,0,0,6024020.0,Creciente,1
4,2025-12-12 10:51:25,1638000.0,10,34,Empleado,3178000,1404000,158246,95.227787,770.0,10,8,0.0,21208.0,21208.0,0.0,6,0,0,1753925.0,Creciente,1
4,2025-12-12 14:36:23,2536722.0,12,40,Empleado,2911000,1044000,209591,95.227787,785.0,3,6,0.0,8653.0,8653.0,0.0,3,0,0,1280597.0,Decreciente,1
9,2025-12-12 15:22:45,2058975.6,5,56,Empleado,3390000,1227000,341050,95.227787,811.0,8,2,0.0,58030.0,34666.0,0.0,5,2,0,3128402.0,Decreciente,1
4,2025-12-12 16:17:53,4639200.0,30,46,Empleado,6055000,1186000,193737,95.227787,862.0,7,1,0.0,40872.0,40872.0,0.0,2,3,1,2995231.0,Decreciente,1
4,2025-12-12 17:40:20,2400000.0,6,24,Empleado,4895000,1834000,366507,95.227787,839.0,10,5,0.0,39617.0,39617.0,0.0,9,0,0,4527796.0,Decreciente,1
4,2025-12-12 18:53:57,1188000.0,24,26,Empleado,1670000,463000,57591,95.227787,732.0,2,2,0.0,2268.0,2268.0,0.0,1,0,1,,,1
4,2025-12-12 18:56:05,1224000.0,6,53,Empleado,2343000,410000,188165,21.967396,833.0,7,7,0.0,1736.0,1736.0,0.0,1,0,4,33334.0,Estable,0
9,2025-12-13 11:52:04,3449191.2,3,122,Empleado,1070258343,261334249,928226,95.227787,0.0,0,0,,,,,0,0,0,,,1
4,2025-12-13 13:44:03,510000.0,6,55,Empleado,1744000,179000,78395,95.227787,732.0,5,3,0.0,1620.0,1620.0,0.0,0,0,5,2055050.0,Creciente,1
4,2025-12-13 15:29:45,2148000.0,12,38,Empleado,1867000,0,179584,95.227787,791.0,0,1,0.0,0.0,,,0,0,0,,,1
4,2025-12-13 15:46:45,597472.7999999999,6,25,Empleado,1716000,0,91248,95.227787,756.0,0,4,0.0,0.0,,,0,0,0,,,1
9,2025-12-13 16:17:27,3155624.4,3,31,Independiente,2510000,0,849223,95.227787,805.0,2,3,0.0,3063.0,3063.0,0.0,2,0,0,,,1
4,2025-12-13 17:09:47,2958238.8,24,46,Empleado,3804000,3360000,141692,95.227787,702.0,19,7,0.0,127280.0,27535.0,0.0,7,4,6,6576075.0,Creciente,1
4,2025-12-13 17:09:49,8760000.0,36,23,Independiente,2459000,468000,333238,95.227787,734.0,6,3,0.0,24457.0,14942.0,0.0,3,2,0,1251024.0,Decreciente,1
9,2025-12-14 10:29:18,2966760.0,9,66,Empleado,5390000,0,287106,95.227787,875.0,4,2,0.0,1919.0,0.0,0.0,1,1,1,2334028.0,Creciente,1
4,2025-12-14 11:35:00,3054720.0,6,54,Independiente,4732000,523000,466525,95.227787,842.0,3,3,0.0,913.0,913.0,0.0,2,0,1,,,1
9,2025-12-14 11:42:23,5772614.399999999,9,48,Independiente,2120000,195000,558641,86.830187,796.0,2,3,0.0,3479.0,3479.0,0.0,1,0,1,933333.0,Creciente,1
4,2025-12-14 13:34:56,2241120.0,24,40,Empleado,1879000,0,107706,95.227787,889.0,1,2,0.0,0.0,0.0,0.0,1,0,0,1113000.0,Estable,1
9,2025-12-14 18:11:33,5376561.6,9,40,Independiente,4100000,0,520314,95.227787,802.0,5,13,0.0,0.0,0.0,0.0,4,0,0,962963.0,Creciente,1
4,2025-12-14 19:32:54,9600000.0,36,53,Empleado,3862000,918000,358922,95.227787,798.0,4,2,0.0,28971.0,28971.0,0.0,1,2,1,1926780.0,Creciente,1
4,2025-12-15 09:31:53,923520.0,12,28,Empleado,3329000,1006000,76680,95.227787,772.0,5,7,0.0,18441.0,18441.0,0.0,2,0,3,1648976.0,Creciente,1
10,2025-12-15 09:32:53,9161688.0,36,37,Empleado,2610000,825000,338429,95.227787,792.0,4,5,0.0,9418.0,9418.0,0.0,1,0,2,841041.0,Creciente,1
4,2025-12-15 10:40:55,2371200.0,12,26,Independiente,3410000,0,196881,95.227787,807.0,2,7,0.0,168.0,168.0,0.0,1,0,0,2516588.0,Decreciente,1
4,2025-12-15 11:47:33,3960000.0,12,43,Empleado,7667000,2535000,331129,95.227787,823.0,3,4,0.0,40273.0,40273.0,0.0,2,0,1,3802545.0,Creciente,1
4,2025-12-15 13:21:46,3216000.0,6,54,Independiente,8224000,2145000,493083,95.227787,769.0,4,3,0.0,134165.0,134165.0,0.0,2,0,0,1000000.0,Estable,1
4,2025-12-15 14:09:46,4640400.0,24,36,Empleado,5185000,1757000,224907,95.227787,810.0,5,2,0.0,93107.0,56011.0,0.0,2,1,1,3307496.0,Creciente,1
4,2025-12-15 14:30:52,6466557.6,24,35,Empleado,3712000,746000,309732,95.227787,800.0,5,3,0.0,33630.0,33630.0,0.0,3,0,1,3608952.0,Decreciente,1
4,2025-12-15 15:05:53,1224000.0,6,24,Empleado,3108000,463000,188148,95.227787,758.0,6,4,0.0,7950.0,7950.0,0.0,3,0,0,1000000.0,Creciente,1
4,2025-12-16 13:12:05,720000.0,6,43,Empleado,2505000,412000,110685,95.227787,764.0,5,7,0.0,31397.0,7779.0,0.0,1,1,2,1305005.0,Creciente,1
4,2025-12-16 13:13:43,1211880.0,12,22,Independiente,1890000,496000,100142,95.227787,672.0,6,15,0.0,5421.0,5421.0,0.0,1,0,4,979319.0,Creciente,1
4,2025-12-16 15:08:36,1001878.8,6,40,Independiente,2280000,0,153010,95.227787,757.0,3,1,0.0,137.0,137.0,0.0,0,0,2,132083.0,Creciente,1
4,2025-12-16 15:10:37,1684800.0,12,25,Empleado,2633000,773000,139889,95.227787,766.0,3,2,0.0,20323.0,20323.0,0.0,2,0,1,1214629.0,Decreciente,1
4,2025-12-16 17:18:39,3553440.0,36,34,Independiente,3480000,68000,132855,95.227787,802.0,5,6,0.0,1150.0,919.0,0.0,5,0,0,1000000.0,Decreciente,1
9,2025-12-17 09:23:00,2870398.8,10,55,Independiente,2026000,0,253134,95.227787,809.0,0,0,0.0,0.0,,,0,0,0,,,1
9,2025-12-17 11:33:05,3081804.0,4,68,Empleado,2980000,582000,631536,95.227787,848.0,6,2,0.0,30329.0,30329.0,0.0,4,0,0,992377.0,Creciente,1
4,2025-12-17 14:35:08,3600000.0,36,36,Empleado,2215000,294000,136947,95.227787,720.0,3,3,0.0,17839.0,9484.0,0.0,0,2,1,1250000.0,Estable,1
4,2025-12-17 14:42:58,3600000.0,36,58,Empleado,7145000,2996000,136947,95.227787,851.0,9,4,0.0,65471.0,65471.0,0.0,7,0,1,2686801.0,Creciente,1
4,2025-12-17 14:56:59,1800000.0,12,37,Empleado,2215000,901000,150489,95.227787,684.0,8,4,0.0,11348.0,11348.0,0.0,2,0,3,1228970.0,Creciente,1
9,2025-12-17 15:00:14,1282879.2,10,28,Empleado,4512000,1258000,113718,95.227787,842.0,7,1,0.0,34765.0,28340.0,0.0,4,1,1,1199308.0,Decreciente,1
4,2025-12-17 15:59:00,2640000.0,36,38,Empleado,3155000,73000,100428,95.227787,727.0,3,6,0.0,1364.0,1364.0,0.0,1,0,0,3354981.0,Creciente,1
4,2025-12-17 16:15:01,3120000.0,36,32,Empleado,2772000,0,118687,95.227787,842.0,2,1,0.0,63965.0,63965.0,0.0,2,0,0,2195113.0,Creciente,1
4,2025-12-17 16:47:01,864000.0,8,46,Empleado,2030000,0,102471,95.227787,772.0,2,2,0.0,1689.0,1689.0,0.0,1,0,0,1210069.0,Creciente,1
9,2025-12-18 09:46:43,9093808.8,9,122,Empleado,12407808,52595970,880048,95.227787,0.0,0,0,,,,,0,0,0,,,1
4,2025-12-18 15:04:43,1259974.8,12,22,Empleado,1392000,0,104845,95.227787,782.0,1,3,0.0,0.0,0.0,0.0,1,0,0,1000000.0,Estable,1
4,2025-12-18 17:03:47,4639200.0,36,65,Empleado,2401000,738000,173449,95.227787,832.0,4,1,0.0,33925.0,33925.0,0.0,3,1,0,1004619.0,Decreciente,1
4,2025-12-18 17:10:47,3264960.0,18,61,Empleado,2981000,307000,194201,95.227787,833.0,3,1,0.0,16328.0,16328.0,0.0,0,1,0,1000000.0,Estable,1
4,2025-12-19 09:15:55,600000.0,6,58,Independiente,1960000,138000,91634,95.227787,820.0,1,4,0.0,138.0,138.0,0.0,0,0,1,1000000.0,Estable,1
4,2025-12-19 10:36:21,4270560.0,36,39,Empleado,11588000,5055000,157015,95.227787,774.0,9,5,0.0,130721.0,130721.0,0.0,9,0,0,11004988.0,Creciente,1
4,2025-12-19 11:32:22,4279800.0,36,55,Empleado,5220000,1662000,160012,95.227787,878.0,9,1,0.0,3333.0,3333.0,0.0,6,0,0,,,1
9,2025-12-19 12:18:16,3888000.0,12,34,Empleado,11820000,6738000,270000,95.227787,848.0,7,3,0.0,89894.0,89894.0,0.0,5,0,0,9013220.0,Creciente,1
9,2025-12-19 15:05:13,3608966.4,9,34,Empleado,9058000,17913000,350900,95.227787,722.0,13,6,0.0,90228.0,90228.0,0.0,7,0,1,2500000.0,Estable,1
9,2025-12-19 15:29:02,2276613.6,10,44,Empleado,2899000,1516000,201805,95.227787,717.0,7,5,0.0,30437.0,30437.0,0.0,5,1,0,7093333.0,Creciente,1
9,2025-12-19 18:18:22,26208019.2,10,123,Empleado,119728880,7630074,2525162,95.227787,0.0,0,0,,,,,0,0,0,,,1
4,2025-12-19 20:16:14,3600000.0,36,59,Independiente,2586000,555000,136947,95.227787,816.0,2,3,0.0,5071.0,5071.0,0.0,1,0,0,1000000.0,Estable,1
4,2025-12-20 09:08:45,2280000.0,24,28,Empleado,2378000,792000,111949,95.227787,762.0,8,1,0.0,4955.0,4955.0,0.0,3,1,3,1556884.0,Creciente,1
9,2025-12-20 09:14:00,4967622.0,10,51,Empleado,4616000,2058000,440343,95.227787,751.0,9,2,0.0,75385.0,65725.0,0.0,3,3,2,4930907.0,Creciente,1
4,2025-12-20 11:09:15,3109921.2,18,35,Empleado,4268000,1157000,184979,95.227787,796.0,4,4,0.0,93821.0,93821.0,0.0,1,1,1,1683460.0,Creciente,1
4,2025-12-20 12:49:17,4641000.0,36,52,Empleado,7157000,2137000,173517,95.227787,787.0,5,2,0.0,72097.0,72097.0,0.0,1,0,0,1000000.0,Estable,1
4,2025-12-20 14:37:51,1152000.0,6,62,Empleado,2070000,814000,175456,95.227787,788.0,8,7,0.0,4474.0,4474.0,0.0,0,0,4,,,1
9,2025-12-20 16:03:24,1136872.8,9,67,Empleado,2150000,168000,110538,95.227787,836.0,4,3,0.0,5595.0,5595.0,0.0,2,0,1,,,1
4,2025-12-20 16:34:22,8640000.0,36,37,Independiente,3120000,2542000,328673,95.227787,807.0,8,3,0.0,32471.0,8589.0,0.0,2,2,2,,,1
4,2025-12-20 18:12:14,3143880.0,24,44,Empleado,3120000,460000,151091,95.227787,721.0,8,5,0.0,26078.0,2529.0,0.0,2,0,2,1336094.0,Creciente,1
4,2025-12-21 12:41:37,789600.0,8,58,Empleado,13096000,2224000,92877,95.227787,719.0,9,12,0.0,48279.0,48279.0,0.0,7,0,1,2145000.0,Decreciente,1
4,2025-12-21 15:25:04,3960000.0,36,30,Empleado,4025000,2528000,150642,95.227787,752.0,10,3,0.0,38927.0,38927.0,0.0,2,0,5,1088470.0,Creciente,1
4,2025-12-21 15:45:04,2700000.0,36,52,Empleado,3874000,260000,102710,95.227787,786.0,4,5,0.0,94.0,94.0,0.0,1,0,0,1482624.0,Decreciente,1
4,2025-12-22 10:35:11,1200000.0,6,52,Empleado,1334000,472000,183267,95.227787,711.0,6,1,0.0,23221.0,23221.0,0.0,0,2,1,1822682.0,Creciente,1
9,2025-12-22 13:16:29,5167176.0,10,50,Empleado,32387000,7013000,458032,95.227787,905.0,13,1,0.0,184722.0,184722.0,0.0,9,0,0,11022887.0,Creciente,1
10,2025-12-22 18:03:51,3115440.0,36,34,Empleado,2668000,279000,115083,95.227787,738.0,9,7,0.0,44021.0,44021.0,0.0,5,0,3,3111556.0,Creciente,1
4,2025-12-22 18:50:53,3960000.0,36,29,Empleado,3584000,1429000,150642,95.227787,759.0,8,2,0.0,21617.0,21617.0,0.0,3,3,1,1841260.0,Creciente,1
4,2025-12-23 08:46:22,1224000.0,6,66,Empleado,4558000,0,188148,95.227787,856.0,3,1,0.0,0.0,0.0,0.0,2,0,0,,,1
4,2025-12-23 15:15:41,1613640.0,6,39,Independiente,3234000,152000,246439,95.227787,762.0,6,7,0.0,6780.0,6780.0,0.0,3,0,2,3098180.0,Creciente,1
4,2025-12-23 16:01:11,3369360.0,24,47,Empleado,6878000,2269000,161928,95.227787,893.0,4,3,0.0,52758.0,52758.0,0.0,2,0,1,1436000.0,Creciente,1
4,2025-12-23 17:36:44,4270560.0,36,28,Empleado,2702000,637000,157015,95.227787,782.0,6,4,0.0,14423.0,14423.0,0.0,4,1,1,1000000.0,Estable,1
4,2025-12-23 17:55:44,1200000.0,24,32,Empleado,3572000,1098000,58903,95.227787,682.0,4,6,0.0,14100.0,14100.0,0.0,1,1,2,1282980.0,Creciente,1
4,2025-12-23 18:42:45,1650600.0,6,24,Empleado,2575000,37000,251825,95.227787,776.0,6,8,0.0,8041.0,8041.0,0.0,3,0,0,2286903.0,Creciente,1
4,2025-12-24 12:24:40,2836440.0,12,29,Empleado,3503000,1788000,234385,95.227787,742.0,3,3,0.0,3120.0,3120.0,0.0,0,0,2,1125000.0,Creciente,1
4,2025-12-25 08:19:29,2352000.0,6,39,Empleado,3178000,1170000,361571,95.227787,810.0,4,4,0.0,51795.0,51795.0,0.0,3,0,1,1843692.0,Decreciente,1
4,2025-12-25 08:20:32,3401940.0,12,42,Empleado,1700000,414000,283108,95.227787,778.0,5,4,0.0,6268.0,6268.0,0.0,0,1,3,766667.0,Creciente,1
4,2025-12-25 09:31:37,8640000.0,36,44,Empleado,2470000,187000,328804,95.227787,791.0,1,5,0.0,5634.0,5634.0,0.0,1,0,0,951851.0,Creciente,1
4,2025-12-25 10:42:30,1132428.0,6,50,Empleado,2401000,0,174087,95.227787,818.0,0,0,0.0,0.0,,,0,0,0,958333.0,Creciente,1
4,2025-12-25 12:56:03,1559880.0,8,63,Empleado,1850000,0,183482,95.227787,828.0,2,2,0.0,357.0,357.0,0.0,0,0,1,1743658.0,Creciente,1
4,2025-12-25 13:21:04,1436400.0,12,56,Independiente,7482000,1853000,120090,95.227787,767.0,8,9,0.0,60144.0,60144.0,0.0,5,0,3,979166.0,Estable,1
9,2025-12-25 13:48:11,2229298.8,2,53,Independiente,2784000,117000,889716,95.227787,849.0,3,2,0.0,1294.0,1294.0,0.0,0,1,0,,,1
4,2025-12-25 14:24:46,6000000.0,24,36,Independiente,5347000,1926000,294601,95.227787,813.0,8,2,0.0,56670.0,56670.0,0.0,6,0,1,1754166.0,Estable,1
4,2025-12-25 14:41:06,4639200.0,36,53,Independiente,5150000,280000,173449,95.227787,764.0,6,4,0.0,6020.0,6020.0,0.0,3,0,0,,,1
4,2025-12-25 14:53:32,2091120.0,12,54,Independiente,2353000,0,172463,95.227787,842.0,1,1,0.0,0.0,0.0,0.0,1,0,0,,,1
4,2025-12-25 15:06:57,2400000.0,6,45,Independiente,15010000,6600000,366534,95.227787,867.0,9,5,0.0,166503.0,166501.0,0.0,5,0,1,1656232.0,Estable,1
9,2025-12-25 16:13:13,3402394.8,10,44,Empleado,11329000,8884000,299958,95.227787,891.0,8,1,0.0,206874.0,171160.0,0.0,8,0,0,830487.0,Creciente,1
9,2025-12-25 17:11:07,3687796.8,9,32,Empleado,3630000,311000,358565,95.227787,752.0,9,4,0.0,10396.0,10396.0,0.0,2,0,4,4288744.0,Creciente,1
4,2025-12-25 18:31:31,8769546.0,36,50,Empleado,5498000,2392000,327777,95.227787,836.0,8,2,0.0,59934.0,59934.0,0.0,6,0,2,2633941.0,Creciente,1
4,2025-12-25 18:46:33,4800000.0,6,33,Empleado,3804000,1206000,732283,95.227787,755.0,8,10,0.0,53297.0,53297.0,0.0,4,0,3,2671454.0,Creciente,1
4,2025-12-25 19:24:02,3016320.0,36,24,Empleado,2250000,809000,112773,95.227787,681.0,15,6,0.0,2547.0,2547.0,0.0,1,0,12,1002250.0,Creciente,1
4,2025-12-26 09:47:02,1205568.0,24,40,Empleado,3178000,475000,58675,95.227787,793.0,7,7,0.0,45586.0,17335.0,0.0,2,3,2,1439733.0,Creciente,1
4,2025-12-26 11:54:32,3707880.0,12,35,Empleado,2378000,191000,306355,95.227787,840.0,4,9,0.0,191.0,191.0,0.0,1,0,3,1783333.0,Creciente,1
4,2025-12-26 13:10:24,3291120.0,18,23,Empleado,2470000,192000,195220,95.227787,741.0,7,7,0.0,24264.0,426.0,0.0,2,0,4,1033333.0,Decreciente,1
4,2025-12-26 13:48:34,4640400.0,36,39,Empleado,4547000,1046000,173443,95.227787,810.0,7,7,0.0,76290.0,76290.0,0.0,5,1,1,1414586.0,Decreciente,1
4,2025-12-26 16:38:23,1079643.6,12,39,Empleado,4120000,1596000,90264,95.227787,715.0,12,7,0.0,52779.0,44976.0,0.0,1,2,5,906666.0,Creciente,1
4,2025-12-26 17:07:24,8875200.0,36,25,Empleado,2610000,667000,337620,95.227787,761.0,5,2,0.0,43880.0,43880.0,0.0,0,1,2,1017503.0,Decreciente,1
4,2025-12-26 18:24:03,1131600.0,6,65,Empleado,4199000,400000,172636,95.227787,860.0,5,2,0.0,12840.0,12840.0,0.0,2,1,1,1605201.0,Estable,1
4,2025-12-26 18:25:25,660600.0,6,36,Independiente,4408000,0,101156,95.227787,874.0,3,6,0.0,0.0,0.0,0.0,2,0,0,1388137.0,Decreciente,1
4,2025-12-27 15:11:24,1435200.0,12,25,Independiente,1682000,69000,119151,95.227787,757.0,2,1,0.0,0.0,0.0,0.0,0,0,0,,,1
4,2025-12-27 17:59:33,821760.0,6,41,Empleado,3600000,2878000,125367,95.227787,774.0,12,4,0.0,120117.0,120117.0,0.0,7,1,2,,,1
4,2025-12-28 08:37:32,1716000.0,24,59,Independiente,1920000,220000,84256,95.227787,765.0,2,2,0.0,753.0,753.0,0.0,0,0,2,990852.0,Creciente,1
9,2025-12-28 15:39:15,2314034.4,11,21,Independiente,3932000,2482000,187857,95.227787,674.0,4,2,0.0,75571.0,75571.0,0.0,1,0,2,,,1
4,2025-12-28 16:29:50,825356.4,6,32,Empleado,1948000,548000,126539,95.227787,746.0,2,2,0.0,14299.0,14299.0,0.0,2,0,0,2350990.0,Creciente,1
4,2025-12-28 18:07:32,6701880.0,30,47,Empleado,4512000,1615000,280545,95.227787,840.0,9,3,0.0,108302.0,108302.0,0.0,7,0,0,5572404.0,Creciente,1
4,2025-12-28 20:10:35,3600000.0,36,28,Empleado,2772000,490000,137441,95.227787,765.0,6,7,0.0,5982.0,5982.0,0.0,4,1,0,2500000.0,Creciente,1
4,2025-12-29 12:54:45,4170433.2,12,24,Empleado,2876000,0,346231,95.227787,736.0,2,2,0.0,2665.0,2665.0,0.0,2,0,0,4721790.0,Creciente,1
4,2025-12-29 15:41:40,22502400.0,8,41,Empleado,0,0,2671342,95.227787,877.0,13,12,0.0,484531.0,480197.0,0.0,5,4,2,3686666.0,Creciente,1
4,2025-12-29 16:49:04,553080.0,6,41,Empleado,2215000,315000,84744,95.227787,783.0,2,6,0.0,5793.0,5793.0,0.0,1,1,0,1112940.0,Decreciente,1
4,2025-12-29 17:08:03,3255720.0,20,53,Empleado,5080000,420000,179532,95.227787,852.0,2,0,0.0,608.0,608.0,0.0,2,0,0,,,1
4,2025-12-29 19:21:06,4532400.0,36,41,Empleado,16193000,3553000,171015,95.227787,808.0,7,4,0.0,224436.0,224436.0,0.0,6,0,1,6162448.0,Creciente,1
4,2025-12-30 14:16:02,3960000.0,36,39,Independiente,2354000,365000,151185,95.227787,752.0,5,6,0.0,2436.0,2436.0,0.0,1,0,4,1000000.0,Estable,1
4,2025-12-30 15:51:04,3749760.0,24,48,Empleado,4373000,1514000,182140,95.227787,805.0,7,3,0.0,138739.0,101903.0,0.0,4,0,1,1650457.0,Creciente,1
4,2025-12-30 17:18:06,1140000.0,6,28,Empleado,1647000,0,174920,95.227787,785.0,1,5,0.0,53.0,53.0,0.0,0,0,0,,,1
4,2025-12-30 19:06:39,3600000.0,36,41,Empleado,4036000,772000,137441,95.227787,845.0,4,1,0.0,32326.0,32326.0,0.0,2,1,0,1830333.0,Creciente,1
9,2025-12-31 10:33:21,1136330.4,10,24,Empleado,2586000,733000,100727,95.227787,724.0,4,19,0.0,8503.0,8503.0,0.0,1,0,3,1000000.0,Estable,1
9,2025-12-31 12:39:20,4387178.399999999,10,54,Empleado,9140000,1990000,388891,95.227787,862.0,8,5,0.0,87053.0,87053.0,0.0,6,0,1,1083333.0,Estable,1
4,2025-12-31 15:29:07,5506980.0,18,34,Independiente,2633000,719000,328932,95.227787,804.0,7,2,0.0,33101.0,6524.0,0.0,2,1,1,1865454.0,Decreciente,1
4,2025-12-31 17:13:51,2765280.0,10,54,Empleado,3468000,426000,267122,95.227787,849.0,3,2,0.0,4176.0,4176.0,0.0,2,0,0,1269916.0,Decreciente,1
4,2026-01-01 09:58:02,6000000.0,36,51,Independiente,4524000,519000,224946,95.227787,873.0,1,5,0.0,1686.0,1686.0,0.0,1,0,0,,,1
4,2026-01-01 11:08:54,7650960.0,36,65,Independiente,2146000,300000,288684,95.227787,828.0,1,3,0.0,1804.0,1804.0,0.0,0,0,1,,,1
4,2026-01-01 12:35:26,5827560.0,36,37,Empleado,13374000,6024000,218481,95.227787,776.0,8,5,0.0,311631.0,311631.0,0.0,5,0,2,,,1
4,2026-01-01 17:32:22,2256000.0,12,63,Empleado,5220000,1352000,186972,95.227787,819.0,6,1,0.0,32052.0,32052.0,0.0,6,0,0,2526162.0,Decreciente,1
9,2026-01-01 18:33:41,5219283.6,10,22,Empleado,0,0,462651,84.730786,684.0,6,1,0.0,30912.0,30912.0,,2,0,1,,,1
4,2026-01-01 18:41:34,4532400.0,36,34,Empleado,2702000,437000,171015,95.227787,754.0,3,8,0.0,9425.0,9425.0,0.0,0,0,2,2993941.0,Estable,1
9,2026-01-01 19:03:20,2148955.2,2,36,Empleado,2169000,0,857651,95.227787,789.0,0,0,0.0,0.0,,,0,0,0,,,1
4,2026-01-02 10:24:26,1055880.0,12,54,Empleado,1925000,60000,87766,81.231786,791.0,1,1,0.0,60.0,60.0,0.0,0,0,1,1000000.0,Estable,1
9,2026-01-02 11:02:20,2174947.2,11,41,Empleado,7013000,1686000,177530,95.227787,839.0,6,1,0.0,33048.0,33048.0,0.0,2,1,0,1520000.0,Estable,1
9,2026-01-02 11:32:04,1188625.2,10,41,Empleado,14453000,4450000,105363,95.227787,797.0,8,8,0.0,52090.0,52090.0,0.0,5,0,0,1000000.0,Estable,1
4,2026-01-02 11:54:28,1646400.0,12,30,Empleado,1809000,0,137200,95.227787,768.0,1,11,0.0,32.0,32.0,0.0,0,0,0,2226810.0,Creciente,1
4,2026-01-02 12:42:29,5306761.2,24,26,Empleado,3456000,1666000,254181,95.227787,750.0,4,3,0.0,10435.0,10435.0,0.0,2,0,0,5429307.0,Creciente,1
4,2026-01-02 18:57:27,2061240.0,12,41,Independiente,14465000,2060000,171333,95.227787,772.0,7,1,0.0,250873.0,250873.0,0.0,3,0,4,1533333.0,Creciente,1
4,2026-01-02 19:16:28,2412000.0,36,30,Empleado,2262000,265000,92085,95.227787,781.0,3,3,0.0,3017.0,3017.0,0.0,1,0,1,3126041.0,Creciente,1
4,2026-01-03 09:15:27,2040000.0,6,31,Independiente,2157000,402000,312761,95.227787,741.0,4,5,0.0,628.0,628.0,0.0,1,0,1,857143.0,Decreciente,1
4,2026-01-03 14:15:34,828000.0,12,36,Empleado,3039000,1135000,69000,95.227787,793.0,8,7,0.0,62564.0,62564.0,0.0,3,0,3,,,1
4,2026-01-04 09:23:30,1052400.0,24,59,Empleado,8398000,1742000,51355,95.227787,835.0,12,4,0.0,67739.0,53150.0,0.0,9,0,2,9517285.0,Creciente,1
4,2026-01-04 10:16:31,8629380.0,36,38,Empleado,2865000,681000,325602,95.227787,794.0,5,5,0.0,6456.0,6456.0,0.0,3,0,0,1000000.0,Creciente,1
9,2026-01-04 15:29:50,870294.0,10,45,Empleado,4106000,1127000,78822,95.227787,830.0,7,5,0.0,17722.0,17722.0,0.0,6,0,1,,,1
4,2026-01-05 19:39:18,4532400.0,36,46,Empleado,1856000,626000,171015,95.227787,705.0,6,6,0.0,12028.0,12028.0,0.0,1,0,2,1300000.0,Estable,1
10,2026-01-06 10:59:39,487920.0,6,61,Independiente,1408000,42000,74760,95.227787,760.0,5,0,0.0,797.0,797.0,0.0,0,0,5,,,1
4,2026-01-06 12:09:37,413712.0,6,21,Empleado,1800000,112000,63479,95.227787,778.0,4,8,0.0,944.0,944.0,0.0,0,0,2,1050000.0,Creciente,1
4,2026-01-06 16:21:06,1880040.0,6,51,Empleado,4906000,1010000,288062,95.227787,799.0,9,2,0.0,85081.0,85081.0,0.0,3,0,4,6849505.0,Creciente,1
4,2026-01-06 17:39:28,4658160.0,6,25,Independiente,4176000,2528000,712571,95.227787,773.0,6,9,0.0,22851.0,22851.0,0.0,1,1,2,1850413.0,Creciente,1
4,2026-01-06 18:15:29,3447120.0,6,36,Empleado,2540000,615000,528172,95.227787,816.0,2,8,0.0,85200.0,85200.0,0.0,1,0,0,1818181.0,Creciente,1
9,2026-01-07 09:58:12,2397244.8,2,45,Empleado,5275000,1559000,956744,95.227787,887.0,5,2,0.0,4019.0,4019.0,0.0,2,0,1,5513938.0,Estable,1
9,2026-01-07 10:55:24,630348.0,9,27,Empleado,3840000,356000,61289,95.227787,860.0,5,2,0.0,5369.0,5369.0,,0,0,4,,,1
9,2026-01-07 14:24:46,4111830.0,11,63,Empleado,5394000,486000,335628,95.227787,839.0,8,2,0.0,25823.0,25823.0,0.0,7,0,0,,,1
4,2026-01-07 14:51:48,2400000.0,12,34,Empleado,4848000,70000,198907,95.227787,782.0,5,4,0.0,635.0,635.0,0.0,2,0,0,1462068.0,Creciente,1
4,2026-01-08 10:18:19,2640000.0,6,50,Empleado,4373000,5024000,404750,95.227787,841.0,5,4,0.0,107776.0,107776.0,0.0,3,0,1,1000000.0,Estable,1
9,2026-01-08 11:43:49,3409334.4,11,28,Empleado,1800000,179000,278287,95.227787,769.0,3,2,0.0,109.0,109.0,0.0,0,0,0,,,1
9,2026-01-08 12:22:40,5974028.399999999,10,36,Independiente,4036000,829000,529554,47.613894,740.0,4,5,0.0,18702.0,18702.0,0.0,3,0,0,,,0
4,2026-01-08 14:26:00,1460400.0,6,44,Independiente,5460000,2413000,224666,95.227787,779.0,11,4,0.0,190898.0,190898.0,0.0,7,1,2,809333.0,Creciente,1
4,2026-01-08 15:57:52,1236000.0,12,36,Empleado,0,0,103000,95.227787,912.0,5,2,0.0,4165.0,4165.0,,1,0,2,1350222.0,,1
4,2026-01-08 16:58:15,2400000.0,6,40,Independiente,3630000,756000,369213,95.227787,822.0,4,3,0.0,14495.0,14495.0,0.0,1,1,1,1000000.0,Estable,1
4,2026-01-09 14:21:14,4532400.0,36,63,Empleado,2575000,34000,171015,95.227787,819.0,3,1,0.0,627.0,627.0,0.0,2,1,0,2891942.0,Decreciente,1
4,2026-01-09 17:47:18,4451280.0,36,32,Empleado,3155000,604000,167955,95.227787,769.0,3,1,0.0,5772.0,5772.0,0.0,1,0,0,,,1
4,2026-01-10 15:04:48,4452552.0,36,46,Empleado,3712000,2636000,168920,95.227787,748.0,13,4,0.0,2636.0,2636.0,0.0,2,0,9,1013333.0,Creciente,1
4,2026-01-10 15:16:40,5325000.0,8,42,Independiente,2273000,0,629486,95.227787,775.0,2,3,0.0,63.0,63.0,0.0,0,0,1,866667.0,Creciente,1
4,2026-01-10 17:14:36,1308000.0,24,31,Empleado,1693000,50000,63670,95.227787,764.0,1,4,0.0,100.0,100.0,0.0,0,0,1,1000000.0,Estable,1
4,2026-01-10 17:24:21,3359880.0,24,26,Empleado,2157000,716000,163202,95.227787,769.0,5,8,0.0,19639.0,19639.0,0.0,2,0,3,2039435.0,Creciente,1
9,2026-01-10 17:27:25,3814502.4,4,36,Independiente,5440000,601000,781683,47.613894,848.0,2,1,0.0,5233.0,5233.0,0.0,1,0,0,,,0
4,2026-01-11 09:46:41,12987499.2,12,48,Independiente,8758000,2924000,1080812,95.227787,803.0,9,6,0.0,160682.0,160682.0,0.0,5,0,2,5243692.0,Creciente,1
4,2026-01-11 10:35:25,382680.0,6,33,Independiente,1763000,509000,58440,95.227787,801.0,4,4,0.0,39416.0,39416.0,0.0,1,1,1,1533204.0,Decreciente,1
4,2026-01-11 11:24:56,2195760.0,10,34,Empleado,4160000,1945000,212651,95.227787,785.0,11,2,0.0,28351.0,28351.0,0.0,8,0,1,6823463.0,Creciente,1
9,2026-01-11 13:27:32,3626463.6,11,21,Independiente,6150000,3107000,296010,95.227787,737.0,11,7,0.0,171655.0,97777.0,0.0,4,2,3,,,1
9,2026-01-11 16:29:37,2170480.8,10,58,Empleado,9020000,351000,192397,47.613894,873.0,5,9,0.0,122929.0,1634.0,0.0,3,1,1,,,0
4,2026-01-12 17:52:18,4532400.0,36,61,Empleado,2204000,56000,171015,95.227787,804.0,1,5,0.0,4708.0,4708.0,0.0,0,0,1,1355281.0,Creciente,1
4,2026-01-13 11:44:22,1200000.0,12,35,Empleado,1786000,126000,100471,95.227787,708.0,2,3,0.0,347.0,347.0,0.0,0,0,2,1231351.0,Creciente,1
4,2026-01-13 15:44:28,1080000.0,24,36,Independiente,3456000,788000,53151,81.231786,699.0,6,9,0.0,10579.0,10579.0,0.0,3,0,2,1482941.0,Creciente,1
4,2026-01-13 18:15:15,3111064.8,18,68,Independiente,2238000,0,187864,95.227787,796.0,1,1,0.0,0.0,0.0,0.0,0,0,1,1000000.0,Estable,1
4,2026-01-13 18:36:22,2598240.0,24,51,Independiente,4790000,696000,105633,95.227787,880.0,4,3,0.0,40587.0,40587.0,0.0,1,1,0,,,1
4,2026-01-13 18:50:22,3000000.0,36,37,Empleado,4698000,804000,114534,95.227787,876.0,1,1,0.0,17300.0,17300.0,0.0,1,0,0,3383603.0,Decreciente,1
4,2026-01-14 09:00:50,1056000.0,6,48,Independiente,2343000,0,162338,95.227787,733.0,1,1,0.0,42.0,42.0,0.0,0,0,0,33334.0,Estable,1
4,2026-01-14 16:29:11,3270600.0,18,40,Empleado,4825000,2662000,196167,95.227787,692.0,9,4,0.0,39881.0,39881.0,0.0,2,2,1,1978183.0,Creciente,1
9,2026-01-14 18:44:01,1748680.8,2,63,Empleado,2447000,1113000,697901,95.227787,731.0,2,2,0.0,74826.0,74826.0,0.0,1,0,0,,,1
9,2026-01-15 10:35:13,900662.4,10,42,Empleado,4605000,2403000,79837,95.227787,807.0,12,3,0.0,35052.0,35052.0,0.0,6,1,3,,,1
4,2026-01-15 14:16:11,1632000.0,6,29,Empleado,2436000,466000,250209,95.227787,755.0,3,5,0.0,398.0,398.0,0.0,0,0,2,,,1
9,2026-01-15 16:17:06,3106262.4,11,54,Empleado,11217000,3028000,253549,95.227787,894.0,5,2,0.0,270644.0,250119.0,0.0,4,0,1,6493333.0,Creciente,1
9,2026-01-16 09:14:30,3436616.4,11,44,Empleado,4176000,635000,280514,95.227787,837.0,5,3,0.0,203130.0,6040.0,0.0,3,0,1,1000000.0,Estable,1
4,2026-01-16 10:53:49,4532400.0,36,49,Empleado,5092000,1105000,171015,95.227787,806.0,4,2,0.0,22342.0,22342.0,0.0,4,0,0,1600000.0,Estable,1
9,2026-01-16 12:08:50,3469494.0,10,55,Empleado,13224000,4050000,307545,95.227787,852.0,19,7,0.0,128347.0,128347.0,0.0,16,0,0,1706934.0,Creciente,1
4,2026-01-16 14:31:58,1968000.0,6,37,Empleado,3132000,690000,302740,95.227787,769.0,4,7,0.0,19431.0,19431.0,0.0,0,1,1,1485497.0,Creciente,1
4,2026-01-16 14:58:44,3600000.0,36,31,Independiente,3468000,419000,137441,95.227787,793.0,8,2,0.0,37674.0,12823.0,0.0,3,2,1,1283073.0,Decreciente,1
4,2026-01-16 18:59:15,389760.0,6,29,Empleado,1580000,395000,59620,95.227787,733.0,7,7,0.0,3260.0,3260.0,0.0,3,0,2,1000000.0,Estable,1
4,2026-01-16 19:07:50,4532400.0,18,30,Empleado,5990000,1641000,272833,95.227787,767.0,2,2,0.0,47105.0,47105.0,0.0,1,0,1,677778.0,Creciente,1
9,2026-01-17 09:55:42,2901345.6,9,44,Independiente,1362000,972000,282098,95.227787,838.0,5,2,0.0,60940.0,60940.0,0.0,1,0,2,,,1
9,2026-01-18 10:50:01,1572657.6,4,22,Empleado,2262000,216000,323049,95.227787,753.0,4,3,0.0,1192.0,1192.0,0.0,2,0,0,275000.0,Creciente,1
9,2026-01-18 11:12:12,2994050.4,10,51,Empleado,3806000,143000,266766,95.227787,814.0,8,3,0.0,71429.0,71365.0,0.0,5,0,1,,,1
4,2026-01-18 11:50:37,685489.2,12,48,Empleado,2644000,553000,57248,95.227787,817.0,9,3,0.0,33223.0,11554.0,0.0,2,3,1,2417365.0,Creciente,1
9,2026-01-18 15:36:31,2685423.6,10,47,Empleado,2378000,1108000,239268,95.227787,815.0,3,6,0.0,70753.0,70753.0,0.0,2,0,1,,,1
4,2026-01-18 16:09:43,1872000.0,12,27,Empleado,1751000,281000,155773,95.227787,685.0,4,2,0.0,2337.0,2337.0,0.0,2,0,1,1115666.0,Creciente,1
4,2026-01-19 16:58:47,4532400.0,36,28,Empleado,2285000,302000,171015,95.227787,787.0,3,1,0.0,5904.0,5904.0,0.0,1,0,1,1503119.0,Creciente,1
4,2026-01-19 17:02:47,654000.0,12,41,Empleado,2981000,1725000,54500,95.227787,676.0,4,9,0.0,28117.0,28117.0,0.0,2,0,1,2891523.0,Decreciente,1
4,2026-01-20 11:01:52,444000.0,6,35,Independiente,2215000,836000,68072,95.227787,684.0,10,7,0.0,6568.0,4242.0,0.0,4,0,2,780000.0,Decreciente,1
4,2026-01-20 14:34:57,2412000.0,36,31,Empleado,1960000,503000,92085,95.227787,692.0,5,1,0.0,6063.0,6063.0,0.0,1,1,1,1580338.0,Decreciente,1
4,2026-01-20 17:52:24,2700000.0,12,29,Empleado,1879000,87000,224962,95.227787,763.0,1,2,0.0,262.0,262.0,0.0,0,0,1,1218874.0,Creciente,1
4,2026-01-20 18:14:52,2401200.0,36,23,Empleado,3793000,3341000,91673,95.227787,741.0,10,5,0.0,15501.0,15501.0,0.0,4,0,3,1248500.0,Creciente,1
9,2026-01-21 10:50:27,8044590.0,10,29,Independiente,6008000,1510000,716763,95.227787,783.0,7,2,0.0,57152.0,31811.0,0.0,2,1,2,,,1
4,2026-01-21 10:54:15,3056040.0,12,28,Empleado,1290000,0,253278,95.227787,770.0,6,3,0.0,17082.0,17082.0,0.0,5,1,0,1000000.0,Decreciente,1
4,2026-01-21 15:17:21,3720000.0,6,47,Empleado,4350000,106000,572280,95.227787,853.0,5,1,0.0,564.0,564.0,0.0,4,0,0,838889.0,Creciente,1
9,2026-01-21 17:12:53,5844256.8,11,43,Empleado,2041000,223000,479703,95.227787,802.0,3,7,0.0,577.0,577.0,0.0,0,0,1,,,1
4,2026-01-22 15:13:53,4532400.0,36,64,Empleado,7725000,2274000,171015,95.227787,862.0,7,3,0.0,158659.0,157523.0,0.0,5,1,0,,,1
4,2026-01-22 17:36:56,2814000.0,24,42,Empleado,4292000,737000,114405,95.227787,765.0,5,7,0.0,2551.0,2551.0,0.0,2,0,2,2027319.0,Creciente,1
4,2026-01-22 20:05:00,1200000.0,24,56,Independiente,2737000,446000,59057,95.227787,790.0,2,2,0.0,2547.0,2547.0,0.0,1,0,0,,,1
4,2026-01-22 20:10:50,2412000.0,36,27,Empleado,3677000,2000,92085,95.227787,833.0,3,1,0.0,607.0,607.0,0.0,3,0,0,3274490.0,Estable,1
4,2026-01-23 08:14:34,6583014.0,10,48,Empleado,7284000,3389000,643108,95.227787,889.0,5,2,0.0,21345.0,21345.0,0.0,3,0,0,8804656.0,Creciente,1
4,2026-01-23 08:22:57,960000.0,24,48,Empleado,3422000,0,47238,95.227787,770.0,3,2,0.0,236.0,236.0,0.0,0,0,3,1000000.0,Estable,1
4,2026-01-23 08:59:28,4200000.0,12,39,Empleado,7342000,3119000,351617,95.227787,763.0,7,11,0.0,88999.0,88999.0,0.0,5,0,2,9020878.0,Creciente,1
4,2026-01-23 11:13:09,1582800.0,6,63,Independiente,1750000,342000,243484,95.227787,792.0,2,6,0.0,812.0,812.0,0.0,1,0,1,1013333.0,Creciente,1
4,2026-01-23 12:08:05,1980000.0,6,34,Independiente,7586000,2871000,303577,95.227787,798.0,11,7,0.0,112986.0,112986.0,0.0,7,0,0,6331524.0,Creciente,1
4,2026-01-23 12:39:43,2040000.0,6,54,Empleado,2099000,926000,312761,95.227787,801.0,4,5,0.0,11978.0,11978.0,0.0,2,0,1,1013333.0,Creciente,1
4,2026-01-23 12:43:18,10200000.0,6,36,Independiente,4222000,1966000,1563882,95.227787,814.0,6,7,0.0,29257.0,25651.0,0.0,2,2,0,1013333.0,Creciente,1
4,2026-01-23 13:48:17,3291120.0,24,42,Empleado,6345000,2716000,158992,95.227787,813.0,10,8,0.0,106473.0,106473.0,0.0,9,0,0,1000000.0,Estable,1
4,2026-01-23 14:57:38,3055500.0,12,49,Empleado,5521000,364000,254582,95.227787,848.0,6,3,0.0,109953.0,97621.0,0.0,5,0,1,5224816.0,Creciente,1
9,2026-01-23 15:17:07,5514936.0,10,48,Independiente,12133000,2622000,491374,95.227787,812.0,7,3,0.0,81005.0,81005.0,0.0,4,1,1,,,1
4,2026-01-23 16:02:57,600000.0,6,43,Independiente,2204000,306000,91989,95.227787,781.0,4,4,0.0,7087.0,7087.0,0.0,2,0,1,,,1
4,2026-01-23 17:49:51,4532400.0,36,41,Empleado,2552000,0,171015,95.227787,854.0,2,1,0.0,110.0,110.0,0.0,1,0,0,3500000.0,Estable,1
4,2026-01-23 18:20:20,2976120.0,24,61,Empleado,4013000,1304000,143775,95.227787,800.0,10,3,0.0,15153.0,15153.0,0.0,2,1,5,,,1
4,2026-01-23 19:00:16,4532400.0,36,43,Empleado,3514000,3152000,171015,95.227787,771.0,8,4,0.0,58886.0,55913.0,0.0,5,0,3,992377.0,Creciente,1
4,2026-01-24 07:02:42,4532400.0,36,28,Empleado,2563000,933000,171015,95.227787,778.0,4,3,0.0,18012.0,18012.0,0.0,4,0,0,1034771.0,Creciente,1
9,2026-01-24 10:57:43,11250754.8,10,53,Independiente,1890000,0,1002428,95.227787,866.0,2,3,0.0,60.0,60.0,0.0,1,0,0,,,1
4,2026-01-24 13:02:26,4532400.0,36,38,Empleado,6577000,2426000,171015,95.227787,741.0,9,4,0.0,58646.0,58646.0,0.0,6,0,2,3208485.0,Creciente,1
4,2026-01-24 14:57:28,3000000.0,36,58,Empleado,2598000,458000,117611,95.227787,853.0,6,6,0.0,70369.0,19726.0,0.0,2,3,0,1292858.0,Creciente,1
4,2026-01-24 15:29:00,3444000.0,36,44,Empleado,4199000,455000,131065,95.227787,743.0,8,3,0.0,5361.0,5361.0,0.0,3,0,3,1139456.0,Decreciente,1
4,2026-01-24 17:27:32,2948400.0,6,33,Empleado,1453000,179000,453578,95.227787,715.0,8,2,0.0,4534.0,4534.0,0.0,1,0,2,1523980.0,Decreciente,1
4,2026-01-24 17:36:32,1285543.2,6,51,Empleado,8723000,7485000,196971,95.227787,790.0,12,5,0.0,83224.0,83224.0,0.0,7,0,2,1013333.0,Creciente,1
4,2026-01-24 18:16:55,1636800.0,6,66,Empleado,5498000,2095000,250374,95.227787,706.0,11,3,0.0,43434.0,43434.0,0.0,6,2,1,,,1
4,2026-01-25 15:59:26,3576000.0,6,35,Independiente,7150000,3531000,548279,47.613894,784.0,12,6,0.0,113863.0,113863.0,0.0,7,0,3,838889.0,Creciente,0
4,2026-01-26 10:45:10,5678040.0,24,49,Empleado,3491000,1052000,277805,95.227787,828.0,7,5,0.0,26599.0,17459.0,0.0,2,1,1,,,1
4,2026-01-26 14:09:30,1636800.0,6,29,Empleado,2853000,923000,251457,95.227787,699.0,11,3,0.0,12028.0,12028.0,0.0,8,0,1,1720326.0,Creciente,1
4,2026-01-26 14:51:55,3960000.0,36,26,Independiente,4280000,10791000,155246,95.227787,737.0,9,7,0.0,20731.0,20731.0,0.0,3,0,4,1755606.0,Estable,1
9,2026-01-26 15:37:04,3795907.2,10,65,Empleado,7667000,2500000,338210,47.613894,843.0,1,1,0.0,1926.0,1926.0,0.0,1,0,0,,,0
4,2026-01-27 11:19:13,476320.8,6,30,Empleado,1774000,43000,73639,95.227787,772.0,2,4,0.0,0.0,0.0,0.0,0,0,1,1999775.0,Creciente,1
4,2026-01-27 11:20:03,840000.0,6,38,Independiente,5260000,6492000,129991,95.227787,774.0,11,12,0.0,207165.0,207165.0,0.0,5,0,4,3295891.0,Creciente,1
4,2026-01-27 15:35:09,1763880.0,12,29,Empleado,3422000,758000,147682,95.227787,701.0,8,5,0.0,14795.0,14795.0,0.0,1,0,3,1414196.0,Estable,1
4,2026-01-27 18:37:03,1200000.0,24,45,Empleado,3282000,470000,60200,95.227787,769.0,4,2,0.0,2792.0,2792.0,0.0,2,0,2,892533.0,Decreciente,1
4,2026-01-28 15:39:42,3960000.0,36,26,Empleado,2331000,654000,155246,95.227787,779.0,3,1,0.0,15219.0,15219.0,0.0,2,0,0,4177966.0,Creciente,1
9,2026-01-28 16:52:58,905691.6,10,45,Empleado,5243000,2465000,80696,95.227787,802.0,7,3,0.0,25013.0,14699.0,0.0,4,1,1,2315262.0,Creciente,1
4,2026-01-29 09:40:26,3300000.0,24,67,Independiente,1635000,546000,165550,95.227787,799.0,2,4,0.0,22304.0,22304.0,0.0,0,2,0,,,1
4,2026-01-29 11:17:49,1641600.0,6,39,Empleado,3456000,1086000,252944,95.227787,764.0,7,1,0.0,10132.0,10132.0,0.0,3,0,2,806666.0,Creciente,1
9,2026-01-29 16:02:03,2024713.2,10,27,Empleado,5230000,2042000,180399,95.227787,730.0,12,11,0.0,55659.0,48078.0,0.0,4,3,5,2776220.0,Decreciente,1
4,2026-01-29 18:09:22,3056040.0,6,38,Empleado,6008000,943000,469291,95.227787,778.0,5,3,0.0,10339.0,10339.0,0.0,2,0,1,7004624.0,Creciente,1
4,2026-01-31 15:06:41,1835880.0,12,61,Independiente,2656000,606000,153710,95.227787,836.0,10,0,0.0,3215.0,3215.0,0.0,2,1,4,,,1
9,2026-01-31 17:27:16,7500008.399999999,10,39,Independiente,10463000,3352000,668241,47.613894,762.0,7,7,0.0,191832.0,191832.0,0.0,4,0,0,,,0
4,2026-01-31 17:33:53,1696800.0,24,56,Independiente,1920000,78000,83493,47.613894,770.0,2,3,0.0,3252.0,0.0,0.0,0,0,1,,,0
4,2026-01-31 19:15:37,2280360.0,12,42,Empleado,1740000,162000,190306,95.227787,753.0,2,0,0.0,162.0,162.0,0.0,0,0,2,1441539.0,Creciente,1
4,2026-02-01 14:01:02,3550560.0,24,59,Empleado,3677000,1264000,174737,95.227787,791.0,9,4,0.0,16240.0,16240.0,0.0,6,0,1,1932958.0,Creciente,1
4,2026-02-01 18:10:39,1965600.0,18,30,Empleado,2134000,413000,119097,47.613894,786.0,5,2,0.0,5218.0,5218.0,0.0,2,0,3,1128617.0,Creciente,0
9,2026-02-02 14:07:13,5987698.8,9,62,Independiente,4190000,2260000,584920,95.227787,786.0,5,5,0.0,32947.0,32947.0,0.0,1,0,1,,,1
4,2026-02-02 17:21:31,667200.0,12,28,Independiente,2030000,1033000,56182,95.227787,701.0,14,2,0.0,13816.0,13816.0,0.0,1,0,6,,,1
4,2026-02-03 12:15:55,3000000.0,6,58,Independiente,4106000,660000,462251,95.227787,857.0,3,3,0.0,15660.0,15660.0,0.0,2,0,0,,,1
4,2026-02-03 16:47:47,1433581.2,24,34,Empleado,1879000,221000,69783,95.227787,769.0,1,4,0.0,1886.0,1886.0,0.0,1,0,0,1611097.0,Creciente,1
4,2026-02-03 17:58:12,2139240.0,24,35,Empleado,2575000,501000,104359,95.227787,708.0,7,2,0.0,5978.0,4563.0,0.0,1,2,3,1425121.0,Creciente,1
4,2026-02-05 08:28:43,2856000.0,6,42,Independiente,1671000,270000,440063,95.227787,746.0,3,3,0.0,22286.0,22286.0,0.0,2,0,1,1160000.0,Creciente,1
9,2026-02-05 09:06:36,3913023.6,11,59,Empleado,3491000,657000,321185,95.227787,868.0,3,1,0.0,6754.0,6754.0,0.0,1,1,1,4440000.0,Estable,1
9,2026-02-05 13:04:23,833023.2,10,30,Empleado,2668000,914000,74221,95.227787,683.0,6,3,0.0,19191.0,19191.0,0.0,2,0,3,1161833.0,Creciente,1
4,2026-02-05 14:45:37,2995200.0,18,39,Independiente,2992000,0,181481,95.227787,820.0,1,1,0.0,0.0,0.0,0.0,1,0,0,,,1
9,2026-02-05 15:33:06,3217939.2,11,49,Independiente,4320000,1010000,264132,95.227787,786.0,3,1,0.0,5708.0,5708.0,0.0,1,0,0,,,1
4,2026-02-05 17:22:11,6631561.2,10,38,Empleado,3433000,1666000,646104,95.227787,821.0,4,1,0.0,81139.0,81139.0,0.0,3,0,1,,,1
4,2026-02-05 18:21:12,863880.0,6,43,Empleado,2018000,196000,132898,95.227787,730.0,6,4,0.0,11926.0,591.0,0.0,2,0,3,800000.0,Decreciente,1
4,2026-02-05 18:57:39,401520.0,6,29,Independiente,1960000,31000,61966,95.227787,777.0,2,0,0.0,81.0,81.0,0.0,0,0,0,,,1
4,2026-02-06 08:00:25,3056040.0,12,28,Empleado,4129000,870000,253257,95.227787,712.0,11,6,0.0,45506.0,45506.0,0.0,6,0,3,2960000.0,Estable,1
9,2026-02-06 12:14:01,3394948.8,9,43,Empleado,4872000,1424000,331642,95.227787,856.0,5,3,0.0,80637.0,80637.0,0.0,4,0,1,3568025.0,Creciente,1
9,2026-02-06 14:56:56,3028098.0,8,123,Empleado,374000000,280000000,328351,95.227787,0.0,0,0,,,,,0,0,0,,,1
4,2026-02-06 20:35:27,3360000.0,36,54,Empleado,2238000,724000,131724,95.227787,793.0,4,1,0.0,12570.0,12570.0,0.0,4,0,0,1834902.0,Decreciente,1
4,2026-02-07 09:50:12,3300000.0,12,58,Empleado,2180000,0,276271,47.613894,814.0,0,1,0.0,0.0,,,0,0,0,954263.0,Creciente,0
4,2026-02-07 17:44:53,2099880.0,24,35,Empleado,3387000,1315000,103343,95.227787,792.0,9,3,0.0,55756.0,46600.0,0.0,3,0,5,2412842.0,Creciente,1
4,2026-02-08 11:12:44,5613600.0,6,59,Empleado,2934000,1516000,864964,95.227787,850.0,9,1,0.0,53822.0,53822.0,0.0,4,0,3,1589090.0,Creciente,1
4,2026-02-08 17:13:56,2775048.0,6,40,Independiente,6670000,3207000,427589,95.227787,805.0,7,8,0.0,87158.0,55657.0,0.0,4,0,1,1769540.0,Creciente,1
9,2026-02-09 15:57:49,3342794.4,9,41,Empleado,4512000,684000,326547,95.227787,796.0,8,2,0.0,2680.0,2680.0,0.0,3,0,1,1913333.0,Decreciente,1
4,2026-02-09 17:00:13,576000.0,6,31,Empleado,4930000,3246000,88607,95.227787,832.0,6,4,0.0,44562.0,44562.0,0.0,3,0,2,,,1
4,2026-02-09 17:41:02,3584040.0,36,31,Empleado,3317000,1689000,138795,95.227787,752.0,11,2,0.0,41255.0,41255.0,0.0,9,0,1,3472121.0,Creciente,1
9,2026-02-11 12:12:39,5391950.399999999,10,43,Independiente,7380000,539000,480416,47.613894,858.0,8,2,0.0,85795.0,85795.0,0.0,7,0,0,,,0
4,2026-02-11 18:39:17,8857200.0,36,51,Empleado,2310000,583000,338078,95.227787,812.0,7,0,0.0,1324.0,1324.0,0.0,2,1,2,309334.0,Decreciente,1
4,2026-02-12 10:28:12,1247880.0,6,25,Empleado,2111000,713000,191972,95.227787,727.0,5,3,0.0,3073.0,3073.0,0.0,3,0,2,1372727.0,Creciente,1
9,2026-02-12 15:05:06,3094956.0,8,31,Empleado,6148000,1886000,335601,95.227787,738.0,5,4,0.0,43925.0,43925.0,0.0,4,0,1,2492982.0,Creciente,1
4,2026-02-12 16:00:08,4923348.0,24,31,Empleado,3503000,1741000,240956,95.227787,759.0,6,2,0.0,21285.0,21285.0,0.0,3,0,1,5487801.0,Creciente,1
4,2026-02-12 17:43:56,2160000.0,24,63,Independiente,2401000,0,106285,47.613894,823.0,0,1,0.0,0.0,,,0,0,0,,,0
4,2026-02-12 18:25:22,5780436.0,6,29,Empleado,3259000,1623000,887654,95.227787,706.0,10,3,0.0,23214.0,23214.0,0.0,5,0,4,2408168.0,Creciente,1
9,2026-02-13 11:07:03,940018.8,2,42,Empleado,6101000,988000,375708,95.227787,763.0,8,7,0.0,12496.0,12496.0,0.0,3,0,5,,,1
4,2026-02-13 17:05:14,10080000.0,18,62,Empleado,5927000,1824000,620085,95.227787,815.0,3,1,0.0,43353.0,43353.0,0.0,2,0,1,,,1
4,2026-02-13 18:17:35,2400000.0,12,28,Empleado,1763000,0,200924,95.227787,808.0,1,1,0.0,0.0,0.0,0.0,0,0,1,2225507.0,Decreciente,1
9,2026-02-14 10:14:05,3029583.6,2,39,Independiente,10973000,2785000,1212979,95.227787,848.0,7,5,0.0,24240.0,24240.0,0.0,4,0,0,,,1
4,2026-02-14 13:39:52,8640000.0,36,43,Empleado,4326000,1135000,329858,95.227787,745.0,8,2,0.0,22185.0,22185.0,0.0,5,0,3,2186900.0,Decreciente,1
4,2026-02-14 18:21:59,3360000.0,36,60,Empleado,5394000,245000,131724,95.227787,888.0,3,3,0.0,4866.0,4866.0,0.0,2,0,0,3988118.0,Creciente,1
4,2026-02-15 17:18:33,1350000.0,18,32,Empleado,1832000,396000,83049,95.227787,759.0,2,1,0.0,10201.0,10201.0,0.0,0,2,0,677778.0,Creciente,1
9,2026-02-15 17:50:47,4593165.6,9,48,Empleado,3000000,0,451217,95.227787,842.0,7,1,0.0,92020.0,54078.0,0.0,2,0,1,1014545.0,Creciente,1
4,2026-02-16 12:24:57,2229120.0,6,23,Independiente,2308000,819000,343471,95.227787,672.0,7,8,0.0,11398.0,11398.0,0.0,2,0,4,1026666.0,Creciente,1
4,2026-02-16 15:51:03,5323320.0,36,42,Empleado,4709000,1394000,206150,95.227787,845.0,5,4,0.0,10608.0,7817.0,0.0,2,2,1,1471858.0,Creciente,1
4,2026-02-17 15:27:29,2591880.0,12,26,Independiente,4582000,2407000,216988,95.227787,782.0,6,10,0.0,42830.0,42830.0,0.0,2,2,1,2252261.0,Decreciente,1
4,2026-02-17 16:49:47,1310400.0,6,38,Independiente,2238000,510000,201227,95.227787,735.0,6,7,0.0,3471.0,3471.0,0.0,0,0,4,,,1
4,2026-02-17 17:53:47,840000.0,6,47,Independiente,8607000,2000000,129430,95.227787,884.0,3,0,0.0,2000.0,2000.0,0.0,3,0,0,,,1
4,2026-02-18 14:10:15,3036000.0,24,24,Empleado,2099000,145000,149413,95.227787,735.0,2,11,0.0,3266.0,3266.0,0.0,0,0,1,1371054.0,Creciente,1
9,2026-02-19 12:00:24,6310250.399999999,10,57,Independiente,0,0,565698,95.227787,717.0,0,0,,,,,0,0,0,,,1
4,2026-02-19 13:10:51,1675200.0,6,33,Independiente,8062000,2347000,258121,95.227787,801.0,7,3,0.0,54490.0,54490.0,0.0,2,0,1,1029090.0,Creciente,1
4,2026-02-19 13:18:48,2618568.0,8,58,Empleado,3746000,113000,313229,95.227787,774.0,5,4,0.0,895.0,895.0,0.0,3,0,2,1160000.0,Estable,1
4,2026-02-20 11:38:29,2809681.2,18,28,Empleado,2852000,2279000,170261,95.227787,761.0,6,6,0.0,15872.0,15872.0,0.0,5,0,1,1011111.0,Decreciente,1
4,2026-02-21 16:08:30,3816900.0,18,36,Empleado,5730000,4945000,230235,95.227787,797.0,11,1,0.0,87960.0,87960.0,0.0,9,0,0,,,1
4,2026-02-21 18:43:27,3600000.0,36,31,Empleado,2285000,407000,141133,95.227787,774.0,6,3,0.0,6812.0,6812.0,0.0,0,3,0,2350946.0,Decreciente,1
9,2026-02-21 19:07:39,2764056.0,9,55,Independiente,10400000,51514000,271531,95.227787,878.0,7,2,0.0,128768.0,128768.0,0.0,2,3,0,,,1
4,2026-02-22 08:17:43,3048000.0,12,31,Independiente,2876000,6205000,257923,95.227787,796.0,5,0,0.0,29082.0,15703.0,0.0,2,2,0,,,1
4,2026-02-22 09:15:19,600000.0,6,30,Empleado,2157000,285000,92299,95.227787,722.0,3,3,0.0,5243.0,5243.0,0.0,1,0,2,1205737.0,Creciente,1
10,2026-02-22 10:08:41,680400.0,12,39,Empleado,2296000,1228000,56962,95.227787,719.0,11,6,0.0,13954.0,13954.0,0.0,3,0,4,1294908.0,Creciente,1
4,2026-02-22 11:53:41,1980960.0,24,61,Empleado,1995000,653000,97475,95.227787,783.0,10,0,0.0,13524.0,13524.0,0.0,2,1,3,1026666.0,Creciente,1
9,2026-02-22 14:57:46,2273245.2,10,38,Empleado,2501000,626000,203791,95.227787,836.0,8,1,0.0,22147.0,12380.0,0.0,0,3,2,1642837.0,Decreciente,1
4,2026-02-22 15:32:44,1936800.0,6,38,Empleado,2331000,0,299720,95.227787,775.0,3,1,0.0,0.0,0.0,0.0,2,0,0,,,1
4,2026-02-22 16:55:38,1300351.2,6,40,Empleado,1937000,0,201232,95.227787,843.0,0,4,0.0,0.0,,,0,0,0,2115056.0,Creciente,1
4,2026-02-23 08:58:05,8462096.4,10,55,Independiente,2343000,52000,833021,95.227787,779.0,3,0,0.0,9785.0,0.0,0.0,1,0,0,,,1
4,2026-02-23 11:38:58,1944000.0,6,36,Empleado,1670000,0,300536,95.227787,760.0,1,0,0.0,0.0,0.0,0.0,0,0,0,1467685.0,Creciente,1
4,2026-02-24 15:48:17,2539802.4,6,50,Independiente,2273000,255000,390701,95.227787,796.0,6,9,0.0,4643.0,4643.0,0.0,4,0,0,1064000.0,Creciente,1
4,2026-02-24 17:47:15,3073380.0,24,53,Independiente,4210000,72000,150860,95.227787,827.0,3,4,0.0,430.0,430.0,0.0,0,0,3,,,1
4,2026-02-25 13:05:54,900000.0,6,53,Empleado,2180000,477000,139275,95.227787,798.0,7,2,0.0,7119.0,3421.0,0.0,1,2,4,1518719.0,Decreciente,1
4,2026-02-25 13:52:24,2639880.0,12,35,Empleado,7250000,4644000,222292,95.227787,803.0,7,2,0.0,23451.0,23451.0,0.0,6,0,0,1277733.0,Creciente,1
4,2026-02-25 14:39:15,3585960.0,12,31,Empleado,3375000,0,299805,95.227787,767.0,4,7,0.0,296.0,296.0,0.0,3,0,0,2340752.0,Creciente,1
4,2026-02-25 16:48:18,3683640.0,12,35,Empleado,1751000,582000,310182,95.227787,744.0,3,0,0.0,47315.0,47315.0,0.0,2,0,1,1000000.0,Creciente,1
9,2026-02-26 08:34:21,3823214.4,10,43,Empleado,18258000,4028000,342742,95.227787,880.0,12,2,0.0,424640.0,120655.0,0.0,9,0,0,13719347.0,Creciente,1
9,2026-02-26 15:12:40,1864881.6,10,41,Independiente,4751000,1152000,167182,95.227787,797.0,9,1,0.0,170900.0,38921.0,0.0,7,0,0,,,1
4,2026-02-26 16:58:07,2598720.0,36,32,Empleado,4767000,250000,102145,95.227787,819.0,6,0,0.0,0.0,0.0,0.0,1,0,0,2574820.0,Creciente,1
9,2026-02-27 11:55:56,4478125.2,10,57,Independiente,7145000,1632000,401453,95.227787,884.0,3,3,0.0,72684.0,72684.0,0.0,2,0,0,,,1
4,2026-02-27 12:23:20,540000.0,8,45,Empleado,1589000,265000,64786,95.227787,752.0,3,2,0.0,9030.0,9030.0,0.0,1,0,2,996666.0,Decreciente,1
4,2026-02-27 14:23:22,3960000.0,36,40,Independiente,2633000,72000,156864,95.227787,852.0,4,0,0.0,0.0,0.0,0.0,1,1,1,,,1
9,2026-02-28 11:33:01,2862393.6,10,56,Independiente,1490000,48000,256607,47.613894,803.0,0,1,0.0,0.0,,,0,0,0,,,0
9,2026-03-01 17:31:12,5027774.399999999,10,36,Empleado,20126000,16020000,450728,95.227787,802.0,8,9,0.0,337589.0,337589.0,0.0,6,0,0,2274629.0,Decreciente,1
4,2026-03-01 17:40:56,2999880.0,18,39,Empleado,5127000,2266000,181764,47.613894,762.0,8,6,0.0,26938.0,26938.0,0.0,4,0,3,1327454.0,Creciente,0
9,2026-03-01 17:45:13,2060919.6,9,34,Independiente,1670000,88000,204658,95.227787,731.0,3,1,0.0,834.0,834.0,0.0,0,0,2,,,1
9,2026-03-02 10:08:45,2635389.6,10,34,Empleado,6008000,3081000,236256,95.227787,856.0,9,5,0.0,144515.0,144515.0,0.0,7,0,0,,,1
4,2026-03-03 08:11:20,960000.0,24,25,Empleado,3793000,980000,48159,95.227787,769.0,7,3,0.0,23515.0,23515.0,0.0,4,0,3,4618780.0,Creciente,1
4,2026-03-03 11:01:01,2664000.0,12,37,Empleado,3178000,1004000,226379,95.227787,721.0,11,1,0.0,20521.0,20521.0,0.0,6,2,2,4272656.0,Decreciente,1
4,2026-03-05 10:05:55,3571200.0,36,44,Empleado,3190000,893000,139998,95.227787,761.0,5,3,0.0,55217.0,29532.0,0.0,0,3,1,1383531.0,Creciente,1
9,2026-03-05 13:25:19,4106260.8,2,52,Independiente,4490000,1435000,1644056,95.227787,892.0,9,1,0.0,11347.0,11347.0,0.0,7,0,0,,,1
9,2026-03-05 14:59:21,2208813.6,10,41,Independiente,1960000,116000,198015,47.613894,784.0,8,3,0.0,100.0,100.0,0.0,0,0,0,,,0
4,2026-03-05 15:42:34,2484000.0,6,45,Independiente,3735000,0,384628,95.227787,779.0,1,2,0.0,68.0,68.0,0.0,0,0,0,1240000.0,Creciente,1
4,2026-03-06 18:52:31,4506639.6,36,27,Independiente,2030000,0,177137,95.227787,786.0,1,0,0.0,61.0,61.0,0.0,0,0,0,1029090.0,Creciente,1
4,2026-03-07 15:58:24,4336082.399999999,6,30,Empleado,4605000,642000,669177,95.227787,771.0,8,4,0.0,18770.0,18770.0,0.0,4,0,2,820000.0,Decreciente,1
9,2026-03-08 11:36:56,4648995.6,9,55,Empleado,7992000,3108000,456701,95.227787,895.0,10,2,0.0,186973.0,174220.0,0.0,6,1,1,6159769.0,Creciente,1
4,2026-03-08 15:46:33,3480300.0,8,62,Empleado,3120000,1155000,412764,95.227787,818.0,4,3,0.0,48846.0,48846.0,0.0,2,0,1,,,1
9,2026-03-09 10:51:48,4100145.6,10,56,Independiente,1879000,197000,367568,95.227787,801.0,1,3,0.0,379.0,379.0,0.0,0,0,1,,,1
9,2026-03-09 12:24:50,7801087.199999999,9,57,Independiente,4837000,3990000,766352,95.227787,822.0,12,4,0.0,161336.0,161336.0,0.0,9,1,0,,,1
4,2026-03-10 09:07:06,9349999.2,10,57,Independiente,12284000,11739000,915753,95.227787,874.0,14,4,0.0,223267.0,223267.0,0.0,9,0,2,3000000.0,Estable,1
4,2026-03-10 16:14:29,3300000.0,24,66,Empleado,1879000,422000,166800,95.227787,852.0,1,0,0.0,19113.0,19113.0,0.0,0,1,0,1043636.0,Creciente,1
9,2026-03-13 11:57:22,2986839.6,11,58,Independiente,1960000,98000,246803,95.227787,787.0,2,2,0.0,363.0,363.0,0.0,0,0,1,,,1
9,2026-03-13 15:54:27,1256640.0,11,43,Empleado,5718000,2065000,103836,95.227787,774.0,3,0,0.0,62527.0,62527.0,0.0,1,0,0,523776.0,Decreciente,1
9,2026-03-14 15:44:16,4093780.8,10,32,Empleado,10266000,8641000,366997,95.227787,777.0,9,11,0.0,366939.0,366939.0,0.0,4,0,1,1431181.0,Creciente,1
9,2026-03-15 14:26:28,1216557.6,10,23,Empleado,1693000,0,109061,95.227787,737.0,0,2,0.0,0.0,,,0,0,0,,,1
9,2026-03-16 12:05:19,5114223.6,10,25,Empleado,2517000,1277000,458478,95.227787,739.0,2,0,0.0,2953.0,2953.0,0.0,0,0,2,,,1
4,2026-03-16 12:52:05,3950400.0,36,53,Independiente,2412000,272000,150277,95.227787,833.0,3,0,0.0,424.0,424.0,0.0,0,0,2,,,1
4,2026-03-16 20:11:15,779878.7999999999,6,39,Independiente,2366000,252000,120357,95.227787,732.0,2,7,0.0,1032.0,1032.0,0.0,1,0,0,,,1
9,2026-03-20 09:43:00,2794558.8,10,30,Empleado,6832000,1308000,250909,95.227787,784.0,4,3,0.0,21994.0,21994.0,0.0,4,0,0,1913094.0,Creciente,1
9,2026-03-20 10:04:00,1652821.2,3,51,Empleado,3364000,99000,447550,95.227787,806.0,4,0,0.0,1202.0,1202.0,0.0,1,0,2,3316385.0,Decreciente,1
4,2026-03-20 16:23:01,6840000.0,6,36,Independiente,3016000,808000,1060972,95.227787,766.0,1,6,0.0,7863.0,7863.0,0.0,1,0,0,,,1
9,2026-03-20 17:43:01,3358348.8,9,43,Independiente,1693000,92000,330375,95.227787,761.0,1,0,0.0,185.0,185.0,0.0,0,0,1,,,1
10,2026-03-22 12:59:11,1386960.0,24,32,Empleado,4756000,119000,68247,95.227787,841.0,4,0,0.0,47.0,47.0,0.0,1,0,1,903333.0,Creciente,1
4,2026-03-23 13:18:11,1200000.0,6,51,Empleado,3712000,2879000,185193,95.227787,829.0,4,2,0.0,17479.0,17479.0,0.0,2,0,0,,,1
4,2026-03-24 14:56:18,1220400.0,18,61,Empleado,3190000,1007000,75522,95.227787,828.0,8,3,0.0,242625.0,18562.0,0.0,3,1,3,,,1
4,2026-03-25 11:59:26,1619280.0,12,52,Empleado,3039000,649000,135380,95.227787,680.0,2,6,0.0,2638.0,2638.0,0.0,2,0,0,754000.0,Creciente,1
4,2026-03-25 13:03:48,8640000.0,36,50,Empleado,6867000,3291000,327332,95.227787,766.0,7,2,0.0,172104.0,172104.0,0.0,5,0,0,10668689.0,Creciente,1
4,2026-03-25 13:18:21,3197880.0,12,28,Empleado,2250000,483000,267359,95.227787,795.0,7,1,0.0,11667.0,11667.0,0.0,3,0,3,1565045.0,Creciente,1
4,2026-03-25 16:08:07,5336232.0,12,39,Empleado,5289000,1821000,446137,95.227787,780.0,3,4,0.0,8934.0,8934.0,0.0,2,0,1,2351452.0,Decreciente,1
4,2026-03-25 17:21:31,1570800.0,18,28,Empleado,1774000,86000,97199,95.227787,750.0,3,3,0.0,3226.0,3226.0,0.0,0,0,1,1029090.0,Creciente,1
4,2026-03-26 15:27:29,2215200.0,18,43,Independiente,2320000,338000,133963,95.227787,802.0,1,1,0.0,7823.0,7823.0,0.0,0,0,1,,,1
4,2026-03-27 15:41:03,1663200.0,24,59,Independiente,3224000,784000,83280,95.227787,852.0,6,4,0.0,54010.0,54010.0,0.0,4,2,0,,,1
4,2026-03-28 15:40:54,3756260.4,36,60,Empleado,3236000,958000,146875,95.227787,794.0,3,3,0.0,31738.0,31738.0,0.0,0,1,1,,,1
9,2026-04-02 10:46:32,3252026.4,9,34,Independiente,5289000,1466000,319915,95.227787,776.0,7,0,0.0,26677.0,26677.0,0.0,4,0,0,,,1
9,2026-04-03 17:23:15,952022.4,9,32,Empleado,4280000,2331000,93654,95.227787,759.0,12,1,0.0,257933.0,219048.0,0.0,5,4,3,,,1
9,2026-04-10 11:23:48,3318027.6,10,37,Empleado,7087000,748000,297909,47.613894,830.0,2,0,0.0,94386.0,38052.0,0.0,2,0,0,,,0
4,2026-04-13 08:11:02,1560000.0,12,44,Independiente,3248000,632000,132557,95.227787,822.0,4,0,0.0,1920.0,1920.0,0.0,0,0,2,,,1
9,2026-04-13 10:36:17,2447108.4,10,44,Independiente,3236000,1377000,219714,95.227787,817.0,7,0,0.0,50873.0,50873.0,0.0,5,0,0,,,1
9,2026-04-17 16:31:53,4125924.0,10,38,Independiente,4906000,16000,370446,95.227787,840.0,1,0,0.0,16.0,16.0,0.0,0,1,0,,,1
9,2026-04-19 16:37:46,3099969.6,10,41,Independiente,3329000,2004000,274366,95.227787,740.0,6,0,0.0,51469.0,51469.0,0.0,3,0,0,,,1
9,2026-04-20 11:03:00,4194165.6,10,40,Empleado,6113000,712000,376573,95.227787,841.0,4,1,0.0,4999.0,4999.0,0.0,3,0,0,,,1
4,2026-04-22 13:34:07,5874000.0,6,44,Empleado,4976000,964000,911133,95.227787,862.0,6,4,0.0,15976.0,15976.0,0.0,2,1,0,,,1
4,2026-04-24 17:40:14,3600000.0,12,23,Empleado,1380000,302000,304272,95.227787,733.0,1,2,0.0,5048.0,5048.0,0.0,0,1,0,1167484.0,Creciente,1
9,2026-04-26 18:43:52,1468320.0,10,44,Independiente,3039000,1550000,131833,95.227787,699.0,6,8,0.0,39295.0,39295.0,0.0,3,1,1,,,1
