tipo_credito,capital_prestado,plazo_meses,edad_cliente,tipo_laboral,salario_cliente,total_otros_prestamos,cuota_pactada
4,577356.0,6,28,Empleado,1500000,500000,85518
4,1263020.4,10,51,Independiente,3800000,400000,116561
4,2988000.0,12,37,Empleado,3000000,2000000,234010
4,903960.0,12,55,Empleado,1500000,500000,70664
4,932400.0,6,58,Empleado,1200000,250000,138294
4,828000.0,6,45,Empleado,2200000,1500000,122767
4,3057600.0,12,46,Empleado,3000000,1500000,238724
4,516000.0,6,28,Empleado,2000000,700000,76533
4,1691760.0,12,43,Empleado,4000000,800000,132411
4,959880.0,12,41,Empleado,5600000,1500000,75221
4,1438048.8,12,58,Independiente,2200000,1000000,112692
9,1326964.8,11,60,Independiente,3000000,2000000,103065
9,750708.0,5,52,Independiente,4000000,2000000,121575
9,2078536.8,10,30,Independiente,3000000,2000000,176014
9,3340804.8,3,35,Independiente,4000000,2000000,885544
9,1547084.4,10,47,Independiente,3000000,1500000,131010
9,1331469.6,10,26,Empleado,2400000,800000,112751
9,4107589.2,10,37,Empleado,7000000,2000000,347838
9,2414822.4,9,65,Independiente,0,0,225200
9,2281048.8,10,35,Independiente,3200000,1258888,193163
4,600000.0,12,32,Empleado,1380000,400000,46990
4,3753600.0,12,31,Empleado,4000000,1000000,293064
9,1630701.6,10,33,Empleado,1000000,0,138091
9,1168680.0,6,49,Independiente,3000000,2000000,159148
9,1260217.2,10,36,Empleado,4000000,1500000,106718
9,1084186.8,2,61,Independiente,5000000,2000000,427173
4,1380000.0,10,27,Empleado,1800000,1200000,127357
4,2328480.0,24,27,Empleado,1300000,700000,101086
4,3083758.8,12,33,Empleado,1300000,0,241509
4,2556960.0,6,27,Empleado,2450000,350000,378737
4,3402840.0,6,56,Empleado,3500000,1000000,504029
4,540000.0,6,30,Empleado,1500000,700000,80095
4,1200000.0,12,37,Empleado,2800000,680000,93964
4,2377152.0,12,45,Independiente,3000000,1000000,185828
10,528600.0,6,68,Empleado,1200000,100000,78368
4,1656000.0,24,68,Empleado,1500000,300000,72227
4,941520.0,12,36,Empleado,2400000,800000,73601
4,1086420.0,18,28,Empleado,1600000,380000,59701
4,1779360.0,12,55,Independiente,1000000,100000,139330
4,3532800.0,36,24,Empleado,3500000,150000,113480
4,1057496.4,12,48,Empleado,1600000,600000,82875
4,1272364.8,8,29,Empleado,2500000,400000,144186
4,2849280.0,12,37,Independiente,3800000,1600000,222735
4,1591680.0,12,24,Empleado,1600000,700000,124426
9,2207271.6,9,51,Empleado,1000000,500000,205844
4,1560000.0,12,58,Empleado,1014000,500000,122255
4,1199880.0,18,36,Empleado,2290000,1100000,66095
4,3354842.4,12,54,Empleado,2500000,500000,262696
9,901382.4,10,33,Empleado,1300000,400000,76331
4,2983020.0,6,55,Independiente,4000000,500000,441845
9,2391208.8,9,26,Independiente,1500000,700000,222998
9,2429022.0,9,41,Independiente,8000000,3000000,226524
4,1022400.0,12,35,Independiente,5000000,3000000,79824
9,750708.0,5,46,Independiente,4000000,2000000,121575
9,1222678.8,9,65,Independiente,2000000,1000000,114024
4,1284000.0,12,64,Independiente,1200000,500000,100793
9,1770003.6,10,29,Empleado,2450000,1200000,149887
4,1044000.0,12,40,Empleado,1450000,500000,81919
4,1669980.0,12,52,Empleado,1300000,600000,130765
4,1135680.0,18,47,Independiente,946400,300000,62408
4,1920000.0,12,28,Empleado,2100000,400000,150718
4,839880.0,6,31,Empleado,1600000,400000,124688
4,998644.8,24,31,Empleado,1200000,800000,43690
9,3190813.2,9,30,Independiente,7000000,3000000,297567
9,3432477.6,10,31,Independiente,3000000,2300000,290669
4,931200.0,12,35,Empleado,1500000,400000,73098
4,1224000.0,10,54,Independiente,4000000,1200000,113144
4,600000.0,8,31,Empleado,1700000,400000,68052
4,2986800.0,12,26,Independiente,2700000,1000000,233877
9,1864660.8,10,39,Independiente,2000000,1000000,157903
4,1244880.0,24,34,Empleado,3500000,200000,54212
4,2544000.0,12,51,Independiente,2000000,800000,198954
4,3300601.2,12,43,Empleado,4170000,1000000,258987
4,1376510.4,12,34,Empleado,900000,200000,108055
4,1168680.0,12,45,Empleado,3400000,2000000,91702
4,3191760.0,6,62,Independiente,8000000,4000000,472442
4,1200000.0,6,40,Empleado,5600000,1800000,177924
4,1680000.0,12,26,Empleado,1600000,700000,131879
4,829200.0,10,64,Empleado,800000,200000,76677
4,1127760.0,6,35,Empleado,1800000,1000000,167389
4,1200000.0,12,39,Empleado,4200000,500000,94199
4,2253756.0,12,45,Independiente,1800000,619666,176918
4,1059600.0,12,31,Empleado,1200000,400000,83178
4,1643640.0,24,35,Empleado,2300000,800000,71854
4,2893800.0,6,43,Empleado,2450000,700000,428628
4,6475560.0,36,39,Empleado,10000000,3000000,208236
4,782114.4,12,42,Empleado,3200000,1700000,61370
4,2496000.0,12,40,Empleado,2500000,800000,195934
4,851880.0,10,38,Empleado,2800000,1000000,78607
4,2130240.0,12,38,Independiente,6000000,170000,166805
4,3073152.0,24,34,Empleado,5200000,422000,133830
4,2160000.0,18,23,Empleado,1500000,200000,119011
4,1211760.0,8,42,Empleado,3400000,1200000,137439
10,1918200.0,12,54,Independiente,1200000,0,150227
9,1459977.6,10,59,Independiente,0,2000000,123634
9,750708.0,2,44,Independiente,4000000,2000000,295782
4,1126878.0,12,60,Empleado,1000000,100000,88459
4,1324999.2,12,47,Independiente,4000000,2000000,103622
4,2551200.0,36,32,Empleado,1230000,400000,82219
4,2138400.0,12,64,Empleado,3000000,1200000,167444
4,932400.0,10,64,Independiente,2000000,800000,86220
4,1510800.0,6,66,Empleado,1400000,600000,224082
4,2454840.0,12,40,Independiente,3000000,1200000,192255
4,1649280.0,6,39,Independiente,2500000,600000,244516
4,2501880.0,6,37,Empleado,2600000,1000000,371343
4,1310940.0,6,33,Empleado,3500000,750000,194577
4,3314400.0,10,43,Empleado,3400000,2000000,305834
4,971520.0,6,66,Empleado,1100000,350000,144034
4,480000.0,12,26,Empleado,3500000,1000000,37586
9,1084186.8,2,50,Independiente,4000000,1500000,427173
4,1319880.0,12,47,Independiente,1500000,600000,103610
9,1224920.4,10,36,Empleado,2800000,800000,103729
4,1428000.0,10,46,Independiente,4500000,1200000,132048
9,946150.8,10,24,Empleado,1300000,700000,80122
9,2589963.6,10,36,Empleado,2500000,1800000,219323
4,3000000.0,12,39,Empleado,1000000,500000,234616
9,2307660.0,10,49,Empleado,4000000,2000000,195417
4,1591656.0,10,49,Independiente,3000000,500000,146869
4,1466160.0,6,46,Empleado,1600000,0,217616
4,4192800.0,18,27,Empleado,1200000,450000,231372
4,786240.0,8,47,Empleado,2200000,900000,89046
4,2090760.0,6,44,Empleado,3300000,1000000,309968
10,1152000.0,12,61,Independiente,1200000,0,90221
4,1008000.0,12,67,Empleado,1000000,150000,79127
9,1285200.0,10,56,Empleado,11500000,5500000,108833
9,1084186.8,2,32,Independiente,5000000,2000000,427173
9,1446235.2,10,42,Empleado,5500000,3000000,122470
9,1681832.4,4,33,Empleado,2500000,1500000,337397
4,921600.0,6,66,Independiente,2200000,1100000,136645
4,2400000.0,8,41,Empleado,2700000,700000,272314
4,2957641.2,12,25,Empleado,1600000,200000,232076
4,1213200.0,10,35,Empleado,2500000,1500000,112185
4,3420900.0,36,38,Empleado,4800000,500000,110368
4,4872000.0,36,41,Independiente,8000000,1000000,157700
4,9955407.6,36,39,Independiente,10000000,2280000,320137
4,737880.0,6,23,Empleado,1300000,350000,109405
4,1132428.0,24,52,Empleado,1100000,520000,49543
4,1380000.0,6,55,Empleado,7000000,0,204682
9,1210006.8,10,62,Independiente,2200000,200000,102466
4,3566400.0,12,42,Empleado,4000000,400000,279261
4,713880.0,6,38,Empleado,4000000,1000000,105958
4,696000.0,10,31,Empleado,4000000,500000,64360
4,600000.0,12,32,Empleado,1400000,600000,47080
9,1825320.0,9,24,Independiente,2800000,1700000,169410
9,465460.8,2,29,Independiente,3000000,1000000,183393
4,1385160.0,12,58,Empleado,2000000,800000,108548
4,2112000.0,12,38,Independiente,5000000,2000000,165170
4,3161760.0,6,34,Empleado,6000000,3000000,469287
4,531369.6,6,39,Empleado,1500000,600000,78813
4,839880.0,18,33,Empleado,1200000,200000,46430
4,1917600.0,6,32,Empleado,3000000,500000,284491
9,5525103.6,10,47,Independiente,30000000,12000000,467876
4,3733278.0,12,51,Empleado,5000000,200000,293059
4,549120.0,6,59,Empleado,2500000,600000,81335
4,2377200.0,10,52,Empleado,5000000,0,219386
4,1121760.0,6,45,Independiente,4500000,300000,166323
4,1476000.0,12,67,Empleado,850000,100000,115666
4,816000.0,18,41,Independiente,1500000,300000,45110
4,864000.0,6,40,Empleado,5200000,3000000,127889
4,1766041.2,10,32,Empleado,3000000,1200000,163249
4,4613340.0,18,31,Empleado,4500000,1000000,254882
4,1941420.0,10,36,Empleado,3100000,1200000,178887
4,1200000.0,6,46,Empleado,3000000,1000000,177924
4,3432000.0,6,32,Independiente,5000000,1000000,508002
4,3447064.8,36,36,Empleado,2500000,400000,111455
4,840000.0,12,56,Empleado,1200000,300000,65912
4,1580280.0,6,22,Empleado,1600000,500000,234308
4,2740800.0,6,63,Empleado,4000000,1500000,405968
4,1716000.0,12,38,Empleado,2500000,600000,134474
4,1200000.0,24,42,Empleado,1100000,500000,52500
4,3472695.6,36,47,Empleado,1800000,150000,112406
4,1655880.0,6,56,Empleado,1500000,500000,245517
4,612000.0,6,27,Empleado,1000000,200000,90857
4,1126440.0,6,22,Empleado,1000000,150000,167193
4,1781880.0,6,26,Empleado,1300000,500000,264199
4,2569200.0,24,38,Empleado,3000000,1500000,111884
4,1090800.0,12,27,Empleado,2000000,1000000,85591
4,3518400.0,36,37,Empleado,7000000,500000,113514
4,1739880.0,12,44,Empleado,2500000,250000,136345
4,1105920.0,12,27,Empleado,1700000,500000,86597
4,4132678.8,12,33,Empleado,2000000,200000,323856
4,1200000.0,6,63,Empleado,1500000,600000,178104
4,692782.7999999999,6,69,Empleado,2000000,1000000,102639
9,1084186.8,5,45,Empleado,2500000,900000,175581
4,1200000.0,6,65,Empleado,8000000,2000000,177907
4,4584000.0,12,31,Empleado,4200000,1600000,359691
4,2149080.0,6,56,Empleado,1100000,200000,318979
4,3494880.0,10,40,Empleado,2000000,800000,322487
4,1800000.0,24,48,Empleado,1600000,450000,78689
9,1540207.2,11,55,Independiente,3000000,2500000,120928
9,1735860.0,10,39,Empleado,3000000,1000000,146996
4,935760.0,6,33,Empleado,3500000,1000000,138745
4,1679880.0,6,61,Empleado,3000000,600000,249394
4,2328480.0,6,58,Empleado,1100000,300000,345212
9,1552699.2,10,43,Empleado,3000000,1600000,131486
4,3688680.0,18,29,Empleado,3000000,700000,203796
10,3365400.0,6,53,Empleado,1000000,200000,499512
4,1721280.0,12,49,Empleado,4000000,1200000,134782
4,2137800.0,12,35,Empleado,4100000,1500000,167397
4,2046000.0,10,53,Empleado,2000000,1600000,188793
4,883984.7999999999,12,62,Empleado,3500000,2000000,69392
4,1995192.0,12,37,Empleado,2233000,300000,156230
4,720000.0,12,35,Empleado,2500000,500000,56527
4,712680.0,6,28,Empleado,6000000,2500000,105780
9,2051131.2,11,49,Empleado,3100000,1500000,159310
4,3687768.0,6,44,Independiente,1000000,200000,547360
9,4360213.2,9,44,Independiente,6000000,5000000,406622
9,3521991.6,10,37,Empleado,3600000,1500000,298249
9,2429106.0,9,43,Empleado,2500000,1500000,226532
4,1996800.0,12,36,Empleado,1800000,1200000,156160
9,2310048.0,9,31,Independiente,5000000,3000000,215429
4,1941420.0,18,39,Empleado,1700000,740000,106684
4,2696640.0,30,65,Independiente,1350000,100000,98926
4,1440000.0,24,49,Empleado,20000000,12000000,62951
4,1189080.0,12,48,Empleado,1400000,400000,93125
4,2146800.0,10,49,Empleado,2000000,250000,197811
4,2328480.0,8,58,Independiente,5000000,1000000,263712
9,1872642.0,10,42,Independiente,2500000,1000000,158579
4,2289360.0,12,39,Empleado,1600000,500000,179638
4,740400.0,6,64,Empleado,1600000,1000000,109920
4,2323080.0,8,37,Independiente,2500000,500000,263485
4,2438280.0,36,60,Empleado,3600000,1200000,78838
4,713880.0,24,34,Empleado,2000000,500000,31208
4,7464000.0,10,42,Independiente,10000000,3000000,687028
4,1290838.8,8,32,Empleado,3500000,1500000,146408
4,6000000.0,12,68,Empleado,5900000,2800000,469820
4,6676800.0,6,43,Independiente,6000000,3000000,988295
4,1679880.0,12,31,Empleado,3200000,1200000,131887
4,2952000.0,6,42,Independiente,5000000,1500000,438153
9,1386820.8,10,68,Empleado,2800000,1500000,117439
4,1077278.4,24,46,Independiente,1900000,500000,47131
4,3444000.0,24,28,Empleado,2400000,600000,150711
4,2124000.0,12,64,Independiente,2500000,600000,166663
4,571309.2,6,22,Independiente,2000000,400000,84816
4,1603200.0,12,30,Independiente,1500000,500000,125798
4,3763144.8,36,31,Empleado,2000000,0,121808
4,2340096.0,12,55,Empleado,3500000,2000000,183237
9,2349958.8,5,65,Independiente,4000000,2000000,380570
4,1585080.0,24,68,Empleado,1200000,600000,69294
4,1387028.4,12,49,Empleado,1400000,500000,108881
4,1466160.0,18,28,Independiente,1000000,300000,81004
4,1045320.0,12,25,Independiente,2000000,300000,82057
4,860280.0,12,42,Independiente,2700000,650000,67503
4,1701241.2,12,59,Independiente,2800000,600000,133491
4,753480.0,6,23,Empleado,2500000,1000000,111718
4,983880.0,8,33,Empleado,2000000,650000,111592
4,6455161.2,24,35,Empleado,4500000,7500000,282195
4,925086.0,6,45,Empleado,1000000,750000,137338
4,2400000.0,8,40,Independiente,4000000,2000000,272289
4,2047200.0,12,42,Empleado,1450000,700000,160102
4,3450000.0,12,33,Independiente,3000000,2000000,269808
4,2100000.0,8,26,Empleado,1900000,800000,237966
4,2176680.0,12,40,Empleado,1600000,800000,170797
4,2808000.0,6,34,Independiente,20000000,10000000,415638
4,1660500.0,18,50,Independiente,3000000,1500000,91795
4,2645760.0,18,35,Empleado,3398000,1100000,145740
4,3450000.0,12,41,Independiente,4000000,2000000,269808
4,1800000.0,12,26,Empleado,2800000,300000,141299
4,913080.0,6,37,Empleado,2000000,450000,135525
4,3017881.2,12,42,Empleado,6200000,2000000,236803
4,1435200.0,12,55,Independiente,4000000,1200000,112240
4,3209401.2,6,33,Empleado,15000000,3800000,476358
4,743760.0,6,39,Empleado,1800000,400000,110393
4,3305520.0,12,52,Empleado,14000000,6000000,259373
4,1200000.0,6,51,Empleado,2500000,300000,177907
4,2663640.0,24,32,Empleado,2700000,1500000,116444
4,6000000.0,12,33,Independiente,5000000,2000000,470800
4,1526400.0,12,43,Empleado,1300000,300000,119175
4,1251478.8,6,24,Empleado,5500000,500000,185752
4,830400.0,10,57,Empleado,1200000,500000,76796
4,1383480.0,12,62,Empleado,1200000,400000,108557
4,2146680.0,12,40,Empleado,11000000,4500000,168443
4,2373600.0,12,22,Empleado,1700000,600000,185861
4,480000.0,12,27,Empleado,1200000,600000,37664
4,3600000.0,36,36,Empleado,5000000,1200000,116527
4,2037120.0,24,38,Empleado,1600000,300000,89055
4,3600000.0,18,37,Empleado,8000000,1500000,198541
4,3552721.2,12,57,Independiente,4500000,2500000,278770
4,2791920.0,12,41,Empleado,2400000,600000,219073
4,3479760.0,18,69,Empleado,4180000,750000,192253
4,2893800.0,12,31,Independiente,2500000,700000,226594
9,808964.4,2,33,Independiente,4000000,2000000,318735
9,808964.4,3,37,Independiente,2500000,800000,214431
9,1501707.6,10,68,Empleado,6000000,0,127167
9,1084186.8,5,28,Independiente,4000000,1500000,175581
4,3535200.0,6,41,Independiente,5000000,2000000,524115
9,1084186.8,8,28,Independiente,3000000,1000000,112736
4,1934280.0,12,29,Empleado,2400000,1000000,151776
9,5582598.0,10,35,Independiente,4000000,1000000,472745
4,1272000.0,6,33,Empleado,1800000,1000000,188798
9,1342186.8,11,50,Independiente,3000000,1300000,104247
4,1542840.0,12,54,Empleado,1240000,300000,120810
4,481260.0,6,36,Empleado,3500000,700000,71350
4,527400.0,6,29,Empleado,2000000,700000,78277
9,506806.8,2,25,Independiente,3000000,900000,199684
4,2160000.0,10,40,Independiente,2000000,800000,199737
4,539880.0,12,35,Empleado,1200000,400000,42363
9,997320.0,11,50,Empleado,2500000,1200000,77461
4,866280.0,10,31,Independiente,1700000,600000,80077
4,1200000.0,10,48,Empleado,2400000,6500000,110926
4,647880.0,8,51,Empleado,1400000,30000,73483
4,3072000.0,12,45,Independiente,5500000,1000000,240548
9,1687795.2,10,48,Empleado,3000000,2000000,142926
4,1425816.0,24,61,Empleado,4700000,700000,62092
4,7820460.0,12,25,Empleado,3000000,500000,612369
9,1784658.0,7,64,Empleado,3200000,2500000,210192
4,2069880.0,12,43,Empleado,1500000,350000,162416
9,1653325.2,9,43,Independiente,2000000,1700000,154185
9,2243995.2,10,50,Independiente,3800000,1800000,190026
9,750708.0,2,41,Independiente,3000000,1000000,295782
9,1347326.4,10,48,Empleado,4500000,2000000,114094
4,1062840.0,6,69,Empleado,1600000,700000,157573
9,592920.0,9,59,Independiente,4500000,3000000,55294
9,1890050.4,11,37,Empleado,3100000,1450000,146799
9,3412588.8,11,37,Empleado,3100000,1250000,265054
4,1499641.2,6,49,Empleado,3050000,1500000,222577
4,4747980.0,18,41,Empleado,1200000,700000,260910
4,4099200.0,12,52,Independiente,4000000,1500000,320047
4,770280.0,8,31,Empleado,1500000,700000,87366
4,3326400.0,6,39,Empleado,7000000,2000000,493159
4,7548000.0,10,63,Independiente,45000000,25000000,697682
4,900000.0,8,31,Independiente,2000000,400000,101986
4,720000.0,6,49,Empleado,1400000,400000,106754
4,983880.0,10,24,Empleado,1300000,600000,90948
4,4175281.2,12,48,Empleado,2500000,500000,327620
4,2984520.0,6,48,Empleado,3500000,1100000,442066
4,2432280.0,18,31,Empleado,2200000,450000,134381
9,1842870.0,10,36,Empleado,1800000,600000,156058
4,1416000.0,12,39,Empleado,1890000,0,110739
9,1084186.8,5,59,Independiente,4000000,2000000,175581
9,2260556.4,11,55,Empleado,3100000,1500000,175576
4,480000.0,6,64,Empleado,2000000,580000,71242
4,1125360.0,6,32,Empleado,1500000,800000,167032
9,1084186.8,2,30,Independiente,5000000,2000000,427173
4,1800000.0,6,60,Empleado,4800000,1200000,266861
4,3286200.0,24,28,Empleado,1730000,160000,143108
4,1685880.0,24,61,Empleado,1800000,900000,73440
4,3516000.0,18,38,Empleado,2100000,550000,194255
4,2588160.0,6,40,Empleado,3000000,1000000,384150
4,3467640.0,8,57,Independiente,3500000,1200000,393302
4,1437480.0,18,31,Empleado,1100000,500000,79419
10,1800000.0,6,25,Empleado,2600000,200000,266886
9,750708.0,5,48,Independiente,5000000,2000000,121575
4,840000.0,12,28,Empleado,1900000,400000,65826
4,2928000.0,12,37,Empleado,2000000,600000,229735
4,1248000.0,12,49,Empleado,4000000,2000000,97739
4,1680000.0,6,28,Empleado,2500000,400000,249093
4,1319880.0,12,50,Empleado,3000000,1500000,103432
4,2233080.0,10,42,Independiente,4800000,2000000,206421
9,1516582.8,10,26,Empleado,2600000,900000,128427
4,2880000.0,6,59,Independiente,5000000,2500000,427466
4,1431300.0,24,58,Empleado,2300000,200000,62331
4,2373600.0,6,39,Independiente,10000000,3000000,351901
4,2662500.0,12,51,Independiente,8000000,4000000,208222
9,1675761.6,9,55,Independiente,2500000,1100000,156277
4,900000.0,12,48,Empleado,2400000,1000000,70649
4,3452257.2,6,68,Empleado,4000000,1500000,511819
9,1379983.2,10,32,Empleado,2500000,200000,116860
9,1129440.0,3,57,Independiente,4000000,2000000,299379
9,506806.8,8,46,Independiente,4000000,2000000,52699
9,3099156.0,10,30,Empleado,2000000,500000,262442
4,2644680.0,12,61,Empleado,2800000,550000,207519
4,938400.0,12,24,Empleado,2200000,800000,73480
9,4477488.0,10,33,Independiente,7000000,3000000,379162
9,1084186.8,5,66,Independiente,7000000,2000000,175581
4,11040000.0,6,52,Independiente,15000000,5000000,1635622
4,1496838.0,12,23,Empleado,1300000,400000,117501
4,952680.0,6,47,Empleado,4800000,1000000,141402
4,1200000.0,12,59,Empleado,1500000,300000,94160
4,1086420.0,8,54,Empleado,4500000,200000,122898
9,750708.0,5,38,Independiente,4000000,2000000,121575
4,2204100.0,12,39,Independiente,2000000,300000,172589
9,677718.0,10,68,Empleado,0,0,57390
4,4044360.0,36,27,Empleado,3000000,300000,130483
9,2431324.8,10,63,Empleado,4000000,2000000,205889
4,1070965.2,12,52,Empleado,1090000,550000,84070
4,600000.0,6,32,Independiente,1200000,250000,89076
4,1178280.0,18,31,Empleado,1150000,320000,65099
4,788098.7999999999,8,32,Empleado,3200000,1000000,89387
4,1319880.0,12,54,Independiente,5000000,1750000,103623
4,2328000.0,12,42,Independiente,16000000,12000000,182670
9,1129440.0,10,68,Empleado,1500000,0,95643
9,2227304.4,10,38,Empleado,4000000,2000000,188612
9,3067707.6,9,55,Independiente,4000000,2000000,289196
4,723600.0,10,34,Empleado,1600000,500000,66698
9,1714743.6,9,43,Independiente,3000000,1200000,159912
4,3116400.0,12,28,Empleado,3400000,1500000,244025
9,1696657.2,11,121,Empleado,500000000,100000000,131779
9,1774891.2,10,63,Independiente,3000000,1500000,150301
4,2373600.0,12,46,Empleado,5000000,1500000,185861
9,1834400.4,9,38,Empleado,2500000,1400000,171071
4,2162160.0,6,37,Empleado,1200000,250000,320583
9,1866878.4,10,38,Empleado,4350000,2500000,158091
4,2569200.0,24,49,Empleado,5000000,1500000,111884
4,4454400.0,24,27,Empleado,1400000,300000,194430
4,3528000.0,12,60,Independiente,9000000,6000000,275908
4,1533600.0,12,64,Empleado,2000000,500000,120386
4,3942000.0,30,26,Empleado,1700000,400000,145018
9,1621383.6,9,58,Empleado,2000000,0,151206
4,1361053.2,8,62,Independiente,6000000,3500000,154372
4,1860000.0,12,62,Empleado,3000000,2000000,145644
4,2696640.0,12,27,Empleado,1900000,800000,211156
4,3000000.0,6,29,Empleado,11000000,3000000,445379
4,2481000.0,18,47,Empleado,2500000,700000,137059
9,1897171.2,10,31,Empleado,15000000,5000000,160656
4,996000.0,6,59,Empleado,1350000,600000,147832
4,827880.0,12,60,Empleado,1200000,200000,64961
9,1658634.0,9,41,Empleado,2000000,1000000,156361
4,876000.0,12,53,Empleado,1100000,124000,68765
4,1860000.0,6,56,Empleado,2500000,1800000,275757
4,3537480.0,6,62,Empleado,4000000,2000000,523970
4,3634320.0,36,31,Empleado,4000000,600000,117254
4,1669560.0,12,46,Empleado,1391300,0,130732
9,1788348.0,9,51,Independiente,3000000,1100000,166777
4,4454400.0,12,55,Empleado,1200000,30000,349231
9,3076729.2,10,36,Empleado,2400000,1700000,260543
4,1919760.0,18,45,Empleado,4000000,1000000,106065
4,1395480.0,12,62,Empleado,2400000,1500000,109499
4,3788784.0,18,49,Empleado,2200000,800000,208703
9,1387762.8,9,43,Empleado,6000000,4000000,129419
9,1028154.0,9,38,Empleado,3000000,2000000,95883
9,382593.6,2,53,Empleado,5000000,3000000,150743
9,2320899.6,9,29,Empleado,1600000,1200000,216441
4,1644000.0,6,64,Independiente,2000000,1000000,243565
4,827880.0,12,29,Empleado,2120000,450000,64961
4,2678400.0,12,59,Empleado,4110000,1500000,210252
4,2525280.0,6,67,Empleado,4000000,2000000,374817
4,1672112.4,12,46,Independiente,2300000,690000,131260
4,798000.0,6,35,Empleado,2949000,800000,118308
4,717914.4,6,24,Empleado,1800000,400000,106581
4,2604000.0,24,34,Empleado,3700000,1200000,113837
4,3915000.0,12,24,Independiente,4000000,2000000,306174
4,5424000.0,36,25,Empleado,1700000,700000,174497
4,1200000.0,12,27,Empleado,1100000,400000,94199
4,602515.2,6,43,Empleado,4000000,500000,89327
4,6000000.0,6,27,Empleado,9000000,4000000,889619
4,977040.0,10,26,Independiente,1800000,900000,90348
4,1105920.0,18,48,Independiente,2000000,400000,60919
4,3073140.0,24,27,Empleado,2000000,700000,134346
4,1800000.0,6,27,Independiente,3500000,500000,267166
4,1044378.0,12,54,Empleado,2750000,825000,81676
4,1227480.0,12,34,Empleado,1300000,400000,96316
4,3600000.0,36,57,Independiente,3000000,600000,116400
4,1296000.0,12,43,Empleado,1100000,150000,101735
4,2679720.0,6,52,Empleado,7470000,2000000,397285
4,1269480.0,12,24,Empleado,1200000,400000,99612
4,1005600.0,12,55,Empleado,3000000,2000000,78643
4,2849280.0,12,45,Independiente,3000000,1100000,223146
4,1276680.0,6,58,Independiente,3700000,1500000,189492
4,1296000.0,6,56,Empleado,4500000,1800000,192008
4,1031760.0,6,54,Empleado,1800000,600000,153140
4,1542840.0,12,27,Empleado,1200000,400000,120810
4,3116400.0,12,22,Independiente,1500000,200000,244025
4,3097128.0,6,36,Independiente,3000000,280000,459366
4,1356000.0,18,43,Empleado,1275000,475000,74712
4,2568000.0,18,68,Empleado,3900000,1000000,141491
4,3180000.0,24,30,Empleado,1000000,200000,138526
4,4454400.0,24,26,Empleado,1500000,700000,194430
4,3223749.6,12,28,Independiente,4000000,2000000,252114
4,4454400.0,24,49,Empleado,6000000,700000,194430
4,2400000.0,12,40,Independiente,2500000,300000,188398
4,702000.0,12,28,Empleado,1588000,0,55106
4,1542840.0,12,36,Empleado,1500000,500000,120810
4,2539500.0,24,24,Empleado,1345700,400000,110591
4,1985520.0,6,55,Empleado,2000000,800000,294702
4,1873080.0,24,29,Empleado,3000000,0,81884
4,971280.0,12,40,Empleado,5000000,700000,76213
4,1635480.0,10,23,Independiente,1100000,300000,150934
4,1592160.0,12,24,Empleado,3600000,1100000,124692
4,6860400.0,12,58,Independiente,9000000,1500000,536519
4,1431360.0,12,41,Empleado,3500000,950000,112306
4,3859008.0,6,42,Empleado,4000000,1500000,572174
4,1068360.0,6,64,Independiente,3800000,300000,158406
4,1629241.2,12,29,Empleado,4000000,2000000,127832
4,1189952.4,6,32,Empleado,1400000,600000,176660
4,1515538.8,6,49,Empleado,4000000,800000,224709
4,2848800.0,12,48,Empleado,2000000,700000,223108
4,1335240.0,6,44,Empleado,2800000,800000,198184
4,3600000.0,24,27,Empleado,1500000,650000,157358
4,1087800.0,12,55,Empleado,2000000,700000,85356
4,2088000.0,12,63,Empleado,1000000,300000,163525
4,4080000.0,36,51,Empleado,4000000,850000,131920
4,1665360.0,6,42,Empleado,3200000,1400000,247173
4,4659840.0,24,33,Empleado,5000000,2000000,202991
4,2696640.0,12,37,Empleado,2400000,980000,211191
4,1214400.0,6,24,Empleado,3500000,2100000,180120
10,4904454.0,12,53,Empleado,1500000,800000,384100
4,3600000.0,12,25,Empleado,1700000,350000,282635
4,1451520.0,6,57,Empleado,1200000,600000,215443
4,777600.0,24,38,Empleado,1500000,400000,34028
4,7026804.0,6,51,Independiente,5000000,2200000,1041159
4,1296000.0,12,27,Empleado,1650000,300000,101735
4,1657731.6,12,27,Empleado,2000000,800000,129668
4,2079600.0,12,34,Empleado,1000000,200000,163269
4,533055.6,10,56,Independiente,1500000,280000,49298
4,1197240.0,8,25,Empleado,1250000,300000,135785
4,1080000.0,12,25,Empleado,1750000,204000,84790
4,1869600.0,12,29,Independiente,3000000,200000,146421
4,1889520.0,12,51,Empleado,1300000,650000,148326
4,1185360.0,12,60,Independiente,1900000,300000,93011
4,1800000.0,6,26,Empleado,10000000,3000000,267227
4,1764000.0,8,34,Empleado,1700000,700000,199892
4,1923600.0,6,42,Empleado,4000000,600000,284923
4,4800000.0,12,48,Empleado,5000000,1500000,376846
4,2811361.2,12,47,Empleado,5000000,3000000,220583
4,647640.0,6,38,Empleado,1500000,590000,96123
4,1440000.0,12,59,Independiente,3500000,1500000,112845
4,1247760.0,12,50,Independiente,3000000,1200000,97901
4,1621080.0,8,35,Empleado,2300000,400000,183864
4,2819400.0,12,56,Empleado,3300000,0,220806
4,480000.0,6,47,Empleado,2000000,500000,71261
4,720000.0,12,33,Empleado,3241000,900000,56527
4,4200000.0,12,60,Empleado,3000000,1000000,329560
4,606000.0,8,37,Independiente,1300000,400000,68759
4,2340960.0,24,34,Empleado,1700000,200000,102325
4,2400000.0,24,22,Empleado,1200000,500000,104919
4,1401481.2,6,29,Empleado,2000000,700000,208016
4,1973880.0,12,42,Empleado,2900000,1400000,154884
4,1182840.0,12,38,Empleado,1000000,200000,92636
4,2544000.0,8,34,Empleado,2000000,600000,288155
4,3711600.0,6,28,Empleado,6200000,900000,550504
4,868800.0,10,37,Empleado,1400000,700000,80179
4,6443401.2,36,25,Empleado,2300000,400000,208300
4,1991082.0,18,54,Empleado,1500000,0,110091
4,554400.0,6,46,Empleado,4500000,600000,82312
4,1583880.0,10,32,Independiente,5000000,3000000,146402
4,1440000.0,24,28,Empleado,2400000,1000000,62800
9,2414400.0,10,121,Empleado,271145000,19632000,204456
9,1713195.6,10,43,Empleado,4500000,1500000,145077
4,719880.0,12,27,Empleado,1400000,400000,56487
9,2777064.0,10,26,Empleado,7000000,5000000,235167
4,3060000.0,12,35,Empleado,1900000,300000,239649
4,1655760.0,6,41,Independiente,15000000,3000000,245757
9,2995743.6,9,23,Empleado,6500000,3000000,279375
4,1200000.0,8,31,Empleado,2500000,1800000,136105
4,1295880.0,12,40,Empleado,1500000,300000,101676
9,1446820.8,10,39,Independiente,3000000,2000000,122519
4,2640000.0,10,26,Empleado,1400000,300000,244022
4,1348800.0,12,62,Independiente,3800000,2150000,105829
4,1883638.8,12,29,Empleado,1800000,500000,147803
4,995540.4,12,51,Empleado,1200000,500000,78015
4,3600000.0,36,42,Empleado,2500000,1000000,116567
4,5151480.0,36,46,Empleado,7300000,3300000,166804
4,720720.0,12,46,Empleado,1600000,700000,56444
4,2331600.0,12,59,Empleado,1700000,1000000,182603
9,2800693.2,11,44,Independiente,5000000,4000000,217529
4,3283980.0,6,45,Empleado,13000000,7000000,486421
9,2446921.2,10,36,Empleado,4000000,2000000,207210
4,2460960.0,24,32,Empleado,2200000,650000,107584
9,1619352.0,11,30,Empleado,3000000,800000,125774
9,2037607.2,10,32,Independiente,2500000,1000000,171644
4,588000.0,12,48,Empleado,1854000,800000,46164
4,2063880.0,24,35,Empleado,2000000,500000,90225
4,1680000.0,6,27,Empleado,1200000,300000,249093
9,1531060.8,10,52,Empleado,4800000,2700000,129653
9,5455089.6,9,121,Empleado,398281000,352406000,508727
9,886176.0,10,41,Empleado,1500000,500000,75043
9,3204284.4,10,63,Empleado,7000000,1000000,271345
9,6529003.2,9,57,Empleado,0,430000,608877
4,409200.0,6,31,Empleado,1815000,550000,60750
4,563640.0,12,59,Empleado,2000000,500000,44227
4,1378320.0,6,29,Independiente,3000000,600000,204578
9,2640321.6,10,42,Empleado,1500000,500000,223587
9,1645366.8,10,54,Empleado,2000000,1500000,139333
9,1479499.2,4,37,Independiente,2500000,1500000,300032
4,2244000.0,12,32,Empleado,2167000,200000,176067
9,3415723.2,10,40,Empleado,3000000,1600000,289250
4,1530000.0,12,61,Empleado,2000000,5000000,119898
4,1729082.4,12,54,Empleado,3200000,1200000,135675
4,3132000.0,12,43,Independiente,3000000,1000000,245757
9,1978664.4,10,33,Empleado,1350000,700000,167557
9,1308276.0,9,36,Empleado,3500000,1200000,122006
4,5400000.0,12,50,Independiente,2500000,1000000,422308
9,506806.8,2,46,Independiente,5000000,2000000,199684
9,3498316.8,11,121,Empleado,9164760,6784510,271713
4,3600000.0,36,28,Empleado,1700000,500000,116527
4,792000.0,6,38,Independiente,8000000,1000000,117338
9,1370716.8,2,30,Independiente,5000000,2000000,540067
4,1505940.0,6,37,Independiente,4000000,1500000,223520
9,2073067.2,10,46,Empleado,1500000,400000,175551
9,808964.4,5,59,Independiente,4000000,2000000,131010
4,1200000.0,6,34,Empleado,3500000,1000000,178111
4,1972560.0,10,45,Independiente,2000000,800000,182329
4,3297060.0,12,48,Empleado,1500000,300000,258214
4,2646600.0,36,30,Empleado,1800000,720000,85558
4,637140.0,6,45,Empleado,2000000,500000,94469
4,2315520.0,12,35,Independiente,2000000,700000,181691
9,931166.4,9,54,Independiente,5000000,2500000,86838
4,3120000.0,12,47,Independiente,2200000,600000,244000
4,2448000.0,12,37,Empleado,1400000,158000,192166
4,1224470.4,6,53,Empleado,1000000,100000,181784
4,2634960.0,18,45,Empleado,1900000,550000,145579
4,1451221.2,8,26,Empleado,1600000,250000,164165
4,1656000.0,6,54,Independiente,8000000,4000000,245343
4,3288721.2,12,30,Empleado,7500000,5000000,258055
4,717914.4,10,48,Independiente,2000000,750000,66386
4,2119078.8,24,50,Empleado,1300000,0,92638
9,750708.0,8,52,Independiente,4000000,2000000,78060
4,539400.0,8,21,Independiente,1200000,300000,61179
4,1559880.0,12,28,Empleado,1200000,350000,122449
4,3600000.0,12,35,Independiente,3500000,1300000,282597
4,3405600.0,10,39,Independiente,2600000,700000,314807
4,1491702.0,12,51,Independiente,1100000,330000,117049
4,8274999.6,12,33,Independiente,3500000,1200000,647149
4,1319880.0,12,39,Independiente,1800000,400000,103432
4,564000.0,8,26,Independiente,1000000,200000,63988
9,2332394.4,10,47,Empleado,0,0,197512
4,1875360.0,12,51,Empleado,3000000,0,147234
4,1680000.0,12,34,Independiente,1500000,700000,131572
4,1452000.0,18,42,Empleado,1700000,600000,80269
4,698400.0,6,28,Empleado,1700000,750000,103684
4,4061280.0,12,27,Empleado,1500000,800000,318675
4,1295880.0,12,32,Empleado,2000000,600000,101683
4,4454400.0,18,31,Empleado,3500000,500000,245808
4,1565880.0,6,28,Empleado,3900000,1000000,232417
4,1345080.0,12,30,Empleado,2000000,1000000,105544
4,2295600.0,12,30,Empleado,2000000,400000,179894
9,3383991.6,11,36,Empleado,4150000,1500000,261405
9,4162051.2,9,61,Independiente,3000000,3000000,388142
9,2589048.0,10,23,Empleado,1500000,400000,219245
4,2037600.0,12,57,Empleado,2400000,500000,159950
9,3625078.8,9,49,Empleado,4000000,2000000,338065
4,2078400.0,18,55,Independiente,2000000,600000,114898
9,1902867.6,10,36,Independiente,3000000,1500000,161138
4,2153760.0,12,32,Empleado,1187000,200000,168987
9,2672316.0,10,61,Independiente,3000000,1500000,226297
9,4161981.6,10,35,Independiente,3000000,1500000,352444
4,1406938.8,12,58,Empleado,2000000,1300000,110254
4,2033880.0,6,31,Empleado,2200000,600000,301880
4,1712280.0,6,44,Empleado,2000000,800000,254146
4,600000.0,6,44,Independiente,2500000,980000,89055
4,1740000.0,12,30,Empleado,1400000,800000,136271
9,3201871.2,9,55,Independiente,6000000,2400000,298598
4,1473358.8,10,41,Empleado,2500000,600000,136194
9,1370716.8,5,48,Independiente,4000000,2000000,221984
4,4665120.0,12,56,Independiente,6000000,2800000,366031
9,5117095.2,10,39,Empleado,14811166,10453750,433325
9,1630268.4,11,46,Empleado,2062000,1000000,137869
9,2388523.2,11,51,Independiente,5000000,2000000,185515
4,1439760.0,6,25,Empleado,1100000,500000,213698
9,608062.7999999999,10,29,Independiente,2500000,1100000,51492
4,636000.0,8,40,Empleado,3000000,120000,71967
9,579206.4,2,28,Independiente,5000000,2000000,228209
9,2763254.4,9,41,Independiente,7340000,3457000,257694
4,478800.0,6,34,Empleado,1400000,600000,71082
9,1084186.8,2,56,Independiente,4000000,2000000,427173
4,2962020.0,6,55,Empleado,12000000,2000000,439439
10,4410240.0,10,47,Independiente,1750000,400000,407674
4,1559880.0,12,36,Independiente,5000000,2000000,122449
4,2645760.0,12,24,Empleado,2200000,600000,206824
4,2793312.0,12,39,Empleado,1800000,700000,218762
4,1559880.0,24,25,Empleado,1300000,150000,68192
4,1656000.0,12,30,Independiente,1000000,170000,129995
9,3073137.6,10,20,Empleado,2000000,600000,260239
9,897240.0,7,57,Independiente,5000000,3000000,105674
9,2259052.8,10,30,Empleado,5200000,2000000,191301
9,1784714.4,10,37,Empleado,2100000,300000,151133
9,2027227.2,9,64,Empleado,2200000,1000000,189054
4,1643640.0,12,60,Empleado,2000000,480000,128971
4,480000.0,6,40,Independiente,1000000,250000,71242
9,2661640.8,10,44,Independiente,2500000,1200000,225393
4,1281168.0,12,44,Empleado,1300000,700000,100571
4,3499999.2,12,56,Empleado,5000000,4000000,273718
4,2220000.0,8,44,Empleado,1800000,400000,251456
4,1795500.0,12,46,Empleado,1400000,700000,140945
4,1416000.0,12,36,Empleado,1600000,600000,110896
4,2412000.0,10,54,Empleado,1200000,300000,223039
9,4149488.4,11,54,Empleado,8217625,4110000,350914
4,2488800.0,24,37,Empleado,1950000,300000,108416
9,1062100.8,10,32,Empleado,2000000,1400000,89941
4,1440000.0,12,36,Empleado,1200000,400000,112776
4,3180752.4,36,52,Empleado,3200000,200000,102957
4,1733880.0,10,37,Empleado,2880000,500000,160276
4,1559880.0,6,39,Empleado,4000000,1000000,231579
10,1069800.0,12,54,Independiente,4000000,100000,83938
4,638400.0,12,45,Independiente,1200000,100000,50121
4,2069232.0,24,29,Empleado,1800000,300000,90528
4,6801600.0,8,35,Independiente,5000000,1500000,768744
4,6724800.0,8,48,Independiente,10000000,1500000,760063
4,2016000.0,6,45,Independiente,9000000,4000000,299215
4,3600000.0,36,32,Empleado,2000000,500000,116400
4,1332000.0,6,50,Independiente,3000000,1000000,197763
9,2862009.6,11,122,Empleado,586830730,96433111,242035
4,1722000.0,6,36,Independiente,10000000,5000000,255589
4,2112000.0,10,37,Independiente,5000000,1500000,194911
4,2039880.0,6,24,Empleado,2800000,600000,302555
4,1752000.0,6,50,Independiente,10000000,5000000,260042
4,2540280.0,12,27,Empleado,1500000,400000,199314
4,2100000.0,8,26,Empleado,1200000,300000,237864
4,4113600.0,6,46,Independiente,12000000,3500000,610564
4,7280400.0,36,61,Empleado,2500000,250000,235738
4,5556600.0,18,44,Independiente,5500000,3000000,306155
9,2311030.8,11,42,Independiente,0,2000000,195440
4,3738492.0,24,50,Independiente,1100000,100000,163041
4,455640.0,8,30,Independiente,1200000,780000,51679
4,3600000.0,12,26,Empleado,1200000,500000,282461
4,1546800.0,12,60,Empleado,1200000,400000,121372
4,2568000.0,24,22,Empleado,2000000,600000,112377
4,622214.4,6,35,Independiente,3000000,400000,92374
4,541200.0,6,29,Empleado,1200000,300000,80346
4,1492440.0,10,30,Independiente,1500000,400000,137958
4,1597724.4,18,59,Empleado,2400000,800000,88325
4,1729080.0,12,31,Independiente,1100000,250000,135675
4,6482984.399999999,18,31,Empleado,10000000,1000000,358143
4,4676400.0,6,29,Empleado,4000000,1000000,694072
4,809760.0,12,39,Empleado,1500000,200000,63539
10,1660800.0,12,58,Empleado,2200000,1100000,130309
10,3343200.0,12,51,Empleado,3500000,1000000,262330
4,4454400.0,36,45,Empleado,2900000,1000000,143712
4,1440000.0,12,22,Empleado,1170000,600000,112776
9,2761737.6,11,49,Independiente,4500000,2100000,233555
4,4454400.0,10,48,Empleado,4500000,900000,411464
4,1763640.0,24,27,Independiente,2000000,500000,77090
4,1680000.0,6,29,Independiente,1200000,300000,249355
4,4980000.0,8,23,Empleado,6300000,1000000,564077
4,1594320.0,12,41,Empleado,1500000,800000,124862
4,1729200.0,6,36,Independiente,4200000,270000,256648
4,1314000.0,12,64,Empleado,2500000,1500000,103162
4,1276800.0,10,28,Empleado,1300000,500000,118080
4,1763760.0,24,28,Empleado,1600000,600000,77105
4,780000.0,12,50,Independiente,1500000,300000,61229
4,5400000.0,18,33,Empleado,1200000,400000,298344
4,1212000.0,12,41,Empleado,4000000,1300000,95141
4,4080000.0,6,58,Independiente,4000000,1500000,603919
4,1620000.0,12,69,Empleado,1500000,300000,127116
4,3600000.0,24,44,Independiente,4000000,1200000,157499
4,3426804.0,12,45,Empleado,8000000,4000000,267994
4,1860046.8,18,37,Empleado,1750000,120000,102827
4,813480.0,6,39,Empleado,2450000,450000,120741
4,1296600.0,6,39,Empleado,3500000,1000000,192449
4,1548000.0,12,58,Empleado,2328000,850000,121517
4,4086720.0,12,39,Independiente,4500000,2000000,320671
4,1200000.0,6,36,Independiente,2000000,800000,178152
4,1638000.0,12,53,Empleado,3000000,800000,128361
4,3300000.0,24,29,Empleado,4500000,3000000,143754
4,1383481.2,6,22,Empleado,1900000,350000,205337
4,1320000.0,12,31,Independiente,3500000,1000000,103619
4,1416000.0,12,60,Empleado,2000000,600000,111155
4,1698000.0,6,34,Empleado,3000000,1000000,252084
4,6683520.0,24,35,Empleado,4500000,2500000,292178
4,2561640.0,18,43,Independiente,1200000,400000,141528
4,564000.0,8,29,Empleado,1863000,600000,63988
4,4747796.399999999,36,36,Independiente,3000000,0,153680
4,3526680.0,12,40,Empleado,3500000,1500000,276727
4,3594000.0,10,33,Independiente,12000000,5000000,331333
4,882000.0,6,41,Independiente,3000000,1500000,130907
4,2969520.0,12,61,Independiente,4000000,1500000,232992
4,957480.0,12,38,Empleado,1450000,400000,75161
4,1800000.0,10,65,Independiente,4000000,2000000,165916
4,360000.0,6,35,Empleado,1100000,350000,53445
4,1800000.0,12,58,Independiente,3500000,500000,141240
4,1477080.0,6,50,Independiente,3500000,1400000,219237
4,2277600.0,12,56,Empleado,3700000,800000,178790
4,1476000.0,6,34,Empleado,3000000,300000,219076
4,1559880.0,12,41,Empleado,7000000,2000000,122449
4,916320.0,8,24,Empleado,1500000,500000,103930
4,1380000.0,10,67,Independiente,3200000,1500000,127610
4,839880.0,12,39,Empleado,1200000,300000,65930
4,2190720.0,18,37,Independiente,8000000,1000000,121035
4,5316000.0,12,29,Empleado,5000000,500000,416331
4,1850280.0,12,24,Empleado,1200000,400000,145185
4,1056000.0,6,30,Empleado,2200000,450000,156738
4,1755600.0,12,69,Independiente,4000000,1000000,137756
4,1313400.0,10,29,Empleado,2200000,700000,121408
4,2563078.8,12,23,Empleado,1600000,300000,201102
4,3282841.2,6,42,Empleado,4813000,1700000,487258
4,1560000.0,12,54,Independiente,4000000,300000,122408
4,3600000.0,10,40,Empleado,4000000,1900000,332895
4,2640000.0,36,35,Empleado,2000000,600000,84932
4,3216000.0,36,26,Independiente,2800000,1500000,104097
4,2775480.0,6,50,Empleado,2800000,500000,411953
9,2339536.8,10,36,Empleado,1918000,750000,198116
9,767424.0,9,36,Empleado,3000000,1000000,71568
9,878880.0,2,64,Independiente,5000000,2000000,346282
9,1269000.0,8,38,Independiente,4000000,1000000,131953
9,1047584.4,9,40,Empleado,2500000,1300000,97695
9,2204299.2,9,59,Independiente,5500000,3000000,205567
9,2053628.4,10,32,Empleado,3000000,2000000,173905
9,1676880.0,10,65,Independiente,3300000,1200000,142001
4,2355360.0,12,31,Empleado,1100000,400000,184805
4,2606280.0,6,30,Empleado,2200000,800000,386839
4,4128000.0,6,36,Independiente,10000000,3000000,611644
4,575520.0,6,50,Empleado,3000000,2000000,85422
4,2173500.0,10,26,Independiente,2000000,500000,200587
9,1269000.0,5,47,Independiente,4000000,2000000,205511
4,1410000.0,12,50,Independiente,1400000,300000,110684
4,1668000.0,18,29,Empleado,3000000,850000,92155
9,1619106.0,10,56,Independiente,6000000,4000000,137109
9,1683277.2,9,45,Independiente,4000000,2000000,158912
4,2724720.0,12,35,Independiente,1000000,0,213785
4,658800.0,12,66,Independiente,900000,150000,51694
9,4156707.6,11,36,Independiente,7000000,2500000,323403
4,2976958.8,12,54,Empleado,6000000,2600000,233592
4,1943761.2,6,41,Empleado,1500000,700000,288504
9,5964454.8,10,38,Independiente,9000000,6830000,505877
9,1185660.0,3,24,Independiente,4000000,2000000,314466
4,1980000.0,18,26,Empleado,2000000,500000,109093
4,2004962.4,12,53,Independiente,2000000,1000000,157323
4,1451880.0,12,39,Empleado,2000000,700000,113924
4,527880.0,6,28,Empleado,2900000,1500000,78351
4,5230200.0,12,42,Independiente,5000000,1000000,410396
9,1859480.4,2,55,Independiente,3000000,1800000,732964
4,2835600.0,12,32,Empleado,1200000,500000,221391
4,2792280.0,12,45,Independiente,4000000,1900000,219101
4,1380000.0,8,43,Empleado,1200000,500000,156520
9,1192914.0,9,65,Empleado,3800000,2000000,111408
4,2600850.0,24,35,Empleado,4200000,1500000,113786
9,957621.6,9,33,Empleado,3000000,1000000,89434
4,1680000.0,6,50,Independiente,2500000,400000,249093
4,1459508.4,12,31,Independiente,1000000,300000,114141
4,552000.0,6,41,Empleado,1700000,200000,81845
9,1887316.8,10,42,Empleado,2800000,1000000,160073
9,3535804.8,10,58,Empleado,9000000,3500000,299891
9,1932445.2,10,44,Independiente,3500000,2000000,163901
9,1892083.2,10,34,Empleado,3000000,1300000,160478
9,878880.0,5,35,Independiente,5000000,2000000,142457
4,2292000.0,12,30,Empleado,2500000,500000,179501
4,8928000.0,8,43,Independiente,12000000,7000000,1012619
9,853201.2,10,40,Independiente,1500000,500000,72365
4,1295076.0,18,51,Empleado,1800000,300000,71594
4,2553600.0,12,52,Empleado,6500000,1000000,199705
4,1065480.0,12,52,Independiente,2000000,450000,83605
4,1691520.0,12,53,Empleado,3800000,2000000,132728
4,3492840.0,6,30,Independiente,9000000,2000000,518428
4,1392000.0,12,58,Empleado,1500000,400000,109271
4,2400000.0,12,39,Empleado,1500000,0,188320
4,2395080.0,12,41,Independiente,5000000,2000000,187934
9,821208.0,5,59,Independiente,5000000,4000000,133109
9,2253090.0,11,33,Empleado,1500000,700000,175296
9,878880.0,5,57,Independiente,2000000,1500000,142457
4,2233080.0,6,64,Empleado,1800000,400000,331447
4,718800.0,10,56,Empleado,2200000,1500000,66468
4,2864280.0,12,40,Empleado,1350000,354000,224750
9,1628084.4,10,31,Empleado,4000000,2500000,138087
4,2136000.0,12,35,Independiente,6000000,2000000,167674
4,1594680.0,12,45,Independiente,6000000,1000000,125129
4,4228440.0,12,44,Empleado,11000000,850000,331791
4,2135917.2,6,49,Empleado,1800000,600000,317025
4,2808000.0,6,65,Independiente,2000000,400000,416780
4,4454400.0,36,42,Independiente,3000000,200000,143712
9,1606172.4,9,40,Empleado,4600000,2000000,150003
9,1036588.8,9,49,Independiente,3400000,1400000,96808
9,2300781.6,9,44,Independiente,5000000,4500000,214873
4,1574400.0,10,54,Independiente,3000000,1000000,145145
4,3835051.2,6,54,Independiente,10000000,2000000,568238
10,3678480.0,24,58,Empleado,1200000,200000,160809
9,2170785.6,10,62,Empleado,4000000,1500000,184116
9,4884972.0,10,41,Independiente,3000000,2000000,414321
4,744000.0,6,61,Empleado,1700000,950000,110227
9,1604481.6,5,50,Independiente,4000000,2000000,260068
9,1381728.0,11,53,Independiente,4000000,3000000,116850
4,1096680.0,10,41,Empleado,2200000,500000,101375
9,2311009.2,10,122,Empleado,6698000,6000000,211937
9,2476333.2,9,34,Empleado,3255555,1455555,231268
9,5096528.399999999,10,122,Empleado,3278000,3200000,467390
4,2445480.0,12,48,Empleado,15000000,5000000,191876
4,1480800.0,10,43,Independiente,3800000,1500000,136874
4,2909880.0,6,36,Empleado,2000000,600000,431447
4,2485080.0,6,26,Empleado,2000000,800000,368836
4,1359480.0,6,66,Empleado,10000000,3000000,201782
4,2088000.0,6,29,Empleado,3900000,2000000,309984
4,3460602.0,12,38,Empleado,1200000,360000,271655
4,3042357.6,6,32,Independiente,5000000,2000000,450738
4,4680000.0,6,40,Empleado,3000000,1500000,693362
9,2237943.6,11,64,Empleado,3000000,2000000,174118
9,1654592.4,9,58,Empleado,2500000,1200000,154525
4,3835200.0,10,41,Independiente,6000000,1800000,354518
4,2894845.2,6,55,Independiente,6000000,2500000,428928
10,973200.0,12,59,Independiente,1200000,200000,76364
9,2168475.6,9,54,Empleado,4000000,1000000,202517
4,3317520.0,12,66,Empleado,4900000,1500000,260315
10,7203480.0,36,41,Independiente,3000000,500000,232871
4,4454400.0,6,40,Empleado,6500000,2300000,660846
4,1790281.2,12,27,Independiente,3000000,500000,140468
9,5536106.399999999,9,45,Independiente,6000000,3000000,517024
9,2457858.0,11,29,Empleado,2800000,1500000,191228
4,839880.0,12,33,Empleado,4000000,1000000,65930
9,1880055.6,10,49,Independiente,3000000,1200000,159458
4,1280280.0,12,56,Empleado,1300000,300000,100459
9,5358884.399999999,9,32,Empleado,8000000,2500000,500473
4,1527480.0,12,24,Empleado,2200000,400000,119856
4,1381890.0,12,58,Independiente,1200000,300000,108477
4,1295760.0,18,40,Empleado,2000000,1000000,71589
4,1475880.0,12,45,Empleado,3400000,0,115807
4,1531080.0,12,57,Empleado,3000000,1500000,120131
9,2403688.8,10,51,Empleado,3000000,0,203870
9,3292321.2,11,42,Empleado,12000000,4000000,256151
9,2801404.8,10,62,Empleado,2000000,800000,237602
4,1399200.0,24,67,Empleado,2500000,800000,61229
7,3692160.0,10,42,Independiente,8000000,2500000,341296
4,764450.4,6,36,Independiente,2500000,0,113490
4,3441709.2,12,53,Empleado,4800000,1200000,270171
9,2144097.6,10,36,Empleado,3000000,1000000,181852
10,1068000.0,12,46,Independiente,3200000,800000,83797
9,1185660.0,2,44,Independiente,5000000,2000000,467360
4,966000.0,12,53,Empleado,2850000,700000,75830
9,4121079.6,11,40,Empleado,6000000,2500000,320631
4,3096000.0,6,61,Independiente,12000000,4500000,458685
4,3342840.0,12,31,Empleado,2000000,450000,262301
9,4373607.6,9,122,Empleado,31385271,2605525,406505
4,552000.0,8,57,Empleado,1330000,500000,62626
4,7818556.8,6,35,Independiente,15000000,6000000,1158472
9,3848116.8,11,39,Independiente,4000000,2000000,299394
4,1880827.2,6,56,Independiente,6000000,2000000,279163
4,2480160.0,6,34,Independiente,3500000,800000,368120
4,904680.0,6,41,Empleado,1500000,600000,134278
4,4454400.0,36,64,Empleado,2100000,600000,143712
4,3600000.0,6,64,Empleado,2237000,600000,534455
9,1314957.6,9,64,Empleado,2700000,1300000,122806
4,1200000.0,10,44,Empleado,1400000,400000,110977
4,1169760.0,6,46,Empleado,2500000,1000000,173623
4,790256.4,6,37,Empleado,1100000,500000,117321
4,2079120.0,8,40,Independiente,6500000,3000000,235815
4,624000.0,12,44,Empleado,2000000,1400000,48984
4,803880.0,8,21,Empleado,1300000,400000,91203
4,1553880.0,12,47,Independiente,2500000,1400000,121928
9,2728324.8,11,31,Empleado,2800000,700000,212271
4,493414.8,10,46,Empleado,1600000,150000,45626
9,1788778.8,9,39,Empleado,4700000,2200000,167056
9,1918309.2,10,30,Empleado,2000000,1000000,162702
4,1753080.0,12,22,Empleado,1000000,200000,137558
4,2544000.0,12,27,Empleado,2100000,1000000,199702
9,3104438.4,10,44,Independiente,4000000,1200000,263304
4,1359480.0,6,52,Independiente,4000000,800000,201782
4,6637425.6,6,39,Independiente,6000000,2000000,985165
9,3396890.4,10,35,Independiente,3650000,2750000,288108
4,3697080.0,12,54,Independiente,3500000,900000,290078
4,3935520.0,12,28,Empleado,2500000,1000000,308807
4,3484800.0,12,50,Independiente,6000000,5000000,272530
9,1245224.4,10,23,Empleado,1400000,700000,105614
4,1674000.0,12,30,Independiente,2000000,700000,131408
4,813480.0,12,61,Empleado,3000000,700000,63831
4,1435200.0,12,52,Empleado,2400000,400000,112240
4,2496000.0,6,45,Independiente,8000000,4000000,369456
9,1269000.0,5,50,Independiente,4000000,2000000,205691
4,438229.2,6,34,Empleado,1250000,630000,65059
9,737642.4,9,61,Empleado,1100000,700000,68889
4,3022200.0,8,64,Empleado,1800000,1100000,342911
4,480000.0,6,28,Independiente,1400000,300000,71261
4,3600000.0,6,27,Empleado,15000000,2000000,533952
4,907200.0,12,44,Independiente,1900000,300000,71214
4,1416000.0,12,55,Independiente,1800000,300000,111155
4,1611240.0,12,26,Independiente,2500000,1000000,126420
4,1700281.2,6,31,Empleado,4000000,400000,252366
4,3737499.6,12,33,Independiente,1400000,200000,292292
4,3600000.0,12,60,Independiente,5000000,1300000,281539
4,1450560.0,12,63,Empleado,2624000,800000,113821
4,1560000.0,12,26,Independiente,2500000,900000,122459
10,5875800.0,36,39,Empleado,4600000,800000,189951
4,1879200.0,6,56,Independiente,2000000,500000,278911
4,1401600.0,12,27,Independiente,2500000,100000,110024
4,4973194.8,6,55,Independiente,8000000,1500000,736876
9,2619292.8,3,53,Empleado,1765000,650000,694699
4,2988000.0,12,32,Empleado,3000000,500000,233677
4,2280000.0,12,54,Empleado,3500000,300000,178978
4,1490040.0,12,44,Empleado,1800000,500000,116910
4,1298400.0,12,23,Empleado,2500000,500000,101937
4,3572040.0,12,42,Independiente,4000000,1000000,280267
10,618720.0,10,44,Independiente,1500000,500000,57193
4,876000.0,12,41,Empleado,1340000,600000,68765
4,1345080.0,10,53,Independiente,1300000,500000,124337
4,600000.0,6,40,Independiente,2900000,900000,88962
4,718800.0,8,33,Empleado,1500000,700000,81550
4,1824000.0,6,57,Independiente,4000000,600000,270790
4,4939200.0,8,36,Empleado,4000000,1800000,558898
4,2708038.8,36,51,Empleado,3000000,1000000,87544
4,3648000.0,6,47,Independiente,10000000,3000000,540466
4,1459800.0,12,38,Independiente,5000000,2000000,113975
4,1427640.0,12,39,Empleado,5300000,600000,112022
4,3602160.0,12,27,Empleado,2500000,700000,282649
4,3076800.0,6,34,Independiente,7000000,4000000,455888
4,3270720.0,18,37,Empleado,5500000,2500000,180686
4,2016000.0,6,43,Empleado,4500000,1200000,298679
4,974280.0,8,47,Empleado,1800000,450000,110503
10,5420760.0,24,52,Independiente,3500000,500000,236945
4,3017880.0,12,30,Empleado,2800000,600000,236787
4,1952400.0,18,31,Empleado,2400000,700000,107953
4,720000.0,6,58,Empleado,1600000,400000,106867
4,4200000.0,6,57,Empleado,3600000,500000,623388
4,5112000.0,36,47,Empleado,3200000,0,165288
4,4320000.0,6,52,Independiente,15000000,10000000,640026
4,3598800.0,10,40,Empleado,5000000,2000000,331776
4,1692418.8,12,57,Empleado,4000000,1000000,132854
4,1228800.0,24,58,Empleado,2000000,1200000,53718
4,3600000.0,6,44,Independiente,7000000,4000000,533355
4,1491702.0,12,56,Independiente,1200000,650000,117049
4,1235880.0,6,59,Independiente,2500000,1000000,183436
4,1167993.6,12,50,Empleado,1000000,200000,91649
4,2880000.0,12,50,Empleado,4500000,2800000,226108
4,2250000.0,6,54,Independiente,2000000,500000,334034
4,1619880.0,6,27,Empleado,2100000,300000,240432
4,1200000.0,12,51,Empleado,4000000,1500000,94160
4,1259880.0,6,40,Empleado,1000000,350000,186999
4,896280.0,12,44,Independiente,2000000,300000,70323
4,1960020.0,12,35,Empleado,2000000,300000,153796
4,1908000.0,8,52,Empleado,1400000,500000,216470
4,1799880.0,18,30,Empleado,3000000,100000,99519
4,1808280.0,10,49,Empleado,2500000,600000,167154
4,900000.0,12,44,Independiente,1200000,500000,70649
4,1680000.0,12,67,Empleado,3000000,1500000,131879
4,952800.0,12,54,Empleado,1200000,800000,74794
4,784264.7999999999,6,31,Empleado,1300000,350000,116405
4,2833920.0,12,41,Empleado,2000000,400000,222368
4,1008000.0,12,61,Empleado,2200000,1000000,79094
4,4742400.0,12,30,Empleado,6000000,500000,370881
4,2477400.0,8,61,Empleado,1000000,410000,280988
4,3600000.0,18,57,Empleado,1200000,400000,199015
4,1052400.0,12,44,Independiente,1600000,800000,82613
4,1967881.2,12,29,Empleado,1544000,500000,154413
4,1559880.0,12,63,Empleado,2500000,450000,122449
4,1137240.0,6,40,Empleado,1800000,400000,168796
4,1115761.2,12,28,Empleado,2000000,650000,87550
4,3634320.0,6,49,Empleado,2900000,600000,539180
10,3205560.0,6,31,Empleado,1800000,200000,475770
4,14400000.0,6,51,Independiente,5000000,2500000,2137252
4,3948000.0,6,45,Independiente,15000000,7500000,585963
4,1800000.0,6,59,Empleado,2000000,1000000,267156
4,3818880.0,12,45,Independiente,3500000,2000000,298529
4,2669880.0,12,51,Empleado,2500000,1300000,209496
4,3111600.0,24,33,Independiente,3800000,1700000,136165
4,2458512.0,8,34,Empleado,2300000,1400000,278833
4,1176000.0,18,55,Independiente,1500000,300000,65024
4,14400000.0,10,47,Independiente,10000000,5000000,1331030
4,968280.0,8,52,Empleado,1800000,300000,109823
4,936000.0,6,22,Empleado,1200000,300000,138958
4,487200.0,6,25,Independiente,2500000,0,72335
4,1333081.2,12,32,Empleado,2000000,400000,104602
4,1319880.0,12,24,Empleado,1800000,300000,103623
4,3408000.0,6,51,Independiente,6000000,3000000,505816
4,1348800.0,8,53,Independiente,3800000,400000,152974
4,1440000.0,12,37,Empleado,2000000,600000,113039
10,5525520.0,30,40,Empleado,1550000,0,203621
4,4320000.0,24,28,Independiente,4000000,2500000,188830
4,1325640.0,12,58,Independiente,3000000,1100000,104011
4,957480.0,12,48,Empleado,3200000,450000,75171
4,947992.8,10,37,Independiente,2500000,600000,87671
4,2976000.0,18,51,Empleado,4000000,1000000,164550
4,1380000.0,12,47,Empleado,1300000,100000,108343
4,1450800.0,8,39,Empleado,2400000,1000000,164614
4,806400.0,6,54,Empleado,2000000,500000,119718
4,2713080.0,12,59,Empleado,3500000,250000,212886
4,2393638.8,6,56,Independiente,2100000,350000,355264
4,3503880.0,18,32,Empleado,5000000,400000,193586
4,2108280.0,12,32,Empleado,1100000,300000,165418
4,2268000.0,24,42,Independiente,1500000,500000,99248
4,2803080.0,12,28,Empleado,2500000,450000,219948
4,1740000.0,12,32,Empleado,1700000,550000,136523
4,2078280.0,12,57,Empleado,2500000,430000,163143
4,1176000.0,12,56,Empleado,1200000,200000,92270
4,1542960.0,12,62,Empleado,1500000,200000,121071
4,2645760.0,10,42,Empleado,1500000,300000,244170
4,4057200.0,24,26,Empleado,1550000,500000,177365
4,1582320.0,12,43,Empleado,4000000,1500000,124159
4,426240.0,12,59,Independiente,2000000,900000,33382
4,2578440.0,12,42,Independiente,3500000,1590000,202308
4,912000.0,10,58,Empleado,1000000,700000,84299
4,3600000.0,36,28,Empleado,4500000,800000,116567
4,1974960.0,12,43,Independiente,1800000,350000,154958
4,1307520.0,12,28,Empleado,1600000,400000,102400
4,1557600.0,12,25,Empleado,1600000,700000,122287
4,2966400.0,12,52,Independiente,3000000,1000000,232891
4,1890000.0,8,28,Empleado,3600000,2000000,214447
4,480000.0,6,28,Empleado,2786000,700000,71242
4,6223200.0,12,37,Empleado,1600000,300000,488581
4,1278000.0,12,34,Empleado,1200000,400000,100335
4,1741080.0,12,48,Independiente,4000000,1450000,136607
4,3801000.0,6,43,Independiente,4200000,820000,563574
4,1112400.0,12,28,Independiente,4200000,700000,87334
4,6011040.0,12,63,Empleado,1500000,100000,471666
4,1347480.0,12,27,Empleado,1400000,300000,105732
4,2119080.0,6,22,Empleado,1200000,400000,314526
4,4200000.0,6,53,Independiente,8000000,4000000,623365
4,684600.0,8,43,Independiente,3800000,400000,77644
9,2419399.2,10,56,Independiente,4500000,1200000,205202
4,1010448.0,6,54,Independiente,1000000,400000,149977
4,1251625.2,12,33,Empleado,2200000,0,98265
4,1963080.0,12,30,Empleado,1800000,710000,154026
4,1200000.0,12,42,Independiente,1000000,400000,94160
4,2467080.0,18,29,Empleado,1230000,400000,136304
4,4855200.0,6,35,Independiente,8000000,6000000,719318
9,845754.0,10,61,Independiente,3000000,2000000,71733
4,1580420.4,12,30,Empleado,1600000,300000,124062
4,3091080.0,12,44,Empleado,1524300,500000,242547
4,1624800.0,6,24,Independiente,6000000,400000,240721
4,1253880.0,6,24,Independiente,2500000,300000,186108
4,2476440.0,6,68,Empleado,5200000,1200000,367568
4,829200.0,12,37,Independiente,5000000,3000000,65060
4,2160000.0,12,43,Empleado,1914000,1000000,169476
9,1311871.2,11,45,Empleado,3600000,1450000,102067
4,1680000.0,6,58,Empleado,4000000,1500000,249430
4,2475000.0,6,67,Independiente,4000000,2000000,366682
4,1244425.2,10,64,Empleado,2200000,300000,115073
9,1498992.0,5,53,Independiente,5000000,2000000,242970
4,2261040.0,24,37,Empleado,2500000,850000,98944
4,1536000.0,12,41,Independiente,6000000,2000000,120591
4,1679640.0,10,43,Empleado,1800000,600000,155263
4,1488000.0,6,35,Empleado,1400000,100000,220908
4,597600.0,8,68,Empleado,1000000,200000,67780
4,1884840.0,10,29,Empleado,1200000,300000,174231
4,2413560.0,6,48,Empleado,3100000,500000,358316
4,2233080.0,12,34,Empleado,5000000,700000,175210
4,1189999.2,12,26,Independiente,4000000,2000000,93064
4,3024000.0,12,31,Empleado,1600000,500000,237267
9,2439634.8,10,43,Independiente,3500000,1111110,206919
9,1183695.6,10,55,Independiente,3250000,1255550,100396
4,2293200.0,12,43,Empleado,4673700,1000000,180014
9,1821297.6,10,39,Independiente,3855044,1587777,154474
4,1242000.0,12,34,Empleado,1800000,200000,97496
4,1295880.0,12,31,Empleado,3290000,800000,101676
9,1489144.8,11,69,Independiente,3400000,1300000,115859
9,2143394.4,10,45,Independiente,10000000,2000000,181793
4,2749080.0,12,40,Empleado,7000000,2500000,215711
9,960574.8,10,33,Empleado,3000000,1500000,81472
4,7940520.0,24,36,Empleado,1770000,600000,347480
4,1416000.0,24,23,Independiente,4500000,0,61950
6,2309859.6,36,53,Empleado,2000000,0,74930
4,3052800.0,12,24,Empleado,4000000,800000,238745
4,886680.0,6,33,Empleado,2200000,1000000,131606
4,1500000.0,12,60,Empleado,1100000,300000,117749
4,849480.0,12,24,Independiente,1600000,100000,66656
4,3780000.0,10,39,Empleado,6000000,3500000,349579
9,3231908.4,7,122,Empleado,10882091,1326704,379618
4,1433880.0,6,25,Empleado,1500000,420000,212817
4,2760000.0,12,54,Empleado,3500000,2000000,216553
4,1477080.0,12,52,Empleado,2000000,500000,115901
4,3095640.0,12,26,Empleado,1300000,180000,242904
4,2640000.0,12,42,Independiente,4000000,2000000,207238
4,635880.0,6,34,Independiente,5000000,1000000,94381
9,918964.8,10,37,Empleado,1500000,800000,77942
9,3214552.8,11,41,Independiente,3000000,1000000,248676
4,1367880.0,12,54,Empleado,4000000,2500000,107333
9,1999677.6,9,23,Independiente,2000000,1000000,186753
9,670200.0,5,34,Independiente,5000000,2000000,108632
4,2502840.0,18,41,Empleado,3100000,2000000,138279
4,3600000.0,36,42,Independiente,5000000,2000000,116400
4,1667880.0,8,47,Empleado,2000000,680000,189227
4,4207078.8,6,63,Independiente,8500000,2000000,624439
4,1770000.0,12,29,Empleado,1000000,100000,138962
4,3249999.6,12,35,Independiente,4000000,2000000,254167
4,2944329.6,12,46,Independiente,3000000,1000000,230262
9,1945363.2,10,41,Independiente,5000000,2000000,164737
9,2019009.6,10,25,Empleado,1500000,700000,171243
10,8400000.0,36,39,Empleado,1200000,200000,271600
4,1348800.0,12,34,Independiente,3800000,400000,105829
4,1915200.0,6,27,Empleado,2000000,500000,284254
10,565440.0,24,29,Empleado,1550000,500000,24719
4,1848000.0,12,51,Independiente,1500000,500000,144523
4,512016.0,6,26,Independiente,3800000,400000,75994
4,1780800.0,6,34,Independiente,2000000,300000,263833
9,2594862.0,10,52,Independiente,10000000,3000000,222476
4,1860000.0,10,59,Independiente,3000000,1200000,172015
4,735800.4,12,38,Independiente,2000000,600000,57760
4,1188000.0,6,68,Independiente,4000000,2500000,176383
4,3360000.0,10,54,Independiente,3000000,1000000,309710
4,3124800.0,6,56,Independiente,5000000,4000000,462952
4,1112400.0,10,29,Independiente,3000000,1900000,102864
4,1348800.0,12,58,Independiente,3800000,400000,105829
4,852382.7999999999,12,30,Empleado,1600000,600000,59193
4,2366280.0,12,50,Independiente,2800000,500000,164325
4,909024.0,8,65,Empleado,5200000,2300000,102952
4,2212800.0,6,53,Independiente,3000000,500000,328511
4,1543087.2,10,26,Empleado,2500000,800000,142706
4,3000000.0,6,56,Empleado,2500000,800000,416667
4,900000.0,10,41,Empleado,2600000,1200000,83224
9,1657454.4,10,64,Empleado,1000000,450000,140578
4,3360000.0,10,52,Independiente,4000000,1000000,309710
4,4454400.0,24,52,Independiente,4000000,500000,194483
4,2287860.0,6,52,Empleado,10000000,2100000,339345
4,2208000.0,6,45,Empleado,3000000,1000000,327724
9,1701020.4,11,48,Empleado,2000000,1500000,132344
4,2645760.0,24,36,Empleado,1600000,600000,115254
9,1449435.6,10,53,Independiente,3100000,1580000,122934
4,983760.0,6,37,Empleado,2000000,700000,146015
4,1440000.0,6,57,Independiente,2000000,500000,213587
4,1941420.0,12,44,Empleado,1900000,500000,152147
9,1538256.0,10,22,Empleado,4000000,1500000,130468
4,1560000.0,12,42,Empleado,4538118,1000000,122475
4,2253120.0,12,67,Empleado,1000000,600000,156467
4,1827480.0,12,38,Independiente,2000000,590000,126908
4,887880.0,6,57,Empleado,2500000,500000,123317
9,1561766.4,10,65,Independiente,3211111,1545550,132462
4,1067880.0,6,27,Independiente,2000000,500000,148317
4,2244840.0,12,31,Empleado,1600000,300000,176133
4,3420000.0,12,47,Empleado,1300000,500000,268356
9,968794.8,10,27,Empleado,1500000,700000,82169
4,1344000.0,12,26,Independiente,4000000,1500000,105517
4,3011880.0,12,34,Empleado,5000000,500000,209158
4,3996958.8,12,54,Empleado,1400000,600000,313607
4,1398000.0,6,49,Empleado,1600000,500000,207120
4,1606455.6,8,43,Empleado,1400000,500000,182576
4,1355520.0,12,26,Empleado,1400000,500000,106356
9,2981996.4,10,29,Empleado,4000000,1200000,252919
4,6430682.399999999,12,42,Empleado,8000000,4000000,446575
4,2423640.0,12,38,Empleado,6000000,3000000,168308
4,1433880.0,6,41,Empleado,1500000,200000,212817
4,2666160.0,6,42,Empleado,6000000,3000000,370300
4,2423520.0,12,51,Empleado,1300000,500000,168300
4,2537650.8,36,29,Empleado,4600000,1000000,82169
4,1200000.0,6,44,Empleado,3000000,1200000,166667
9,1723746.0,10,47,Empleado,10000000,5000000,146200
4,684600.0,12,48,Independiente,3800000,1150000,53718
4,3249999.6,6,38,Independiente,3000000,1500000,481501
9,907458.0,10,33,Empleado,1500000,600000,76966
4,7152000.0,12,44,Independiente,12000000,6500000,559324
9,1459426.8,10,59,Empleado,5000000,2000000,123782
4,5046240.0,36,27,Independiente,1900000,600000,163396
4,2135761.2,12,35,Empleado,2600000,600000,148317
9,1519334.4,9,32,Empleado,1800000,1100000,141893
4,1440000.0,8,40,Empleado,1500000,500000,163107
4,3288000.0,6,32,Independiente,8000000,4000000,487131
9,1560157.2,10,57,Independiente,3000000,2000000,132325
9,1185660.0,2,24,Independiente,4000000,2000000,467360
4,806280.0,6,52,Empleado,8000000,2000000,111983
4,3528000.0,18,61,Independiente,2500000,800000,195729
4,720000.0,12,46,Independiente,1900000,700000,56496
10,2845080.0,6,51,Independiente,5000000,100000,422267
4,1536000.0,12,32,Empleado,3000000,600000,120575
4,1656000.0,24,22,Empleado,1200000,300000,72782
4,1134000.0,12,45,Empleado,1670000,500000,89030
4,1150440.0,8,48,Empleado,2000000,400000,130477
4,4351200.0,36,41,Empleado,4200000,2500000,140689
4,2098800.0,18,28,Empleado,6000000,3000000,116439
4,2280000.0,12,49,Empleado,1500000,900000,179423
9,1599012.0,10,52,Empleado,5100000,3800000,135621
4,960000.0,6,58,Independiente,5000000,1600000,142228
4,2796000.0,12,27,Empleado,2900000,1200000,219378
9,2936052.0,9,32,Independiente,5000000,2000000,274202
4,1345989.6,12,47,Empleado,1200000,500000,105922
9,1352313.6,9,36,Empleado,3000000,1000000,126294
4,1680000.0,8,28,Empleado,2400000,500000,190935
4,3254400.0,6,47,Empleado,3500000,400000,483037
4,1200000.0,6,42,Empleado,2500000,1000000,178164
4,7056000.0,6,38,Independiente,3000000,950000,1045376
9,2630198.4,9,29,Empleado,4500000,2500000,245638
4,3153624.0,36,34,Empleado,1500000,0,102745
4,2271360.0,12,26,Empleado,2500000,650000,157733
4,866280.0,6,40,Empleado,6000000,1800000,120317
4,1806840.0,6,62,Empleado,1100000,500000,268172
4,3756260.4,12,30,Empleado,2600000,250000,295597
4,970800.0,12,38,Empleado,1100000,550000,76397
9,1882200.0,5,24,Empleado,4000000,2000000,305083
4,2528100.0,6,60,Empleado,2490000,500000,374978
4,1267081.2,6,49,Independiente,2000000,500000,175984
9,2134839.6,11,31,Empleado,2500000,1200000,166096
4,5297521.2,12,49,Empleado,1900000,600000,367883
9,1055065.2,10,29,Empleado,2000000,800000,89486
9,4190019.6,10,39,Empleado,10000000,6000000,355378
4,1463880.0,12,27,Empleado,2000000,300000,101658
4,4667520.0,12,31,Empleado,10000000,3500000,324133
9,1606152.0,10,37,Empleado,1800000,500000,136226
4,2117880.0,12,45,Empleado,1400000,600000,166172
4,3299520.0,12,46,Empleado,3000000,1200000,229133
4,1244880.0,6,28,Independiente,1500000,750000,184646
4,2006280.0,12,36,Empleado,2000000,500000,139325
4,2100000.0,12,47,Empleado,10000000,4000000,164848
4,3312000.0,6,46,Independiente,35000000,14000000,490687
9,1815675.6,10,42,Empleado,4800000,2800000,153997
4,1753080.0,12,37,Empleado,1700000,550000,121742
4,1821600.0,24,44,Empleado,1000000,600000,80061
4,1684440.0,12,37,Independiente,4000000,2300000,132172
4,1311600.0,12,49,Empleado,3800000,400000,102910
4,3808320.0,12,29,Empleado,1200000,200000,264467
4,2183760.0,6,38,Empleado,3000000,1250000,303300
4,2132397.6,10,60,Independiente,4000000,2000000,196905
4,3666960.0,12,36,Independiente,4000000,1000000,287714
4,1680000.0,6,25,Empleado,1117000,360000,249753
4,3950400.0,36,45,Empleado,2800000,1000000,127730
4,4847880.0,12,34,Empleado,13000000,2000000,336658
4,1636800.0,6,45,Empleado,2500000,1000000,242499
4,3720072.0,12,45,Empleado,4000000,2500000,291537
4,8400000.0,6,40,Empleado,5000000,1500000,1245922
4,2672038.8,12,38,Empleado,3500000,1000000,209652
4,2892000.0,12,32,Empleado,6000000,3000000,226642
9,1513604.4,10,34,Empleado,3000000,1600000,128377
4,789540.0,6,39,Empleado,3000000,1700000,117108
4,1116000.0,6,32,Independiente,5000000,2000000,165340
4,489600.0,6,45,Independiente,3000000,1500000,72785
4,1235988.0,12,52,Independiente,5000000,1000000,85833
4,3324840.0,12,51,Empleado,3900000,500000,230892
4,3576000.0,6,53,Independiente,5000000,1500000,529799
4,2393641.2,12,38,Independiente,7000000,2500000,166225
4,1200000.0,12,58,Independiente,2500000,120000,94154
4,912000.0,12,32,Empleado,1500000,500000,71557
4,6828866.399999999,12,32,Independiente,2800000,1300000,534155
4,4800000.0,36,35,Empleado,2300000,500000,155200
4,3588000.0,6,38,Independiente,4000000,1000000,532552
4,840000.0,6,48,Empleado,5000000,1300000,124678
4,2280000.0,6,51,Independiente,3000000,800000,338411
4,1146000.0,6,51,Independiente,2000000,300000,170367
4,1143600.0,12,41,Independiente,1550000,600000,89618
4,3227520.0,12,45,Empleado,2500000,600000,224133
9,2317927.2,10,54,Independiente,6400000,2800000,196596
4,1080000.0,12,61,Empleado,1500000,100000,84990
4,2090760.0,10,42,Empleado,1800000,500000,193060
4,1656000.0,12,25,Independiente,3500000,2000000,129941
4,3335280.0,36,37,Empleado,1800000,800000,107488
4,3151200.0,6,38,Independiente,2500000,1500000,467719
4,4165980.0,12,45,Empleado,1500000,100000,326483
9,878880.0,5,34,Independiente,4000000,2000000,142457
4,14716800.0,12,35,Independiente,14000000,3000000,1151149
4,780000.0,12,24,Empleado,2300000,700000,61382
4,2412000.0,12,25,Empleado,1500000,400000,189340
9,878880.0,5,25,Independiente,5000000,2000000,142457
9,2479052.4,10,56,Independiente,3000000,2000000,210262
9,2652134.4,10,54,Independiente,4000000,3500000,224942
4,1150200.0,8,37,Independiente,8000000,2900000,130342
4,3810308.4,12,55,Empleado,3000000,1000000,297986
4,1357929.6,12,62,Independiente,1000000,300000,106861
9,875866.7999999999,11,27,Empleado,1000000,500000,68145
9,1269000.0,8,49,Independiente,4000000,2000000,132124
4,1037700.0,6,63,Independiente,1500000,400000,153916
9,1488721.2,10,35,Independiente,3000000,1500000,126266
4,4454400.0,6,42,Independiente,7000000,300000,661148
4,753855.6,10,67,Empleado,1798000,100000,69857
4,720000.0,6,49,Independiente,4500000,2500000,100000
4,1067880.0,6,31,Empleado,1500000,400000,148317
4,14400000.0,12,48,Independiente,25000000,12000000,1126156
4,1200000.0,6,27,Empleado,2600000,650000,166667
4,2615580.0,12,62,Independiente,2500000,800000,205236
4,1960680.0,12,48,Independiente,2100000,650000,136158
9,878880.0,2,32,Independiente,5000000,2000000,346434
4,1217641.2,6,37,Empleado,2500000,800000,169117
4,1820280.0,12,65,Empleado,4000000,2000000,126408
10,7200000.0,12,58,Independiente,1500000,250000,564921
4,1907520.0,12,42,Independiente,4000000,1000000,132467
4,3345588.0,12,38,Empleado,1800000,900000,232333
4,1972440.0,12,28,Empleado,2400000,1500000,136975
4,2400000.0,6,29,Independiente,7000000,3500000,333333
4,1199040.0,6,31,Independiente,1000000,350000,177968
4,2880000.0,6,45,Independiente,15000000,6000000,426684
4,2006280.0,12,29,Empleado,2000000,600000,139325
4,2412000.0,12,36,Empleado,2200000,800000,189811
4,2820000.0,6,46,Independiente,8000000,4000000,418561
4,1022280.0,12,54,Independiente,1500000,500000,80448
4,3225360.0,12,54,Empleado,2500000,500000,223983
4,702840.0,6,38,Empleado,1200000,400000,104248
4,5436000.0,36,52,Empleado,1800000,420000,175764
4,3000000.0,12,40,Independiente,4500000,1200000,208333
4,1800000.0,12,57,Empleado,1800000,500000,125000
4,4872720.0,12,27,Empleado,5000000,1500000,382320
4,2316000.0,12,58,Independiente,3500000,1000000,181828
4,1348800.0,10,58,Independiente,3800000,1250000,124673
4,3116400.0,36,48,Empleado,2500000,1100000,100434
4,5349240.0,12,60,Empleado,4000000,1900000,371475
4,1022400.0,6,23,Empleado,5000000,1000000,151473
4,3143638.8,12,38,Empleado,3000000,300000,246654
4,1389240.0,12,39,Empleado,1300000,150000,108873
4,1782960.0,12,68,Empleado,2500000,1600000,123817
4,3842400.0,12,38,Independiente,18000000,4000000,300496
4,2713080.0,12,49,Empleado,3000000,1000000,188408
4,456000.0,6,37,Empleado,4000000,2000000,67703
4,4402321.2,6,65,Empleado,3000000,800000,611434
4,1587358.8,6,59,Empleado,2800000,700000,220467
4,2903761.2,12,46,Empleado,8000000,4000000,201650
4,803016.0,6,46,Empleado,3000000,500000,119107
4,669600.0,12,42,Empleado,2000000,1300000,52476
4,1572360.0,12,33,Empleado,1740000,600000,123378
4,1223640.0,6,64,Empleado,2200000,350000,169950
4,1348800.0,12,58,Independiente,3800000,2136000,105829
4,4392000.0,12,30,Empleado,8000000,3500000,343478
4,8400000.0,6,45,Empleado,14000000,5000000,1166667
4,1193880.0,6,54,Empleado,2000000,300000,165817
4,3414480.0,6,49,Independiente,8000000,3000000,505922
4,3797520.0,12,52,Empleado,4200000,1200000,263717
4,747660.0,8,57,Empleado,1000000,600000,84833
4,2460000.0,12,29,Empleado,1500000,400000,193588
4,6090600.0,12,32,Empleado,5000000,1500000,422958
4,1879080.0,12,57,Empleado,2500000,700000,147435
4,2400000.0,12,36,Empleado,7000000,300000,188307
4,720000.0,12,38,Empleado,3200000,800000,56660
4,3240000.0,6,44,Empleado,2000000,1000000,481044
4,6000000.0,36,40,Empleado,4200000,0,195480
4,1484818.8,12,33,Empleado,2500000,150000,116363
4,3588000.0,18,57,Independiente,5000000,2000000,199058
4,2836196.4,18,26,Empleado,3000000,1100000,156682
4,3075360.0,12,46,Empleado,1800000,600000,213567
4,1564680.0,12,37,Empleado,1500000,350000,108658
4,624000.0,6,65,Empleado,1600000,500000,92448
4,929220.0,12,47,Empleado,3250000,2000000,72822
4,3116400.0,6,28,Empleado,6000000,2000000,462237
4,2799360.0,12,27,Empleado,3400000,500000,194400
4,1946160.0,12,54,Empleado,3000000,950000,135150
4,1329240.0,10,42,Empleado,3400000,1500000,122865
4,3840000.0,18,38,Empleado,4500000,1000000,212322
4,3052560.0,12,34,Empleado,4000000,1500000,211983
4,1535883.6,6,59,Empleado,4000000,500000,213317
4,2435880.0,12,52,Empleado,3000000,800000,169158
4,1679880.0,6,39,Empleado,1800000,350000,233317
4,2021760.0,12,37,Empleado,2500000,800000,140400
4,683880.0,12,23,Empleado,1300000,400000,53818
4,1362958.8,12,64,Independiente,1800000,500000,94650
4,1071360.0,6,41,Empleado,7000000,3000000,148800
4,3395520.0,12,56,Empleado,3000000,400000,235800
4,2760000.0,18,35,Empleado,2000000,500000,152472
4,1961641.2,12,28,Empleado,1000000,200000,136225
4,2148000.0,12,58,Empleado,1500000,200000,168535
4,2147760.0,12,26,Empleado,1500000,600000,149150
4,2781480.0,12,33,Empleado,7000000,3000000,193158
4,2267880.0,12,37,Empleado,7000000,3000000,157492
4,2879880.0,12,65,Empleado,3000000,1000000,199992
4,3095760.0,12,51,Empleado,3000000,1000000,214983
4,1514038.8,12,48,Empleado,2500000,600000,105142
9,2302556.4,10,33,Empleado,3500000,1000000,195292
9,1450525.2,10,51,Independiente,3555555,1558884,123027
9,1652394.0,10,38,Empleado,8000000,2500000,140148
4,1397761.2,12,41,Independiente,1600000,500000,97067
4,2147521.2,6,56,Empleado,6800000,290000,298267
9,1351008.0,10,42,Empleado,2500000,900000,114586
4,3256560.0,12,28,Empleado,2000000,1000000,226150
9,1600587.6,10,69,Empleado,2000000,800000,135754
4,3123840.0,12,48,Empleado,1800000,700000,244811
9,1606290.0,5,22,Independiente,1700000,1200000,260361
4,2138400.0,6,47,Empleado,2000000,1000000,317176
4,2040000.0,12,34,Independiente,2000000,200000,160061
4,2102040.0,12,55,Empleado,2000000,750000,145975
9,3287053.2,10,49,Independiente,2000000,800000,278793
4,1113360.0,6,42,Empleado,4000000,1200000,154633
9,2909440.8,10,65,Independiente,5000000,3000000,246765
4,1397881.2,12,44,Empleado,4500000,2800000,97075
9,878880.0,2,36,Empleado,5000000,2000000,346434
4,2005380.0,8,38,Empleado,1600000,400000,227252
4,1477980.0,12,35,Independiente,1500000,700000,115827
4,2805360.0,12,39,Empleado,2200000,700000,194817
4,2052000.0,6,44,Empleado,4300000,0,285000
4,3516841.2,12,34,Empleado,1880000,400000,244225
4,1743480.0,6,47,Independiente,4000000,2000000,242150
4,926280.0,6,30,Empleado,1500000,500000,128650
4,5160000.0,12,27,Empleado,2500000,1000000,358333
4,2015880.0,12,31,Empleado,2500000,1200000,139992
9,878880.0,8,61,Independiente,5000000,2000000,91506
4,2279878.8,12,47,Empleado,2000000,500000,158325
4,1767360.0,12,66,Empleado,5000000,1000000,122733
4,2259480.0,12,68,Independiente,2500000,1000000,156908
4,1477080.0,12,52,Empleado,1000000,150000,102575
4,1397940.0,6,63,Independiente,4000000,2100000,207348
4,1654681.2,6,25,Empleado,4100000,700000,229817
4,578760.0,8,52,Independiente,3500000,1300000,65586
4,1631760.0,12,57,Independiente,1000000,400000,113317
9,754216.7999999999,6,30,Empleado,1350000,1000000,102812
4,2569200.0,10,27,Empleado,1800000,350000,237239
4,4030441.2,12,39,Empleado,6000000,2800000,279892
4,3059520.0,12,53,Empleado,3500000,1500000,212467
4,1949580.0,12,28,Empleado,1800000,600000,135388
4,1191600.0,12,47,Empleado,3000000,800000,93384
4,4445641.2,12,33,Empleado,13000000,4000000,308725
4,5327280.0,12,42,Empleado,3000000,1000000,369950
4,2903640.0,12,38,Empleado,6000000,2500000,201642
4,1798440.0,12,52,Empleado,1800000,100000,140941
4,575880.0,12,55,Empleado,4500000,2500000,39992
4,3119760.0,12,34,Empleado,3500000,1900000,216650
9,670200.0,8,32,Empleado,1300000,500000,69779
4,1293600.0,6,34,Empleado,7000000,2000000,191867
4,2373600.0,10,44,Empleado,1100000,500000,219168
4,2391360.0,12,27,Empleado,1900000,450000,166067
4,1145880.0,12,29,Empleado,2633000,1300000,79575
4,1507080.0,12,49,Empleado,2000000,500000,104658
9,2810054.4,11,39,Empleado,1500000,600000,218630
4,3369241.2,6,45,Empleado,6500000,2300000,467950
4,1487880.0,12,29,Empleado,2500000,500000,103325
9,1498992.0,3,52,Independiente,4000000,2000000,397569
4,1103880.0,6,34,Empleado,4600000,1000000,153317
4,6416878.8,12,39,Empleado,6000000,3000000,445617
9,1399532.4,9,39,Empleado,1500000,1000000,130704
4,3311749.2,12,34,Empleado,2500000,800000,229983
4,3455880.0,12,53,Independiente,4500000,1500000,271959
4,846420.0,6,68,Empleado,1300000,300000,125544
9,1269000.0,8,45,Independiente,5000000,2000000,132124
4,2841358.8,12,56,Independiente,3200000,400000,197317
4,3977641.2,12,23,Empleado,2500000,700000,276225
4,2858280.0,6,40,Empleado,1700000,350000,396983
4,1569480.0,12,39,Empleado,2000000,600000,108992
4,2348042.4,12,28,Empleado,2450000,650000,163059
4,3021361.2,6,35,Empleado,9000000,1000000,419634
4,3513600.0,6,50,Empleado,4000000,1500000,520609
4,4763640.0,12,35,Empleado,7500000,2500000,330808
4,3340980.0,12,22,Empleado,1500000,510000,262155
4,1823400.0,12,46,Empleado,3200000,600000,126625
4,1634880.0,12,69,Empleado,7000000,3000000,128123
4,2884441.2,12,42,Independiente,3400000,750000,200308
9,2087148.0,10,68,Empleado,2700000,1300000,177022
4,2099761.2,12,52,Independiente,3000000,500000,145817
4,1655880.0,12,68,Empleado,5000000,3000000,114992
4,732000.0,10,52,Empleado,2500000,900000,67832
4,1637880.0,12,68,Empleado,2200000,500000,113742
4,3574999.2,8,30,Independiente,3000000,1500000,404531
4,2465520.0,6,47,Empleado,1700000,400000,342433
4,2811960.0,12,65,Empleado,1200000,400000,220370
9,3150078.0,10,49,Empleado,6000000,2500000,267175
4,804000.0,8,24,Empleado,1500000,500000,91186
4,2451360.0,6,40,Empleado,4000000,2000000,363596
4,868800.0,10,61,Independiente,1000000,300000,80509
4,1967880.0,12,52,Empleado,5000000,3500000,136658
9,1342622.4,9,44,Empleado,1000000,400000,125389
4,2040000.0,12,48,Empleado,3500000,600000,159569
4,7595880.0,12,55,Empleado,4000000,1000000,527492
4,3036000.0,6,55,Empleado,1000000,500000,451339
4,3543361.2,12,30,Empleado,2000000,1000000,246067
9,1941933.6,10,51,Empleado,2300000,0,164706
9,1333797.6,10,49,Independiente,3800000,2500000,113126
4,2714280.0,12,42,Independiente,5000000,1500000,188492
4,4263600.0,36,52,Independiente,3500000,1000000,137406
4,2819400.0,12,59,Empleado,2000000,800000,195792
4,2718960.0,12,30,Empleado,4500000,500000,188817
4,1739880.0,12,35,Empleado,4200000,450000,136919
4,3296281.2,12,37,Independiente,7000000,3000000,228908
4,2569200.0,12,38,Empleado,1800000,800000,201345
4,1443360.0,12,34,Empleado,1400000,500000,100233
4,1082640.0,8,54,Empleado,1300000,400000,122794
4,1088160.0,6,64,Empleado,5000000,2100000,151133
4,3107748.0,12,31,Empleado,6600000,1000000,215816
4,779880.0,12,28,Empleado,1600000,300000,61372
4,2141760.0,12,35,Empleado,1500000,100000,148733
4,935880.0,6,25,Empleado,2000000,300000,129983
4,1367880.0,12,55,Independiente,2800000,1300000,94992
4,3582600.0,18,42,Empleado,3000000,1500000,198758
4,887640.0,12,46,Empleado,1800000,450000,61642
9,1055168.4,10,21,Empleado,1500000,800000,89494
9,821788.7999999999,9,41,Independiente,5000000,3000000,76748
4,4464784.8,6,61,Independiente,15000000,7500000,661545
4,2307480.0,12,36,Empleado,6000000,1000000,160242
10,8640000.0,36,68,Independiente,15000000,5000000,279360
4,1863480.0,12,33,Empleado,2100000,150000,129408
9,3087764.4,11,28,Empleado,20000000,18000000,240236
4,1451221.2,12,55,Independiente,3000000,1000000,113730
4,2893800.0,10,29,Empleado,2000000,300000,267213
4,1320000.0,6,44,Empleado,2200000,1000000,196234
9,1505223.6,10,29,Empleado,3400000,1500000,127666
9,799680.0,11,59,Empleado,3100000,1000000,62217
9,2823630.0,10,37,Empleado,6000000,3500000,239487
4,2784000.0,6,40,Empleado,2600000,800000,412461
4,1026000.0,6,48,Independiente,1500000,750000,152022
4,1777560.0,12,28,Empleado,4000000,2000000,139884
9,2396952.0,10,54,Empleado,2800000,1000000,203298
4,1495080.0,6,29,Empleado,2500000,850000,207650
4,2919240.0,12,44,Empleado,1350000,420000,202725
4,549120.0,12,45,Empleado,1800000,500000,43034
9,1485760.8,10,37,Empleado,1950000,1500000,126015
4,2858278.8,12,40,Empleado,2500000,500000,198492
4,6249480.0,12,53,Empleado,2300000,1000000,433992
9,919675.2,10,36,Empleado,1500000,800000,78003
4,4348440.0,12,36,Empleado,3600000,2500000,301975
4,1250280.0,6,25,Empleado,1400000,600000,173650
4,495600.0,6,40,Empleado,6000000,3000000,73509
4,4191480.0,6,54,Independiente,2500000,900000,621697
4,2933640.0,12,35,Empleado,3200000,1500000,203725
4,4882200.0,12,42,Independiente,3200000,1300000,339042
4,2858280.0,12,42,Empleado,2129000,600000,198492
4,1522500.0,12,29,Empleado,3000000,500000,119316
4,4979400.0,6,37,Empleado,13000000,6500000,738565
4,4108320.0,12,51,Empleado,4500000,1500000,321964
4,3215640.0,12,52,Independiente,4000000,900000,223308
4,2040000.0,12,33,Empleado,2000000,400000,160537
4,589380.0,6,33,Empleado,4000000,2000000,87419
4,600000.0,6,56,Empleado,2000000,500000,88994
4,2986800.0,6,46,Empleado,2000000,500000,443014
9,2670734.4,11,43,Empleado,4000000,2000000,207790
9,4030896.0,5,46,Independiente,25000000,8000000,653363
9,2555178.0,9,44,Independiente,7000000,1500000,238632
4,3527758.8,12,36,Empleado,11500000,300000,244983
4,4055641.2,12,28,Independiente,4000000,1500000,281642
4,803880.0,12,33,Empleado,3500000,1000000,63261
4,1477980.0,12,64,Empleado,1727000,600000,115827
9,1049580.0,2,29,Independiente,2000000,700000,413720
4,1109880.0,12,43,Empleado,4000000,1000000,77075
4,3236043.6,12,33,Empleado,3046000,900000,224725
9,1269000.0,5,52,Independiente,4000000,2000000,205691
9,4189555.2,11,31,Empleado,3100000,1780000,325959
4,1199880.0,12,58,Independiente,1800000,350000,83325
9,1098240.0,2,59,Independiente,4000000,2000000,432901
4,1049280.0,6,37,Empleado,1500000,500000,155634
4,1173600.0,6,39,Empleado,6000000,3000000,174073
4,3804000.0,12,29,Empleado,1500000,600000,297549
4,2340000.0,12,49,Empleado,2000000,500000,162500
4,399600.0,6,48,Independiente,2000000,1000000,59405
9,929595.6,10,30,Empleado,1500000,800000,78844
4,2753640.0,12,43,Independiente,2000000,800000,191225
4,2392680.0,12,36,Empleado,3000000,700000,166158
4,4944000.0,6,51,Independiente,30000000,10000000,732474
4,899880.0,6,62,Independiente,1500000,200000,124983
4,3791760.0,12,32,Empleado,3200000,600000,263317
9,1903639.2,10,52,Empleado,3028000,2800000,161458
4,1833478.8,12,32,Empleado,1200000,400000,127325
4,1525764.0,12,36,Independiente,6000000,2800000,120069
9,2390474.4,4,58,Empleado,4000000,2000000,479909
4,1301760.0,18,52,Empleado,2600000,1600000,71914
4,3079200.0,6,52,Empleado,3500000,1000000,457033
9,896838.0,10,38,Independiente,1200000,400000,76066
9,1543383.6,9,49,Empleado,2500000,1700000,144139
4,1633080.0,12,43,Independiente,1800000,700000,113408
9,1269000.0,5,22,Independiente,4000000,2000000,205691
4,3077520.0,12,28,Empleado,2100000,300000,213717
4,3201120.0,6,27,Empleado,3000000,1500000,474803
4,4567200.0,12,45,Empleado,4700000,2000000,357926
4,1175040.0,12,36,Empleado,2000000,500000,92082
4,3018555.6,12,48,Independiente,1800000,600000,236067
9,5511175.2,9,41,Independiente,17000000,14000000,520291
9,1596874.8,3,36,Empleado,4000000,2000000,423530
4,3225480.0,12,48,Empleado,2800000,1300000,223992
9,1285200.0,10,42,Empleado,3886000,1500000,109005
9,2598043.2,9,48,Empleado,4600000,0,242635
4,1192800.0,12,65,Empleado,2000000,600000,93283
4,480000.0,6,45,Independiente,3000000,2000000,71358
4,472800.0,6,45,Empleado,800000,230000,70292
4,2163360.0,6,63,Independiente,3000000,1500000,300467
9,2917122.0,9,45,Empleado,0,0,272434
4,1200000.0,6,65,Independiente,2000000,600000,166667
4,2195880.0,12,49,Empleado,1400000,500000,152492
9,6582337.2,9,38,Empleado,2000000,850000,614733
4,2697600.0,6,52,Empleado,6000000,4000000,399661
4,1111080.0,6,45,Empleado,1200000,300000,154317
4,551640.0,12,48,Empleado,1800000,500000,38308
9,5204714.399999999,10,122,Empleado,33000000,3000000,477814
4,7099999.2,6,48,Independiente,10000000,8000000,1051895
4,2640000.0,12,28,Empleado,2200000,1000000,207753
4,6683820.0,12,39,Empleado,3400000,2200000,523776
9,1546132.8,10,51,Independiente,4000000,2000000,131136
4,1416000.0,12,53,Empleado,3500000,1400000,110739
4,1043520.0,6,64,Independiente,1800000,85000,154779
4,2628000.0,12,34,Empleado,2800000,500000,206323
4,508800.0,6,35,Empleado,2000000,0,75467
9,2009462.4,10,69,Empleado,2000000,1000000,170433
4,3076678.8,12,28,Empleado,4000000,1000000,213658
4,803040.0,12,53,Empleado,1500000,93000,62933
4,2015880.0,12,34,Empleado,1300000,650000,139992
9,1744119.6,11,42,Empleado,10000000,5000000,135697
4,3842280.0,12,57,Empleado,2500000,500000,266825
4,720000.0,6,45,Empleado,1500000,750000,100000
4,1037400.0,12,61,Empleado,5000000,2000000,81300
4,1235880.0,12,31,Empleado,1000000,100000,85825
4,1271640.0,12,55,Independiente,3500000,500000,88308
4,2314680.0,6,49,Independiente,8000000,2500000,321483
4,2137080.0,12,36,Empleado,2000000,450000,148408
4,3285120.0,12,39,Empleado,7000000,2000000,228133
4,2503080.0,12,31,Empleado,9000000,1500000,173825
4,1542840.0,6,51,Empleado,1500000,200000,228840
4,2104681.2,12,58,Empleado,6800000,3500000,146158
4,2531880.0,12,41,Independiente,7000000,2000000,175825
4,1632000.0,8,28,Empleado,1000000,100000,185479
9,3251712.0,11,48,Independiente,5000000,2000000,252992
4,852000.0,10,35,Empleado,2500000,1500000,78534
4,3566400.0,12,34,Independiente,2500000,500000,279494
4,1499880.0,12,62,Empleado,2000000,600000,104158
9,1308747.6,10,43,Independiente,2300000,1300000,111002
4,1823880.0,6,53,Empleado,3000000,1000000,253317
4,1941420.0,6,60,Empleado,5700000,2500000,287951
4,1837500.0,6,40,Independiente,4000000,2000000,272233
4,1709880.0,12,42,Empleado,4000000,500000,118742
4,1167042.0,12,43,Empleado,900000,300000,91840
4,4398841.2,12,55,Empleado,5000000,1500000,305475
4,3712893.6,6,54,Independiente,8000000,3000000,551069
9,2123935.2,10,39,Empleado,2000000,200000,180142
4,1967880.0,12,30,Empleado,4500000,1500000,136658
4,2902752.0,12,50,Independiente,4000000,500000,227485
4,2898842.4,12,35,Empleado,7200000,2900000,201309
4,2249760.0,12,26,Empleado,1500000,200000,156233
4,627696.0,6,46,Independiente,10000000,4000000,93102
4,1978020.0,12,69,Independiente,1400000,200000,155015
4,1988280.0,12,51,Independiente,4000000,400000,138075
4,1758000.0,10,46,Empleado,5000000,2000000,162045
4,1655760.0,12,35,Empleado,1200000,200000,114983
4,1880280.0,6,39,Empleado,2500000,800000,261150
4,2215080.0,12,64,Independiente,5000000,3000000,153825
4,1192500.0,6,40,Empleado,3300000,1000000,176876
4,3960000.0,6,36,Independiente,6000000,2500000,586691
4,1389480.0,12,24,Empleado,1250000,400000,96492
4,1643880.0,12,30,Empleado,4000000,1500000,114158
4,1560000.0,6,52,Independiente,2000000,400000,216667
4,1318980.0,18,32,Independiente,2000000,120000,72742
4,5745600.0,12,33,Independiente,3500000,1500000,450275
4,1199760.0,12,37,Empleado,3000000,1000000,83317
10,8640000.0,36,28,Empleado,1300000,400000,279360
4,3664560.0,12,51,Empleado,2200000,400000,254483
4,1097880.0,12,57,Independiente,1500000,0,76242
4,1488000.0,12,44,Empleado,1400000,400000,117097
4,2174280.0,12,60,Independiente,6000000,2500000,150992
4,1190400.0,12,33,Independiente,4000000,1300000,93458
4,3159480.0,12,35,Empleado,4800000,2000000,219408
4,2111641.2,12,37,Independiente,1500000,700000,146642
4,2784000.0,6,42,Empleado,4000000,1500000,413876
4,839880.0,12,44,Empleado,1800000,350000,58325
4,600000.0,6,43,Independiente,3000000,2400000,88893
4,3000000.0,6,38,Empleado,3000000,1200000,445411
4,794424.0,6,43,Empleado,1800000,600000,118101
4,1258680.0,12,63,Empleado,4000000,2500000,87408
4,606678.0,12,50,Empleado,1500000,450000,47742
4,1390680.0,12,28,Independiente,2490000,400000,96575
4,1731480.0,6,51,Empleado,1840000,350000,240483
4,4456441.2,12,29,Independiente,6000000,2000000,309475
4,1657200.0,6,40,Independiente,6000000,2500000,246363
4,2956800.0,6,43,Empleado,8000000,1500000,438108
4,1731360.0,6,65,Empleado,3800000,1500000,240467
4,2294280.0,12,40,Empleado,2300000,1700000,159325
4,1883880.0,12,48,Empleado,6000000,3000000,130825
4,2591640.0,12,29,Empleado,4000000,1200000,179975
4,1342681.2,12,41,Independiente,6000000,400000,93242
4,1697880.0,12,51,Empleado,1500000,500000,117908
4,1275480.0,12,48,Empleado,3800000,1800000,88575
4,1387080.0,12,42,Empleado,3500000,1000000,96325
4,5610949.2,12,41,Empleado,5500000,2500000,389649
4,552000.0,6,57,Independiente,1800000,600000,81875
4,2880000.0,12,45,Independiente,12000000,3000000,200000
4,936000.0,18,40,Empleado,1300000,200000,51928
4,1328280.0,6,47,Empleado,3500000,1100000,184483
4,2717880.0,12,33,Empleado,7000000,1500000,188742
4,1067880.0,6,38,Independiente,2000000,1000000,148317
4,5884080.0,12,45,Empleado,4000000,1500000,408617
4,1595880.0,12,33,Independiente,3500000,800000,110825
4,3032280.0,12,53,Empleado,4700000,2500000,210575
4,960000.0,6,52,Empleado,1500000,300000,133333
4,3935760.0,12,60,Independiente,5500000,2000000,273317
4,455290.8,6,34,Independiente,900000,300000,67685
4,2645760.0,12,30,Empleado,2000000,700000,207345
4,1852560.0,12,32,Empleado,3500000,1000000,128650
4,6755760.0,12,62,Empleado,10000000,4000000,469150
4,1439880.0,12,21,Empleado,1200000,300000,99992
4,3360721.2,12,33,Independiente,7000000,3000000,233383
4,840000.0,6,57,Empleado,4000000,2400000,124592
4,2497068.0,8,52,Empleado,2200000,700000,283219
4,2500442.4,12,26,Independiente,2000000,600000,173642
4,2918160.0,12,43,Empleado,2500000,500000,202650
4,2085421.2,12,23,Empleado,1200000,600000,144821
4,2582280.0,12,46,Empleado,7000000,3000000,179325
4,784680.0,6,56,Independiente,1200000,600000,108983
4,1826281.2,12,38,Empleado,2500000,300000,126825
4,1328280.0,12,41,Empleado,3000000,850000,92242
4,2072280.0,12,47,Empleado,1300000,600000,143908
4,1689480.0,12,27,Empleado,1600000,700000,117325
4,3011880.0,12,43,Empleado,2500000,900000,209158
4,7104000.0,8,43,Independiente,12000000,4500000,803964
4,3737880.0,12,51,Empleado,1500000,700000,259575
4,2459880.0,6,41,Empleado,5000000,2000000,341650
4,3468914.4,12,26,Empleado,1800000,300000,272984
4,1961280.0,6,22,Empleado,1000000,300000,290905
4,3348961.2,12,39,Empleado,4000000,1500000,232567
4,2527080.0,12,35,Empleado,2700000,1000000,175492
4,2294400.0,12,43,Independiente,3000000,1000000,179468
4,1993081.2,12,46,Empleado,2000000,500000,138408
4,1271400.0,12,30,Empleado,15000000,0,88292
4,636000.0,6,43,Empleado,3000000,1500000,94226
4,3926040.0,24,35,Empleado,3000000,1200000,171236
4,2129761.2,12,67,Empleado,2600000,1000000,147900
4,1439880.0,12,50,Empleado,5000000,3000000,99992
4,1200000.0,6,61,Independiente,5000000,1000000,177989
4,2135880.0,12,44,Independiente,2500000,1000000,148325
4,2311080.0,12,36,Empleado,5500000,3000000,160492
4,2388000.0,12,37,Empleado,1100000,240000,187922
4,1200000.0,12,63,Empleado,6000000,1000000,83333
4,2705760.0,12,42,Empleado,3500000,2000000,187900
4,2039761.2,12,69,Empleado,16991100000,200000,141650
4,3672960.0,6,53,Empleado,2000000,400000,510133
4,3925680.0,10,31,Empleado,8000000,3500000,362496
4,2645760.0,12,22,Empleado,1400000,500000,207345
4,5628480.0,12,61,Independiente,7000000,1500000,390867
4,5572320.0,12,38,Empleado,10000000,5000000,386967
4,1215204.0,6,50,Independiente,2800000,300000,180244
4,3348000.0,12,41,Empleado,8000000,3800000,232500
4,2400000.0,6,37,Independiente,7500000,700000,333333
4,672240.0,6,37,Empleado,1200000,300000,99709
4,1693200.0,12,51,Independiente,1600000,600000,132694
4,636000.0,6,30,Empleado,2200000,1000000,94226
4,3807001.2,12,35,Empleado,5000000,1000000,264375
4,4918202.399999999,12,62,Empleado,5800000,800000,341542
9,2763224.4,9,58,Independiente,3400000,1400000,258061
9,4389823.2,10,122,Empleado,31831000,0,372324
9,2432180.4,10,53,Independiente,4500000,3500000,206286
4,1149480.0,6,47,Empleado,3100000,1800000,159650
4,2728680.0,6,48,Empleado,2300000,600000,378983
4,3600000.0,12,54,Independiente,1900000,600000,250000
4,2418958.8,12,29,Empleado,1580000,700000,167983
9,2887824.0,10,41,Empleado,4800000,2800000,244932
4,2258278.8,12,28,Empleado,4000000,1500000,156825
4,1199880.0,6,33,Empleado,3700000,1200000,166650
4,1785481.2,12,43,Empleado,3400000,1700000,123992
10,631560.0,6,57,Independiente,1800000,400000,93736
4,960000.0,12,60,Empleado,1000000,300000,66667
4,4453320.0,12,42,Empleado,10000000,2500000,309258
4,839880.0,12,22,Empleado,1000000,400000,58325
4,4341480.0,12,65,Empleado,2000000,500000,301492
4,1680000.0,12,33,Independiente,1500000,700000,131824
4,1388280.0,12,58,Empleado,1000000,200000,96408
4,4333800.0,12,52,Independiente,3500000,1000000,300958
4,1530960.0,6,46,Empleado,1300000,500000,212633
4,1313760.0,12,33,Empleado,2900000,500000,91233
4,3392160.0,12,49,Empleado,3600000,1100000,235567
4,1281240.0,6,40,Empleado,1750000,450000,177950
9,7127594.399999999,3,26,Empleado,10000000,2000000,1890410
4,680400.0,6,20,Independiente,1000000,120000,100920
4,636000.0,6,50,Empleado,3000000,1000000,94226
4,4028160.0,12,63,Empleado,3600000,3600000,279733
9,4735336.8,9,47,Independiente,8000000,3200000,442240
9,2009029.2,3,59,Empleado,3000000,1000000,532843
4,1952280.0,12,27,Independiente,2500000,520000,135575
4,479761.2,6,62,Independiente,4000000,500000,66634
4,1594320.0,6,43,Empleado,2300000,950000,236476
4,1311120.0,12,35,Empleado,3000000,1500000,91050
4,1727880.0,12,28,Empleado,2500000,1500000,119992
4,2807882.4,6,56,Independiente,3000000,500000,389984
4,360000.0,12,47,Empleado,1200000,100000,28330
9,1258341.6,10,64,Empleado,12980000,3000000,106727
4,827881.2,6,26,Empleado,2500000,1000000,114984
4,2534280.0,12,35,Empleado,4000000,2000000,175992
4,1632000.0,12,39,Independiente,900000,0,113333
4,1420680.0,12,59,Empleado,1200000,600000,98658
4,1079641.2,6,56,Empleado,3000000,1000000,149950
4,2824561.2,12,51,Empleado,1600000,300000,196150
4,2216280.0,12,29,Empleado,3000000,900000,153908
4,1200000.0,12,47,Empleado,1400000,400000,94042
4,3753360.0,12,23,Empleado,3200000,850000,260650
9,1627759.2,11,26,Empleado,3800000,2000000,125956
4,3533400.0,12,46,Empleado,1800000,500000,245375
4,2376000.0,12,41,Independiente,4790000,1800000,165000
9,1513130.4,9,48,Independiente,2500000,1000000,141313
4,1245600.0,12,26,Empleado,1800000,390000,97792
9,3583785.6,9,24,Empleado,4444000,1500000,333095
4,2074800.0,6,52,Independiente,12000000,4000000,288167
4,1360680.0,12,39,Empleado,5000000,800000,94492
4,2252280.0,12,33,Empleado,6000000,2500000,156408
4,1313760.0,12,27,Empleado,2000000,300000,91233
4,4064520.0,24,37,Empleado,4000000,1200000,177057
4,655200.0,8,36,Empleado,3000000,800000,74342
4,494400.0,6,57,Independiente,3200000,1500000,73499
9,1804441.2,10,62,Independiente,3500000,1890000,153044
4,3628681.2,12,37,Empleado,4800000,900000,251992
4,1396681.2,6,40,Independiente,2500000,600000,193984
9,892669.2,6,24,Empleado,1500000,1000000,121685
4,1899361.2,6,35,Empleado,3000000,500000,263800
4,1905153.6,6,46,Independiente,5000000,2000000,282256
4,8568000.0,8,55,Independiente,25000000,8000000,969517
4,3542040.0,6,26,Empleado,4000000,1500000,491950
4,3181080.0,6,34,Empleado,5000000,2000000,441817
4,1784280.0,12,24,Empleado,1540000,600000,123908
4,1634280.0,12,47,Empleado,1500000,400000,113492
4,1415760.0,6,40,Independiente,12000000,8000000,196633
4,2747640.0,12,46,Independiente,3000000,400000,190808
4,1302841.2,6,68,Empleado,2600000,500000,180950
9,889876.7999999999,10,41,Empleado,1400000,700000,75475
4,1226122.8,8,67,Independiente,3000000,1200000,139351
4,1680000.0,12,48,Independiente,5000000,4000000,131385
4,875880.0,6,39,Empleado,2500000,1000000,121650
4,876000.0,6,35,Empleado,4000000,1000000,130228
4,2443680.0,12,55,Independiente,7000000,4000000,169700
4,3175080.0,12,44,Independiente,5600000,1500000,220492
4,1127880.0,6,54,Empleado,4978000,2600000,156650
4,2191020.0,8,44,Empleado,3900000,800000,248289
4,1469880.0,6,65,Empleado,4500000,1000000,204150
4,3874680.0,12,43,Empleado,1500000,800000,303654
4,3855483.6,6,32,Empleado,5000000,700000,535484
4,1718041.2,12,45,Empleado,2200000,500000,119308
4,5450880.0,12,31,Independiente,4500000,1600000,378533
4,2333640.0,12,42,Empleado,2800000,1000000,162058
9,1036110.0,10,37,Empleado,4000000,3000000,95520
4,1259974.8,12,50,Empleado,3000000,1400000,99153
9,2874842.4,10,55,Independiente,4000000,1600000,243831
4,486360.0,6,32,Empleado,1350000,500000,72139
4,1440000.0,10,60,Independiente,3000000,1200000,132733
4,1201081.2,6,25,Independiente,2500000,550000,166817
9,2278539.6,11,30,Independiente,3000000,1000000,177276
4,1668960.0,12,36,Empleado,2500000,950000,115900
9,1913685.6,9,32,Empleado,1000000,0,178722
4,1311481.2,12,22,Empleado,10000000,2500000,91075
4,7127763.6,12,59,Independiente,10000000,2000000,494984
4,2033760.0,12,62,Independiente,2500000,500000,141233
9,3167260.8,10,38,Empleado,6000000,3000000,268632
9,3485312.4,9,22,Empleado,3500000,1300000,325498
4,683880.0,12,29,Empleado,2300000,500000,53818
9,1269000.0,5,56,Independiente,5000000,4000000,205691
9,2186290.8,10,26,Empleado,1700000,800000,185431
4,1466280.0,6,56,Empleado,2800000,1000000,203650
4,1560000.0,12,47,Independiente,10000000,4000000,122000
4,2701368.0,12,36,Empleado,2165000,1050000,211703
4,1546680.0,12,38,Empleado,2000000,800000,107408
9,1674068.4,10,69,Independiente,3000000,1500000,141987
4,1919760.0,12,46,Independiente,1600000,590000,133317
4,2331372.0,12,46,Independiente,1500000,600000,182697
9,2825122.8,10,66,Empleado,5000000,0,239614
9,3132021.6,10,37,Empleado,4200000,2500000,265644
4,2696282.4,12,26,Empleado,2000000,800000,187242
4,960000.0,6,62,Empleado,2500000,1000000,133333
4,2744280.0,6,33,Empleado,5200000,2000000,381150
4,2435880.0,12,34,Empleado,1600000,600000,169158
4,2435160.0,18,41,Independiente,3800000,1000000,134300
9,2069943.6,10,55,Independiente,6000000,2000000,175563
4,11712000.0,12,49,Independiente,25000000,10000000,916114
4,1145880.0,12,39,Empleado,4000000,1800000,79575
4,1369200.0,12,68,Empleado,4800000,0,107436
4,2559480.0,12,41,Empleado,3000000,1500000,200583
4,6743640.0,10,55,Independiente,3500000,650000,622353
9,2433656.4,10,49,Independiente,3500000,2000000,206411
4,2090760.0,10,29,Empleado,5800000,2000000,193052
4,1348800.0,12,40,Independiente,3800000,400000,105829
4,1348800.0,12,42,Independiente,3800000,400000,105829
4,5058660.0,18,28,Empleado,2900000,600000,278720
4,1201920.0,6,40,Empleado,2000000,900000,178208
9,4541006.399999999,9,42,Empleado,5000000,2000000,424091
4,4351200.0,12,45,Empleado,1000000,200000,341424
4,8208000.0,12,51,Empleado,3500000,1500000,642030
4,3095760.0,12,64,Empleado,2200000,380000,214983
4,3239277.6,12,26,Independiente,4000000,1500000,224950
4,1631880.0,6,38,Independiente,1800000,600000,226650
4,1032240.0,18,61,Independiente,2865000,1175000,56924
4,1777497.6,12,50,Empleado,2450000,700000,139894
4,8400000.0,18,63,Empleado,3000000,1000000,462820
4,1307520.0,6,57,Empleado,1000000,150000,193866
4,1865640.0,12,40,Independiente,9000000,3500000,129558
4,2640000.0,24,29,Empleado,2500000,650000,116053
9,1462982.4,10,60,Empleado,3800000,1500000,124083
6,1074500.4,10,33,Empleado,877803,0,98643
4,639900.0,6,49,Independiente,2000000,600000,94878
4,1631880.0,12,51,Empleado,1600000,700000,113325
4,2090760.0,24,34,Empleado,3000000,1000000,91189
4,1693800.0,12,57,Empleado,2000000,300000,132741
4,600000.0,12,23,Independiente,2500000,500000,47077
4,2608800.0,6,30,Independiente,3500000,1200000,386545
4,1199880.0,12,60,Empleado,2000000,600000,83325
4,2893800.0,18,26,Empleado,3000000,500000,159594
4,1445760.0,8,38,Empleado,4300000,1500000,163836
4,1499640.0,12,57,Independiente,4000000,1400000,117664
4,4099999.2,6,27,Independiente,5000000,1000000,607495
4,1086420.0,6,69,Empleado,2200000,200000,161083
4,1542840.0,6,62,Empleado,8000000,0,228757
4,667800.0,6,50,Independiente,3800000,1025000,99115
4,959880.0,12,28,Independiente,1000000,400000,66658
4,3720000.0,12,49,Independiente,6000000,1800000,290979
4,1140420.0,12,51,Empleado,1300000,500000,89369
4,2340000.0,18,58,Empleado,2500000,700000,129820
4,1590000.0,18,48,Independiente,7000000,3000000,87605
4,2796960.0,12,35,Empleado,2500000,700000,219194
4,2885880.0,12,25,Empleado,2500000,500000,200408
4,2849280.0,12,40,Empleado,1200000,300000,223146
4,776629.2,6,58,Independiente,1600000,600000,115455
4,1127880.0,6,37,Empleado,4000000,2000000,156650
4,3186720.0,12,28,Empleado,3000000,500000,249573
4,1742280.0,12,55,Empleado,1600000,350000,120992
9,3130383.6,11,41,Empleado,2000000,1000000,243552
4,1883760.0,12,42,Empleado,2500000,0,148241
4,11424000.0,6,48,Empleado,10000000,1500000,1692689
4,2246161.2,12,46,Empleado,1300000,600000,155983
4,1860000.0,10,40,Empleado,1300000,600000,171925
4,4660200.0,24,33,Empleado,2100000,800000,203006
4,3837300.0,18,40,Independiente,5500000,2000000,211426
4,1425649.2,12,38,Independiente,2700000,750000,112203
4,3931081.2,12,65,Empleado,12000000,2500000,272992
4,3554880.0,24,35,Independiente,12000000,2000000,155033
4,2293200.0,12,67,Empleado,1000000,250000,180482
9,6921398.399999999,9,122,Empleado,67085170,10873515,643309
4,2181360.0,12,65,Empleado,21000000,5000000,151483
4,2916000.0,24,27,Empleado,2500000,400000,127460
4,1897920.0,12,29,Independiente,1500000,400000,148730
4,532969.2,6,31,Empleado,1300000,500000,79232
9,1079986.8,5,53,Independiente,5000000,2000000,175054
4,2640000.0,6,29,Independiente,6000000,4000000,391962
4,2986800.0,24,40,Independiente,1500000,300000,130110
4,1620000.0,24,30,Empleado,4500000,3500000,70811
4,1115760.0,6,37,Empleado,1800000,600000,154967
4,2155622.4,12,32,Empleado,2300000,600000,168821
4,6600000.0,36,31,Empleado,8500000,2000000,213362
9,2497574.4,10,51,Independiente,3500000,2000000,211833
4,1404000.0,10,45,Independiente,3000000,800000,130116
4,2940000.0,12,29,Independiente,2000000,800000,230676
4,2591640.0,12,53,Empleado,2600000,1000000,202968
4,3574999.2,10,50,Independiente,12000000,10000000,329528
4,895326.0,6,42,Empleado,2100000,500000,133109
4,2823360.0,12,30,Empleado,1500000,600000,196067
4,1105800.0,6,38,Independiente,3000000,1500000,163957
4,2795520.0,12,37,Empleado,2750000,500000,194133
4,7125772.8,6,43,Independiente,8000000,2000000,1055823
4,4361760.0,12,30,Independiente,3000000,1200000,302900
4,1200000.0,12,25,Empleado,3400000,1500000,93980
4,3631332.0,24,30,Empleado,3900000,1500000,158367
4,2757240.0,6,41,Empleado,1000000,420000,409246
4,3165480.0,12,38,Empleado,6000000,1500000,219825
4,1738800.0,12,38,Empleado,6407000,3000000,136268
4,3748441.2,6,26,Independiente,4000000,500000,520617
4,6597360.0,12,55,Independiente,5000000,1000000,458150
4,900000.0,10,32,Empleado,2000000,800000,83400
4,4759928.399999999,12,68,Empleado,2100000,500000,374580
4,2672028.0,12,49,Independiente,5000000,1500000,185558
4,1089600.0,18,45,Empleado,1200000,300000,60450
4,2797680.0,6,32,Empleado,2900000,500000,414963
4,1668000.0,12,38,Empleado,2000000,400000,115833
4,1569120.0,6,32,Empleado,1900000,800000,232738
4,6735598.8,12,51,Independiente,5000000,1000000,467750
9,829597.2,9,53,Empleado,5500000,2000000,77477
9,1345897.2,10,47,Independiente,9000000,6000000,114153
4,6286333.2,36,41,Empleado,2200000,1200000,203550
4,990000.0,6,35,Independiente,4000000,2000000,146673
4,3000000.0,12,48,Empleado,2000000,800000,235400
4,3192000.0,12,29,Empleado,3000000,1000000,249631
4,4473000.0,12,42,Empleado,1900000,600000,350310
4,1170000.0,6,31,Independiente,2000000,700000,173340
4,1105920.0,6,24,Independiente,2000000,600000,163975
4,2069340.0,8,42,Empleado,4000000,700000,234391
4,684600.0,6,43,Independiente,3800000,260000,101609
4,619200.0,6,41,Empleado,3800000,2100000,91902
4,2931960.0,6,53,Empleado,2100000,400000,434721
4,3159481.2,12,27,Independiente,2500000,300000,219408
4,872745.6,8,39,Empleado,1000000,450000,99189
4,1988280.0,12,41,Empleado,2000000,400000,138075
4,970710.0,6,47,Empleado,2000000,600000,143927
4,1369200.0,6,25,Independiente,3800000,1250000,203217
4,2160000.0,12,65,Empleado,18000000,10000000,150000
4,2986800.0,12,35,Empleado,1500000,700000,234072
4,1369200.0,6,36,Empleado,3800000,1500000,203217
4,768000.0,6,49,Independiente,15000000,4000000,113991
9,2714128.8,4,29,Empleado,4000000,2000000,544885
9,1377442.8,10,43,Independiente,3000000,800000,116828
4,599880.0,6,25,Empleado,1800000,800000,83317
4,5146438.8,36,32,Independiente,2500000,1200000,166641
4,920400.0,6,55,Empleado,3000000,2000000,136829
4,1646280.0,6,48,Independiente,3800000,500000,228650
4,2040000.0,12,38,Empleado,1700000,200000,160537
4,6000000.0,6,50,Empleado,5500000,2500000,889920
9,1970757.6,9,58,Empleado,5000000,1500000,184052
4,1313880.0,12,33,Empleado,2300000,180000,91242
4,1907880.0,6,50,Independiente,5000000,2000000,264983
4,2569200.0,6,56,Independiente,2500000,1200000,381074
4,1414800.0,12,44,Empleado,1300000,500000,111349
4,5076721.2,12,35,Empleado,7500000,4000000,352550
9,1297747.2,6,58,Empleado,2500000,1500000,176904
9,799680.0,11,52,Empleado,3100000,1450000,62217
4,1105920.0,12,28,Empleado,2500000,1300000,86612
4,5808000.0,6,47,Empleado,8000000,3800000,860480
4,1529880.0,12,26,Empleado,3000000,0,106242
4,2849280.0,24,41,Empleado,1800000,600000,124120
4,2129280.0,18,69,Empleado,2100000,1200000,117318
4,2280000.0,12,61,Independiente,2000000,200000,158333
4,2825952.0,12,53,Independiente,8000000,1200000,221466
4,444000.0,6,34,Empleado,3500000,1500000,66010
4,6000000.0,36,34,Empleado,3500000,500000,193966
4,5712000.0,6,42,Independiente,15000000,6000000,846257
4,1836840.0,12,60,Independiente,3000000,450000,127558
4,1348800.0,6,61,Independiente,3800000,850000,200189
4,4263600.0,6,47,Empleado,6000000,2000000,632163
4,1631880.0,12,23,Independiente,4500000,1000000,113325
4,1051080.0,12,42,Empleado,1700000,600000,72992
9,916876.8,10,42,Empleado,1500000,800000,77765
4,2373600.0,12,43,Independiente,2500000,1500000,185892
4,1713600.0,6,62,Independiente,6000000,2000000,254075
4,701184.0,12,32,Independiente,2000000,1000000,54951
4,2206440.0,12,56,Empleado,3000000,500000,153225
4,4870980.0,6,44,Independiente,11000000,3000000,722464
9,14404814.4,11,122,Empleado,112770927,37518313,1212633
4,6749890.8,24,33,Empleado,1800000,100000,296722
4,7200000.0,6,68,Independiente,6500000,2500000,1000000
4,1711020.0,24,63,Empleado,4000000,450000,74627
4,2178000.0,6,61,Independiente,2000000,700000,322932
4,2090760.0,12,28,Empleado,1500000,400000,163741
4,4276800.0,6,42,Independiente,7000000,2000000,634120
4,588000.0,6,55,Empleado,1200000,500000,87413
6,1581060.0,6,31,Empleado,1400000,600000,234027
4,1449600.0,10,36,Empleado,1800000,500000,133990
4,2867640.0,12,42,Independiente,4000000,1500000,199142
4,1709761.2,12,53,Independiente,4500000,1500000,118733
4,3136789.2,6,36,Empleado,4900000,2000000,435665
4,2374332.0,6,47,Empleado,3500000,1500000,352171
4,1660440.0,24,38,Empleado,1700000,400000,72579
4,1826281.2,12,60,Empleado,4000000,1500000,126825
9,1223144.4,10,40,Independiente,6000000,2300000,103741
4,2893800.0,12,56,Empleado,4400000,450000,226772
4,1197600.0,6,23,Empleado,1100000,48000,178049
4,1154281.2,12,40,Empleado,5399258,2000000,80158
4,2074680.0,12,43,Empleado,1500000,500000,144075
4,3813360.0,12,41,Independiente,30000000,500000,264817
4,3048000.0,12,29,Empleado,5000000,1200000,238415
4,4515600.0,24,28,Independiente,3000000,500000,196931
4,1334280.0,12,51,Empleado,2500000,700000,92658
4,2113740.0,6,43,Empleado,4500000,1200000,313519
4,2642400.0,12,40,Independiente,2000000,560000,183500
4,3600000.0,12,46,Empleado,10000000,3500000,250000
4,3504000.0,8,34,Independiente,5000000,1500000,396550
4,6078722.399999999,12,28,Empleado,2800000,1000000,422134
4,2340000.0,12,37,Empleado,3100000,200000,183599
4,2990280.0,12,24,Empleado,3200000,1000000,207658
4,1544281.2,12,24,Empleado,2400000,800000,107242
4,1511881.2,12,55,Empleado,5000000,1800000,104992
4,3443880.0,6,36,Independiente,30000000,7000000,478317
4,3566400.0,6,54,Empleado,2900000,1000000,528790
9,1709907.6,10,34,Empleado,23061500,18826083,145026
4,1800000.0,6,34,Independiente,3500000,800000,267592
9,2541237.6,10,53,Independiente,3000000,1000000,215536
4,3410016.0,18,44,Empleado,2800000,150000,187884
9,2522097.6,10,25,Empleado,4000000,1500000,216238
4,1729560.0,12,38,Empleado,2400000,1000000,135453
4,4583998.8,12,28,Independiente,6000000,800000,359003
4,1826281.2,12,43,Independiente,2800000,1000000,126825
4,2869632.0,6,51,Empleado,3900000,1000000,425480
4,7312800.0,6,34,Independiente,8000000,2000000,1083422
4,1560000.0,12,44,Empleado,3100000,2600000,122763
4,1948680.0,12,28,Independiente,6000000,2500000,135325
4,1649280.0,6,34,Empleado,2000000,500000,244628
4,2880000.0,12,46,Independiente,15000000,6000000,225231
4,1607881.2,12,40,Empleado,2000000,1200000,111658
4,6000000.0,12,63,Empleado,1000000,3000000,470212
4,4263600.0,18,49,Empleado,1100000,300000,234914
9,1267844.4,10,58,Independiente,4000000,2000000,107533
4,1784280.0,12,47,Independiente,2300000,450000,123908
4,1344000.0,6,39,Empleado,2000000,650000,199140
4,3939840.0,12,54,Empleado,8000000,4000000,308555
9,2484966.0,10,33,Independiente,11000000,1000000,210763
4,2163480.0,12,32,Independiente,3500000,1500000,150242
9,2310025.2,11,32,Independiente,3500000,1500000,179726
4,924000.0,6,47,Empleado,1000000,300000,137145
4,1135680.0,6,45,Empleado,3200000,1200000,168387
4,4341696.0,36,57,Empleado,1200000,200000,139678
4,2293200.0,12,57,Empleado,2000000,1000000,179706
9,878880.0,5,55,Independiente,5000000,2000000,142457
4,1200000.0,12,60,Empleado,2400000,800000,83333
4,1313880.0,12,40,Independiente,1500000,300000,91242
4,859302.0,6,46,Empleado,3000000,1000000,127746
4,2893800.0,12,31,Empleado,5000000,2000000,226632
4,2460000.0,12,36,Empleado,3000000,2500000,193588
4,1669980.0,6,51,Empleado,3500000,1200000,247608
4,6000000.0,36,26,Empleado,1200000,400000,195480
4,2798040.0,12,41,Empleado,3800000,1000000,194308
4,1637880.0,12,61,Empleado,1200000,500000,113742
9,1709907.6,10,30,Empleado,3107583,1495000,145026
4,4669320.0,12,56,Independiente,12000000,3000000,365929
4,1369200.0,6,51,Independiente,7000000,4000000,203217
9,1269000.0,5,54,Independiente,5000000,2000000,205691
4,2545081.2,12,59,Independiente,6000000,3000000,176742
9,4745917.2,10,63,Independiente,3000000,1200000,402527
9,2990392.8,10,36,Empleado,4000000,1500000,253631
4,741780.0,10,50,Empleado,3600000,1500000,68493
4,1711081.2,12,39,Independiente,7000000,4000000,118825
4,1307520.0,6,42,Independiente,10000000,4000000,193866
9,2482446.0,10,55,Empleado,1117000,700000,210550
4,2719080.0,12,34,Empleado,2800000,1200000,188825
4,1980000.0,6,52,Independiente,12000000,8000000,293345
4,1068961.2,6,65,Empleado,3500000,2000000,148467
4,1787880.0,12,55,Independiente,10000000,4000000,124158
4,1649280.0,6,29,Empleado,1400000,300000,244538
4,1199760.0,12,33,Independiente,8000000,2000000,83317
4,1695480.0,6,57,Independiente,1600000,600000,235483
4,1516680.0,12,37,Empleado,2000000,300000,105325
9,2218362.0,10,59,Empleado,1200000,200000,188151
4,4229760.0,12,28,Empleado,2000000,150000,293733
4,1879200.0,18,31,Empleado,1128000,400000,103539
4,2473461.6,6,61,Independiente,2000000,800000,366454
4,1482264.0,12,39,Empleado,5000000,2000000,116163
4,5099880.0,12,48,Empleado,2500000,800000,354158
9,1450628.4,9,42,Independiente,1200000,600000,135476
4,5371176.0,12,49,Independiente,1500000,500000,420652
9,1955869.2,10,41,Empleado,652000,0,165888
4,2182560.0,6,48,Empleado,8000000,5000000,303133
4,2292000.0,12,45,Independiente,3000000,200000,180368
4,1546680.0,6,57,Empleado,1800000,800000,214817
4,3000000.0,12,46,Independiente,5000000,2500000,235384
4,1546680.0,6,30,Independiente,8000000,2200000,214817
4,1307880.0,6,48,Empleado,4000000,800000,194432
4,2012280.0,12,48,Independiente,2800000,1500000,139742
4,2198100.0,10,42,Empleado,1900000,800000,202857
4,2373600.0,12,33,Empleado,2000000,500000,185892
4,1971840.0,6,60,Empleado,4000000,1500000,292471
4,2174280.0,12,66,Empleado,5000000,3000000,150992
4,902400.0,6,46,Empleado,3200000,1200000,133799
4,699300.0,6,23,Empleado,2000000,300000,103723
4,14400000.0,12,46,Empleado,7800000,0,1126369
9,2241819.6,9,43,Empleado,8000000,5000000,209367
9,922660.8,10,32,Empleado,1500000,800000,78256
4,3443760.0,12,33,Empleado,2300000,600000,269703
4,1200000.0,6,45,Empleado,10000000,4000000,166667
4,2535481.2,12,45,Empleado,2000000,0,176075
4,1266420.0,12,46,Empleado,1117000,400000,99248
4,2811600.0,36,43,Empleado,6500000,4500000,91602
4,870060.0,8,58,Empleado,3883000,850000,98550
4,625380.0,6,40,Independiente,3000000,1000000,92725
4,4410000.0,12,31,Empleado,2700000,500000,344885
4,1320000.0,12,37,Independiente,7000000,1500000,103231
4,9527880.0,12,51,Empleado,13000000,2000000,661658
4,1167480.0,12,53,Empleado,1900000,300000,81075
4,5235480.0,18,28,Empleado,5000000,2000000,288738
4,720000.0,6,33,Empleado,3500000,1500000,107037
4,3216000.0,6,39,Empleado,4060000,2500000,476464
4,1319880.0,12,32,Empleado,2500000,350000,103878
4,4253520.0,12,41,Independiente,4000000,500000,295383
4,3230340.0,6,40,Empleado,3000000,400000,479137
9,2671850.4,9,36,Empleado,5500000,4500000,249528
4,3920040.0,12,43,Empleado,2500000,1500000,272225
4,2646000.0,12,46,Independiente,5000000,500000,206931
4,2138400.0,12,43,Empleado,1500000,300000,167584
4,452400.0,6,36,Independiente,1500000,300000,67255
4,2138400.0,12,49,Empleado,1100000,100000,167472
4,1920000.0,6,54,Independiente,3500000,700000,266667
4,1673698.8,12,55,Independiente,1500000,800000,131078
4,1320000.0,24,55,Empleado,7000000,3000000,57501
4,1234680.0,12,63,Empleado,1640000,800000,85742
4,5975640.0,6,35,Independiente,8000000,2000000,829950
4,683880.0,6,63,Empleado,2500000,600000,101667
4,1301880.0,12,56,Empleado,1700000,400000,90408
4,1307520.0,10,32,Empleado,1200000,500000,120668
4,1257600.0,12,21,Empleado,1000000,200000,98680
4,3336000.0,10,46,Independiente,5500000,3000000,307498
4,1935492.0,12,33,Independiente,2000000,700000,151581
4,1031880.0,12,49,Empleado,1250000,250000,71658
4,1490760.0,8,66,Independiente,2500000,200000,168856
4,1200000.0,6,32,Independiente,3000000,400000,177924
4,1994460.0,18,40,Empleado,2500000,500000,109995
4,2426880.0,12,57,Empleado,4398643,1950000,190065
4,3240960.0,12,57,Empleado,1800000,720000,225067
4,1491480.0,12,40,Independiente,4000000,2000000,103575
4,1923600.0,6,46,Empleado,2000000,700000,285212
4,7429920.0,12,50,Empleado,7500000,2500000,515967
4,2946660.0,12,27,Empleado,4000000,860000,230772
4,1923600.0,8,41,Empleado,2500000,1000000,217883
4,2738280.0,6,47,Empleado,20000000,7000000,406153
4,1105800.0,6,34,Empleado,3500000,500000,163957
9,3017808.0,12,36,Empleado,2000000,1000000,236053
4,2640000.0,12,32,Independiente,6000000,600000,207753
4,4174800.0,12,41,Empleado,3600000,700000,289917
4,978000.0,6,30,Empleado,2000000,1000000,145008
4,499200.0,8,60,Empleado,2500000,1000000,56544
4,2302680.0,12,53,Independiente,4500000,1100000,159908
4,2311080.0,12,40,Empleado,1400000,300000,160492
4,2767080.0,12,59,Empleado,3600000,500000,192158
4,3336000.0,12,52,Independiente,12000000,4000000,261765
4,2781361.2,12,59,Empleado,2000000,300000,193150
4,1520640.0,12,62,Empleado,1200000,200000,119091
4,2762520.0,12,54,Empleado,2400000,1300000,216495
4,2112000.0,12,39,Independiente,3200000,1700000,165170
4,652680.0,6,57,Empleado,2000000,0,90650
4,1666800.0,12,29,Empleado,3000000,1000000,130625
4,2813520.0,12,47,Empleado,3000000,500000,195383
4,2918280.0,6,29,Empleado,7000000,5000000,405317
4,1247460.0,6,40,Independiente,1039550,0,184961
9,926888.4,10,32,Empleado,1500000,700000,78614
4,1645080.0,12,43,Empleado,1900000,150000,114242
4,2107080.0,12,25,Empleado,2000000,700000,146325
4,2974680.0,12,36,Empleado,3000000,600000,206575
4,1935480.0,12,32,Empleado,4000000,1500000,134408
4,3297499.2,12,54,Empleado,3500000,900000,257882
4,962844.0,10,37,Empleado,4500000,1000000,88909
4,5663641.2,6,30,Empleado,4000000,1000000,841970
4,1728789.6,12,61,Empleado,1500000,450000,135200
4,2134440.0,6,56,Independiente,4500000,1200000,296450
4,1631466.0,12,38,Empleado,1250000,500000,128387
4,1581180.0,10,60,Independiente,5000000,0,146006
4,3116280.0,12,35,Empleado,8000000,250000,216408
4,2476320.0,12,41,Empleado,5000000,1000000,171967
4,3327240.0,12,65,Empleado,5000000,1200000,231058
4,1067520.0,12,52,Empleado,5000000,2000000,74133
4,4127880.0,12,46,Independiente,5000000,1500000,286658
4,1194960.0,6,43,Empleado,4000000,1500000,165967
4,2648100.0,12,42,Independiente,5000000,2000000,207528
4,954000.0,12,35,Independiente,3000000,340000,75074
4,3335760.0,12,28,Empleado,4500000,2500000,231650
4,2287860.0,12,44,Independiente,6000000,3000000,179297
4,3069240.0,12,61,Empleado,2300000,500000,213142
4,1780200.0,12,40,Empleado,2300000,300000,139512
4,1369200.0,8,53,Independiente,8000000,500000,155288
4,1755480.0,12,39,Empleado,7000000,3000000,121908
4,2702160.0,12,48,Empleado,3500000,800000,187650
4,1187760.0,6,39,Empleado,5000000,2000000,164967
4,5747400.0,6,36,Empleado,7450000,4000000,798250
10,2048760.0,10,56,Empleado,3000000,1100000,189372
4,1780800.0,12,49,Independiente,3000000,1120000,139294
4,3328680.0,12,33,Empleado,2300000,800000,231158
4,3600000.0,12,52,Independiente,3000000,600000,250000
4,1511881.2,12,39,Empleado,2200000,800000,104992
4,5746080.0,12,38,Empleado,10500000,4000000,399033
4,2704198.8,12,50,Empleado,1000000,500000,187792
4,659760.0,12,33,Empleado,2000000,150000,45817
4,3699912.0,12,42,Empleado,10000000,3000000,289957
4,3347760.0,12,39,Empleado,6000000,2000000,232483
4,720000.0,12,38,Empleado,3000000,500000,50000
4,4953960.0,12,39,Empleado,2000000,800000,388216
4,2421600.0,12,29,Empleado,1800000,500000,190566
4,3269640.0,12,37,Empleado,1500000,800000,227058
4,1085880.0,12,54,Empleado,2000000,500000,75408
4,7196640.0,12,32,Empleado,4500000,1000000,499767
4,1308720.0,24,37,Empleado,1500000,500000,57010
4,2626500.0,24,39,Empleado,2400000,700000,114556
4,2871241.2,12,39,Empleado,1700000,500000,199392
4,3572881.2,12,44,Empleado,5000000,2500000,248117
4,3170040.0,12,37,Empleado,2500000,400000,220142
4,2110321.2,12,37,Empleado,6000000,1000000,146550
4,3120000.0,12,33,Empleado,2700000,100000,245527
4,3517800.0,12,33,Empleado,2000000,400000,244292
4,2183640.0,12,35,Empleado,3500000,1500000,151642
4,5531760.0,12,49,Empleado,7000000,3000000,384150
4,2036281.2,12,51,Empleado,3500000,1000000,141408
4,2524560.0,12,42,Empleado,1500000,400000,175317
4,2177880.0,12,35,Empleado,1900000,500000,171387
4,3792960.0,12,39,Empleado,4000000,2800000,263400
4,1281480.0,12,58,Empleado,3200000,1400000,88992
4,2645760.0,6,39,Empleado,2600000,700000,392286
4,3355632.0,36,41,Empleado,1500000,700000,107955
9,2394384.0,9,32,Empleado,6000000,3000000,223615
4,8664000.0,6,38,Empleado,3300000,2000000,1288087
4,3600000.0,24,34,Empleado,2500000,800000,158254
4,1240920.0,6,41,Empleado,6000000,3000000,184058
4,3258120.0,10,57,Empleado,1500000,300000,300854
4,1823880.0,12,43,Empleado,6000000,800000,126658
9,3659030.4,11,36,Empleado,3900000,2000000,284682
4,1557120.0,6,25,Empleado,1700000,1000000,216267
4,2893800.0,12,33,Empleado,4700000,2200000,226783
4,1200000.0,6,40,Empleado,5000000,2500000,166667
4,815760.0,6,52,Empleado,3000000,500000,113300
4,2000400.0,6,66,Empleado,1400000,240000,296708
4,2777760.0,12,39,Empleado,2600000,900000,192900
9,442560.0,8,38,Independiente,5000000,2000000,46078
4,2377152.0,6,66,Empleado,3000000,1500000,352460
4,1320000.0,12,40,Empleado,4000000,1700000,103877
4,1136520.0,6,24,Empleado,1200000,250000,168512
4,2734680.0,12,39,Empleado,1500000,500000,189908
9,1269000.0,5,47,Independiente,5000000,2000000,205691
4,1496880.0,12,33,Empleado,1700000,550000,117230
4,4740361.2,12,40,Empleado,7000000,3000000,329192
4,2520000.0,8,60,Independiente,5000000,2000000,286424
4,1440000.0,12,38,Independiente,10000000,6000000,112984
4,2212680.0,6,33,Independiente,2500000,800000,307317
4,1079880.0,12,31,Independiente,3000000,600000,74992
4,1815360.0,12,45,Independiente,8000000,2000000,126067
4,2759641.2,12,37,Empleado,5000000,2000000,191642
4,3580200.0,12,26,Independiente,10000000,5000000,280389
4,2775478.8,12,32,Empleado,20500000,5000000,192742
4,4273980.0,12,68,Empleado,6500000,3700000,296804
4,1181880.0,12,45,Empleado,4200000,1200000,82075
4,2102106.0,8,52,Empleado,1600000,480000,238926
4,2196000.0,12,24,Independiente,1700000,400000,172301
4,2120281.2,12,32,Empleado,3600000,1200000,147242
4,2016000.0,12,43,Empleado,1800000,150000,140000
4,1495680.0,6,47,Empleado,4000000,1000000,221845
4,1560000.0,6,49,Empleado,4000000,1000000,216667
4,2783400.0,12,43,Independiente,2000000,350000,193292
4,1126558.8,6,39,Empleado,2500000,800000,156467
4,618000.0,12,31,Empleado,1919000,100000,48519
4,1784280.0,12,27,Empleado,2200000,500000,123908
4,5668080.0,24,33,Empleado,1800000,900000,246911
4,3540000.0,24,30,Empleado,1650000,500000,154736
4,5795520.0,12,41,Empleado,4000000,1500000,402467
4,2216280.0,12,40,Empleado,1600000,700000,153908
4,5505481.2,12,36,Empleado,6000000,2500000,382325
4,4317361.2,12,51,Independiente,3000000,2000000,299817
4,1542840.0,6,40,Empleado,10000000,8000000,228757
4,4601640.0,12,27,Empleado,2200000,200000,319558
4,1696681.2,6,36,Empleado,1100000,450000,235650
4,1388280.0,12,47,Empleado,1300000,600000,96408
4,1400641.2,6,59,Empleado,5000000,1200000,207749
4,2342040.0,12,63,Empleado,3500000,1000000,162642
4,1440000.0,12,25,Empleado,2500000,800000,100000
4,1043281.2,12,45,Independiente,4560000,1000000,72450
4,2591760.0,12,33,Empleado,3000000,1000000,179983
4,720000.0,12,55,Empleado,1800000,400000,50000
4,2999760.0,12,59,Independiente,1200000,800000,208317
4,2365081.2,12,64,Empleado,2000000,600000,164242
4,724320.0,6,65,Empleado,4600000,1500000,107395
4,2759880.0,10,54,Independiente,3500000,250000,255772
4,3395880.0,12,62,Empleado,4500000,1500000,235825
4,1389600.0,6,50,Empleado,1600000,500000,206036
4,1502400.0,12,54,Independiente,5200000,2800000,117741
9,1183695.6,11,36,Independiente,3400000,1300000,92095
4,3338280.0,36,37,Independiente,6000000,1500000,108093
4,3343189.2,12,42,Empleado,2500000,1500000,232166
9,1861051.2,11,40,Independiente,3300000,1400000,144795
4,1051081.2,12,37,Empleado,2000000,700000,72992
4,2247480.0,12,66,Empleado,2000000,500000,156075
4,2400000.0,6,62,Empleado,3500000,350000,333333
4,1539120.0,12,44,Empleado,2800000,600000,106883
4,4144560.0,6,32,Empleado,6500000,2500000,575633
4,564000.0,6,50,Empleado,1100000,500000,78333
4,2691240.0,12,41,Empleado,2000000,1300000,186892
4,1479421.2,12,62,Empleado,4200000,1500000,102738
4,3939840.0,6,32,Independiente,16000000,2300000,584159
4,1530000.0,12,57,Independiente,1000000,0,120120
9,3118587.6,9,65,Independiente,3000000,1500000,291249
4,2648520.0,12,59,Empleado,2000000,150000,207561
4,2059080.0,12,34,Empleado,5000000,3000000,142992
4,2174280.0,12,28,Empleado,2000000,800000,150992
9,4559331.6,11,122,Empleado,31305436,1770357,354728
4,762480.0,10,39,Empleado,2000000,700000,70367
4,2849280.0,12,37,Empleado,1000000,500000,223146
4,1817880.0,12,39,Empleado,1000000,400000,126242
4,3243168.0,12,55,Independiente,2000000,300000,253994
4,2566560.0,12,47,Empleado,13000000,5000000,178233
9,2237139.6,10,69,Empleado,3000000,1600000,189744
4,788281.2,12,51,Empleado,1500000,500000,54742
9,2407514.4,10,67,Empleado,2000000,1500000,204194
4,3159360.0,12,65,Empleado,2000000,810000,219400
4,1200000.0,12,55,Independiente,4000000,1000000,83333
4,840000.0,6,43,Empleado,7000000,2500000,124876
4,2998800.0,18,50,Empleado,2700000,600000,165384
4,1307520.0,12,26,Empleado,3000000,1200000,102400
4,2649840.0,12,58,Empleado,3000000,950000,207526
9,2695840.8,9,54,Independiente,4000000,2000000,251768
4,1896000.0,12,60,Empleado,4800000,2000000,148854
4,611040.0,6,68,Independiente,3500000,1200000,90599
4,1714681.2,12,37,Empleado,3500000,1200000,119075
4,2287080.0,12,40,Empleado,1800000,800000,158825
4,3196065.6,12,56,Independiente,1500000,800000,250784
6,2030527.2,20,33,Empleado,3500000,0,101497
4,1449240.0,12,29,Empleado,2600000,700000,100642
4,8414161.2,12,41,Independiente,20000000,5000000,584317
4,1749999.6,12,28,Independiente,4000000,1200000,136859
4,3716820.0,12,30,Independiente,5000000,2000000,291282
4,2555880.0,12,47,Empleado,6000000,2000000,177492
4,875520.0,6,31,Empleado,2900000,800000,129813
9,3424414.8,10,38,Independiente,0,0,290443
4,1689480.0,12,68,Independiente,3000000,1000000,117325
9,640880.4,9,56,Independiente,4500000,2000000,59853
9,2297779.2,10,51,Empleado,3000000,1500000,194887
4,4827600.0,6,47,Empleado,6000000,2500000,716049
4,2902680.0,12,48,Empleado,1300000,300000,201575
9,1123033.2,9,43,Independiente,3700000,2500000,104882
4,6222139.2,36,42,Empleado,2500000,0,201183
4,2756280.0,6,40,Independiente,7000000,3000000,382817
4,2334000.0,8,50,Independiente,18000000,8000000,264711
4,1823880.0,6,62,Empleado,1600000,200000,253317
4,1703762.4,12,35,Empleado,4000000,1500000,118317
4,6030336.0,18,27,Empleado,2000000,500000,332257
9,3910100.4,11,62,Empleado,2500000,500000,304216
9,2508831.6,11,57,Empleado,6000000,4000000,212167
4,2439480.0,6,47,Independiente,18000000,5000000,338817
4,3032280.0,12,30,Empleado,2000000,800000,210575
4,672000.0,6,39,Independiente,2000000,500000,99901
4,1330560.0,12,48,Empleado,1500000,900000,92400
4,1699479.6,12,31,Empleado,1400000,500000,133740
4,3068160.0,12,25,Empleado,1800000,400000,213067
4,1348957.2,10,27,Empleado,2800000,800000,124753
4,1044000.0,18,31,Empleado,1300000,100000,57929
4,1186800.0,6,29,Empleado,1500000,200000,175967
4,3600000.0,12,57,Empleado,5500000,800000,250000
4,1771927.2,8,55,Independiente,1000000,500000,201382
9,1604400.0,2,60,Independiente,4000000,2000000,632417
4,3950281.2,12,35,Independiente,6500000,1500000,274325
4,1032240.0,10,35,Empleado,1200000,300000,95317
4,486000.0,10,48,Independiente,1100000,150000,44852
4,1895880.0,12,36,Independiente,2500000,600000,131658
4,4031760.0,12,39,Empleado,15000000,2000000,279983
4,4078200.0,12,38,Independiente,3500000,1500000,319390
4,719880.0,6,49,Empleado,1600000,500000,99983
4,3143880.0,12,40,Empleado,1200000,400000,218325
4,2057640.0,6,48,Independiente,1700000,400000,285783
4,1389240.0,12,42,Empleado,2000000,300000,108873
4,4800000.0,24,32,Independiente,15000000,5000000,209354
9,2242039.2,5,27,Empleado,2500000,1000000,363409
4,3429240.0,12,40,Empleado,2000000,300000,238142
4,957480.0,10,52,Empleado,2800000,600000,88549
4,1627712.4,12,30,Independiente,2800000,180000,128092
4,4389720.0,12,41,Independiente,5000000,1000000,343788
9,4880618.399999999,10,55,Independiente,6000000,3000000,413951
4,971880.0,6,31,Independiente,1200000,150000,134983
4,661164.0,6,41,Empleado,6500000,500000,98134
9,2735934.0,11,49,Independiente,4000000,2000000,212863
4,1680000.0,6,66,Empleado,5000000,2000000,233333
4,1117680.0,6,63,Empleado,4000000,1000000,155233
9,799680.0,11,57,Independiente,3300000,1400000,62217
4,612000.0,12,54,Empleado,1000000,90000,48161
4,960000.0,12,46,Empleado,1000000,200000,75547
4,2448840.0,12,63,Empleado,1300000,300000,170058
4,4396200.0,12,59,Empleado,1700000,300000,305292
4,3327178.8,12,40,Empleado,3100000,500000,231054
9,1006680.0,10,57,Empleado,1500000,500000,85382
4,1896000.0,12,57,Independiente,3000000,800000,149205
4,3433080.0,6,46,Empleado,8000000,5000000,476817
9,740662.7999999999,10,45,Empleado,1500000,800000,62820
4,3191760.0,12,30,Empleado,5500000,1500000,221650
4,2637360.0,6,37,Empleado,3800000,650000,366300
4,1847880.0,12,61,Empleado,1500000,300000,128325
4,1787880.0,12,31,Independiente,2900000,1000000,124158
4,1657200.0,8,46,Empleado,4800000,250000,187796
4,4416000.0,24,28,Empleado,3800000,1000000,193050
9,4193427.6,10,122,Empleado,4663274549,934303642,355667
4,5011680.0,12,55,Empleado,4190000,1000000,348033
9,3363643.2,10,33,Independiente,5000000,1150000,285289
4,1977360.0,6,26,Empleado,2000000,450000,274633
4,552000.0,6,26,Empleado,1300000,400000,82062
4,3414433.2,6,25,Independiente,4000000,1500000,505863
4,1817880.0,12,49,Empleado,1300000,450000,126242
4,2849280.0,8,50,Independiente,5000000,750000,322884
4,4541880.0,12,54,Empleado,3000000,1200000,315408
4,1657200.0,6,21,Empleado,1000000,200000,245803
4,1247460.0,12,36,Empleado,2000000,500000,97697
4,1736820.0,6,40,Independiente,3000000,1500000,257518
4,1234776.0,12,33,Empleado,1700000,700000,97170
4,560940.0,8,39,Empleado,4000000,800000,63537
4,3750000.0,12,36,Independiente,5000000,3000000,293270
4,2879880.0,24,25,Empleado,2000000,230000,126573
4,3600000.0,36,42,Empleado,2200000,1100000,117288
10,791880.0,24,40,Empleado,2200000,200000,34618
4,1749540.0,12,40,Empleado,1800000,600000,137018
4,599880.0,6,31,Independiente,2500000,1200000,83317
4,994980.0,6,48,Empleado,2300000,1100000,147580
10,1456800.0,12,67,Independiente,2400000,1200000,114302
4,1908000.0,12,43,Empleado,1174000,600000,150149
4,1163760.0,6,41,Independiente,4000000,1100000,161633
4,1200000.0,6,42,Independiente,4000000,2000000,166667
4,4070400.0,12,47,Independiente,1500000,500000,318976
4,1415880.0,12,37,Empleado,2400000,1300000,98325
4,3342360.0,12,46,Empleado,3000000,1000000,263025
4,2604000.0,12,47,Empleado,6500000,3200000,203647
4,2337240.0,12,26,Empleado,1300000,600000,162308
4,1199760.0,12,37,Empleado,2600000,1300000,83317
9,25657455.6,10,122,Empleado,129000000,84000000,2355457
4,1632000.0,12,42,Empleado,3000000,1500000,128443
4,3600000.0,6,44,Empleado,2500000,500000,533355
4,366420.0,6,52,Independiente,2500000,1000000,54329
4,6630540.0,12,35,Empleado,4000000,2000000,519627
4,817080.0,12,37,Empleado,3800000,1000000,56742
4,3583254.0,6,25,Empleado,3000000,800000,531847
4,720000.0,6,31,Empleado,1000000,350000,106867
4,3057480.0,12,38,Empleado,3500000,2500000,239451
4,1320129.6,12,60,Independiente,1200000,500000,103887
4,5839320.0,10,64,Empleado,2500000,100000,539202
4,1508281.2,12,46,Empleado,1800000,800000,104742
4,907200.0,12,32,Empleado,1035000000,400000,70948
4,1440000.0,12,49,Independiente,1000000,500000,112776
4,4296000.0,6,54,Empleado,12000000,4000000,636470
4,1661520.0,12,28,Empleado,1200000,400000,130124
4,1661520.0,6,42,Empleado,1800000,800000,246353
4,3540000.0,12,43,Independiente,7000000,950000,276847
4,1678200.0,6,41,Empleado,2500000,1000000,248826
4,2952000.0,6,31,Independiente,2500000,1000000,438153
4,1231111.2,12,42,Empleado,4000000,100000,96882
4,480000.0,6,41,Empleado,2500000,400000,66667
4,4423921.2,12,34,Empleado,4000000,1200000,346697
4,1034400.0,12,41,Empleado,1200000,500000,81402
4,1984560.0,12,44,Empleado,2700000,350000,137817
4,991800.0,6,66,Independiente,1200000,0,147054
9,2560876.8,11,36,Independiente,10000000,5000000,201409
4,1247880.0,12,32,Empleado,1500000,700000,86658
4,2997120.0,6,45,Independiente,2500000,700000,444382
4,1031880.0,12,40,Independiente,2000000,300000,71658
4,1541400.0,10,48,Independiente,3000000,1100000,142252
4,2937480.0,12,62,Empleado,7800000,1100000,203992
4,1307520.0,12,25,Independiente,6000000,2400000,102400
4,480000.0,6,32,Empleado,2000000,150000,71196
4,1680000.0,12,40,Empleado,1800000,600000,132207
4,1307520.0,6,26,Empleado,2000000,500000,193866
4,910440.0,12,42,Independiente,1800000,500000,71302
9,1352720.4,10,28,Independiente,1800000,900000,114731
4,1784280.0,12,31,Independiente,2000000,500000,123908
4,1389960.0,12,55,Empleado,1800000,300000,108857
4,1946280.0,12,32,Independiente,2500000,1000000,135158
4,2674560.0,12,42,Empleado,3500000,1000000,185733
4,1960680.0,12,25,Empleado,2500000,600000,136158
4,607200.0,6,59,Empleado,6000000,3000000,90268
4,1080000.0,12,38,Empleado,2000000,1000000,84990
4,1428000.0,10,46,Independiente,3000000,900000,131627
9,1890580.8,10,36,Independiente,3900000,2000000,160350
4,1467480.0,24,63,Empleado,2000000,420000,64497
4,2528100.0,6,58,Independiente,2500000,800000,374841
9,1790350.8,10,56,Independiente,3000000,1800000,151849
4,949080.0,6,26,Independiente,1800000,400000,131817
9,2160248.4,11,38,Empleado,6000000,2000000,182688
4,6710700.0,12,44,Empleado,7000000,500000,525559
9,1123536.0,10,38,Empleado,2500000,1000000,95293
9,2321846.4,9,44,Independiente,5000000,3000000,216840
4,2180160.0,12,24,Empleado,1800000,450000,151400
4,3076800.0,18,28,Empleado,4000000,1900000,169524
9,5493334.8,2,122,Empleado,29000000,980000,2165346
4,1872000.0,12,44,Independiente,6000000,4000000,146400
4,4633801.2,12,37,Empleado,4500000,2000000,321792
4,2823600.0,12,31,Independiente,2500000,1000000,221135
4,2004960.0,6,59,Empleado,3000000,1350000,278467
4,1958281.2,12,34,Empleado,1700000,500000,135992
4,6803160.0,10,35,Empleado,7000000,2000000,627846
4,2933880.0,6,24,Empleado,2000000,200000,436157
4,6960000.0,12,48,Empleado,6000000,3000000,544309
4,910080.0,12,61,Independiente,1300000,200000,71322
4,4747680.0,8,35,Empleado,3200000,300000,537762
4,2869620.0,12,48,Independiente,3000000,500000,224739
4,2463720.0,6,37,Independiente,4500000,1500000,365295
4,1924560.0,12,27,Empleado,2164000,900000,133650
4,3198720.0,24,60,Independiente,2000000,350000,139342
4,432000.0,6,37,Empleado,1800000,300000,64222
9,2384874.0,10,24,Empleado,1200000,500000,202274
4,1993081.2,12,36,Empleado,4000000,850000,138408
4,469063.2,6,30,Empleado,1000000,200000,69732
4,1765080.0,12,63,Empleado,4000000,1980000,122575
4,809280.0,6,53,Independiente,4000000,1200000,119992
4,3509100.0,6,39,Empleado,2625000,800000,520294
9,2293012.8,9,44,Empleado,3000000,2000000,214148
4,1174080.0,12,60,Independiente,1800000,600000,92011
4,480000.0,6,22,Empleado,1500000,600000,66667
4,3197880.0,12,57,Independiente,5000000,1500000,222075
4,1655340.0,12,37,Empleado,1700000,300000,114954
4,3116400.0,6,45,Independiente,7000000,1500000,462068
4,2696640.0,8,25,Empleado,1310000,300000,305444
4,991800.0,12,39,Empleado,2300000,500000,77674
4,559800.0,6,60,Empleado,6000000,4500000,83001
4,1632120.0,6,28,Empleado,1800000,150000,241994
10,2417400.0,12,63,Independiente,1500000,1300000,189685
4,2192400.0,6,30,Empleado,6000000,4000000,325927
4,623880.0,6,26,Empleado,3600000,2700000,86650
4,2879880.0,12,63,Independiente,4000000,1000000,199992
4,1034400.0,12,26,Empleado,1500000,800000,81402
4,7096558.8,12,38,Independiente,3866000,1200000,492817
4,1388280.0,12,57,Empleado,1960000,350000,96408
4,3220680.0,12,58,Independiente,7000000,2500000,223658
4,2009880.0,12,36,Empleado,1800000,0,139575
4,599760.0,12,57,Independiente,1500000,400000,41650
4,3844201.2,12,38,Independiente,1500000,500000,266958
4,1232281.2,12,24,Empleado,4000000,1000000,85575
9,1528578.0,10,59,Independiente,1500000,350000,129647
9,1854490.8,10,37,Empleado,2600000,500000,157289
9,2093484.0,9,58,Empleado,4750000,3300000,195513
9,1378429.2,10,45,Independiente,3290000,2000000,116912
9,2550196.8,11,55,Empleado,2000000,1100000,198412
4,639708.0,6,61,Independiente,3800000,400000,94946
4,1855080.0,12,43,Empleado,2000000,500000,128825
4,960000.0,6,65,Empleado,2300000,600000,142339
4,1560000.0,10,56,Independiente,3000000,1500000,143817
4,1946280.0,12,25,Empleado,1500000,500000,135158
4,922680.0,6,59,Independiente,1700000,700000,128150
4,474290.4,6,46,Empleado,1800000,450000,70509
4,2362680.0,12,65,Independiente,1100000,500000,164075
4,1200000.0,6,56,Independiente,2400000,1100000,166667
4,1488000.0,6,44,Empleado,2000000,1000000,220453
4,2949828.0,12,54,Empleado,2500000,300000,231174
4,5154718.8,12,34,Empleado,4500000,650000,357967
4,2435880.0,12,59,Empleado,4000000,1000000,169158
4,1649280.0,12,32,Independiente,2400000,400000,129166
4,3871200.0,36,40,Empleado,2000000,1000000,125169
4,576720.0,6,54,Empleado,4300000,1500000,85510
4,1851361.2,12,34,Empleado,1800000,500000,128567
4,1552680.0,12,23,Independiente,2200000,500000,107825
4,1940278.8,12,37,Empleado,5720000,3000000,134742
9,4859517.6,3,63,Empleado,3500000,2000000,1288861
4,945360.0,6,26,Empleado,3428000,1500000,140168
4,538800.0,6,64,Empleado,1500000,500000,79972
4,2645760.0,12,52,Independiente,2800000,500000,207345
4,2158680.0,12,37,Empleado,2300000,600000,149908
4,4800000.0,12,56,Empleado,2500000,900000,333333
4,2640000.0,12,29,Empleado,4000000,2000000,206501
4,1436400.0,24,48,Empleado,1000000,600000,63131
9,2414886.0,10,29,Independiente,3000000,300000,204819
4,2537880.0,12,62,Independiente,3500000,1500000,176242
4,3895920.0,8,54,Empleado,5000000,1000000,441285
4,2137080.0,12,30,Empleado,2265000,1500000,148408
4,959880.0,12,41,Empleado,1400000,250000,66658
4,2696640.0,6,45,Independiente,7000000,4000000,399830
4,2986800.0,8,37,Empleado,3900000,1300000,338310
9,2896401.6,9,41,Independiente,5500000,2500000,270499
4,3600000.0,12,65,Independiente,2000000,300000,283300
4,840000.0,12,27,Empleado,3000000,1800000,58333
4,487923.6,6,61,Independiente,1500000,250000,72344
4,1174080.0,6,66,Empleado,6700000,500000,174081
4,2862000.0,12,28,Empleado,4000000,1300000,224291
4,776640.0,6,33,Empleado,2000000,500000,115152
4,485700.0,6,66,Empleado,3000000,500000,72015
9,1641846.0,10,30,Empleado,2200000,80000010,139254
4,5685241.2,12,36,Independiente,3000000,1000000,394808
9,3301094.4,10,42,Independiente,3000000,2000000,279983
4,1815480.0,12,57,Independiente,2500000,700000,126075
4,4171920.0,12,40,Empleado,3800000,1000000,289717
4,1427880.0,12,52,Independiente,1600000,650000,99158
4,3962460.0,12,33,Empleado,3000000,700000,310533
4,7699999.199999999,12,50,Independiente,4000000,3000000,602181
4,889200.0,6,42,Independiente,4800000,500000,131975
4,1036800.0,6,53,Empleado,3200000,1500000,153606
9,1459356.0,10,51,Independiente,5000000,3000000,123776
4,4200000.0,6,39,Independiente,20000000,1000000,623365
9,1965648.0,9,43,Independiente,3500000,1000000,183575
4,3343500.0,36,32,Empleado,5200000,2000000,107565
4,1852680.0,12,35,Empleado,2000000,830000,128658
4,1542840.0,6,60,Empleado,1000000,250000,228757
9,1208689.2,10,37,Independiente,7500000,3000000,102515
9,5167542.0,10,41,Independiente,3000000,1000000,438287
4,1670280.0,12,31,Independiente,1800000,500000,115992
4,1229256.0,12,31,Independiente,2000000,600000,96456
4,707520.0,6,45,Empleado,2600000,1200000,104904
4,1152000.0,12,63,Empleado,5000000,2000000,80000
4,1832160.0,12,30,Empleado,1800000,200000,127233
4,1245240.0,12,48,Empleado,5800000,2300000,97523
4,5313469.2,12,50,Independiente,4000000,1000000,368991
4,1075476.0,24,29,Independiente,3000000,1200000,46907
4,1521600.0,12,39,Empleado,2400000,900000,118997
4,3362460.0,12,38,Empleado,3600000,1200000,263498
4,3523921.2,12,51,Independiente,3000000,1800000,244717
4,1351200.0,12,68,Empleado,3000000,1200000,106332
4,3861360.0,12,42,Empleado,4700000,450000,268150
4,2884560.0,12,29,Empleado,3000000,1000000,200317
4,1428000.0,12,58,Independiente,5000000,1200000,112376
4,2345880.0,12,40,Empleado,9700000,3000000,162908
4,7683240.0,36,42,Empleado,3200000,500000,247613
4,2138400.0,24,42,Empleado,1100000,500000,93152
4,1702980.0,6,40,Empleado,4000000,1400000,252766
4,923880.0,12,42,Empleado,1100000,300000,64158
4,2120160.0,12,29,Empleado,2500000,1000000,147233
4,6360000.0,36,53,Independiente,3000000,0,205604
4,2393952.0,12,66,Empleado,1800000,600000,188411
4,1167042.0,12,49,Empleado,1400000,600000,91840
4,2880000.0,12,44,Empleado,3800000,650000,200000
4,3275880.0,12,30,Empleado,3000000,700000,227492
4,3454560.0,6,43,Empleado,2000000,500000,479800
4,2063281.2,12,54,Empleado,5000000,2000000,143283
4,366964.8,6,51,Independiente,1500000,300000,54467
4,1499356.8,6,63,Empleado,4000000,550000,222898
4,1105800.0,6,45,Empleado,3900000,600000,163957
4,1727760.0,12,42,Empleado,3000000,1500000,119983
4,1740000.0,8,50,Empleado,4500000,2500000,197754
4,1661520.0,6,39,Empleado,3500000,1000000,246353
4,1869600.0,12,33,Empleado,3000000,200000,146421
4,2493600.0,6,42,Empleado,4500000,2000000,369726
4,954000.0,6,40,Independiente,3000000,1000000,141824
4,4307522.399999999,24,36,Independiente,3800000,650000,188308
4,839880.0,12,27,Empleado,1500000,300000,58325
4,2925120.0,12,42,Independiente,4000000,2000000,229085
4,2642280.0,24,41,Empleado,2000000,300000,115244
4,1051081.2,12,30,Empleado,2000000,350000,72992
4,839880.0,6,48,Empleado,1170000,600000,116650
4,971520.0,6,38,Empleado,2045000,100000,144047
4,2303880.0,12,46,Independiente,3000000,1800000,159992
4,2523660.0,6,52,Empleado,2000000,600000,374320
4,3230388.0,12,64,Empleado,2000000,500000,224333
4,971881.2,12,35,Empleado,2000000,700000,67492
4,2760000.0,36,68,Empleado,2500000,500000,89921
4,3929820.0,24,33,Empleado,3250000,2000000,171190
4,4725720.0,6,36,Empleado,9000000,3000000,700682
4,697920.0,8,31,Empleado,1200000,600000,79052
4,1783081.2,12,47,Empleado,2000000,600000,123825
4,5640840.0,12,46,Independiente,5500000,2200000,391725
4,440400.0,12,35,Empleado,1000000,300000,34442
4,900000.0,6,68,Independiente,2500000,250000,133339
4,3673848.0,12,33,Empleado,2000000,300000,287723
4,2183504.4,12,41,Independiente,8000000,3000000,170762
4,730800.0,6,50,Empleado,1700000,1200000,108642
4,2054280.0,12,36,Empleado,2000000,400000,142658
4,4253520.0,12,39,Empleado,5000000,1500000,333121
4,2850216.0,6,56,Empleado,4200000,1300000,422601
4,2893800.0,12,28,Empleado,2300000,500000,226772
4,2974440.0,12,43,Empleado,2200000,800000,206558
4,946680.0,12,38,Empleado,3500000,2000000,65742
4,2160000.0,6,36,Empleado,2900000,450000,320380
4,1875144.0,6,57,Independiente,1000000,200000,278129
4,1784280.0,12,24,Empleado,1100000,500000,123908
4,2047080.0,12,64,Independiente,4000000,1000000,160427
4,600000.0,6,35,Independiente,2500000,400000,83333
4,1708992.0,6,60,Empleado,2180000,920000,253485
4,1772041.2,12,32,Empleado,1800000,500000,123058
4,3896520.0,10,36,Empleado,5000000,3000000,359600
4,2534280.0,12,50,Independiente,4000000,500000,175992
4,2390280.0,12,57,Independiente,2200000,300000,165992
4,941878.8,12,52,Empleado,1390000,400000,65408
4,527640.0,6,68,Empleado,6600000,450000,73283
4,549120.0,6,60,Independiente,3000000,1000000,81418
4,911880.0,12,61,Empleado,1200000,500000,63325
4,2246400.0,12,31,Independiente,5000000,900000,175680
4,5285281.2,6,51,Independiente,5500000,1800000,734067
4,2198280.0,12,58,Empleado,2600000,900000,152658
4,1200000.0,12,32,Empleado,1600000,600000,83333
4,1620601.2,6,49,Empleado,5000000,2500000,225084
4,2036281.2,6,33,Empleado,2600000,900000,282817
4,1572000.0,12,31,Independiente,3000000,500000,122939
4,2114280.0,12,46,Empleado,1200000,200000,146825
4,1850640.0,8,41,Empleado,1000000,400000,209619
4,2638680.0,12,31,Empleado,4300000,500000,183242
4,3309840.0,12,35,Independiente,7000000,2000000,229850
4,3955081.2,12,38,Empleado,6000000,800000,274658
4,1199880.0,6,34,Empleado,9000000,3500000,166650
4,1308720.0,12,48,Independiente,3500000,1200000,102494
4,1456680.0,6,51,Independiente,5000000,2000000,202317
4,2918281.2,12,47,Empleado,9000000,3000000,202658
4,2984520.0,12,53,Empleado,2000000,800000,233737
4,2614680.0,6,36,Empleado,5000000,2000000,363150
4,3803460.0,36,59,Empleado,11800000,1500000,122577
4,5192149.2,12,37,Independiente,1800000,600000,360566
4,1688280.0,12,49,Empleado,2000000,1100000,132308
4,2182080.0,24,36,Empleado,1110000,68000,95055
4,2783880.0,12,29,Empleado,2800000,0,193325
4,768960.0,6,37,Empleado,2000000,450000,106800
4,4253160.0,12,58,Empleado,3800000,750000,295358
4,3342000.0,6,25,Empleado,1600000,100000,495699
4,754320.0,12,48,Empleado,5300000,3000000,59112
4,2194680.0,12,65,Independiente,4000000,2000000,152408
4,2126400.0,6,25,Independiente,3600000,800000,315281
4,1123800.0,6,29,Empleado,1800000,700000,166687
4,1840440.0,6,29,Empleado,1800000,500000,255617
4,1200000.0,6,57,Empleado,3000000,1000000,166667
4,1032000.0,12,48,Empleado,1200000,600000,80823
4,2849280.0,12,50,Independiente,3500000,900000,223146
4,839880.0,12,44,Empleado,6000000,3000000,58325
4,898560.0,6,51,Independiente,2800000,900000,124800
4,2760240.0,12,56,Empleado,1500000,600000,216317
4,2523648.0,6,40,Empleado,6000000,3000000,374318
4,2412600.0,6,41,Empleado,8000000,3000000,335083
4,1800000.0,12,67,Empleado,2000000,300000,125000
4,1507080.0,12,61,Independiente,3200000,180000,104658
4,5268962.399999999,12,41,Independiente,12000000,7000000,365900
4,2081880.0,12,38,Empleado,4000000,400000,144575
4,1971482.4,6,38,Empleado,3200000,1000000,273817
4,1123080.0,12,37,Empleado,1600000,300000,77992
4,1953480.0,12,42,Independiente,5000000,150000,135658
4,2129760.0,12,24,Independiente,3800000,450000,147900
4,2145240.0,12,64,Empleado,3000000,500000,148975
4,1560000.0,6,57,Independiente,2800000,650000,216667
4,1118400.0,6,48,Empleado,2000000,300000,165696
9,1305019.2,2,36,Empleado,4000000,1500000,514409
4,3755580.0,18,41,Empleado,4500000,1500000,206923
9,891548.4,10,41,Empleado,1500000,800000,75617
9,5359221.6,9,44,Independiente,4000000,2800000,500505
4,3600000.0,36,57,Empleado,1300000,500000,116567
9,3564668.4,9,53,Empleado,1800000,700000,332909
4,3191880.0,12,32,Empleado,2000000,500000,221658
9,4884346.8,10,46,Empleado,3155411,1254444,414268
4,2351880.0,12,41,Empleado,2000000,800000,163325
4,1187880.0,12,36,Empleado,5000000,450000,82492
4,600000.0,12,47,Empleado,2900000,1000000,41667
4,1173600.0,6,40,Empleado,2200000,400000,174009
4,2775480.0,12,58,Independiente,12000000,7000000,192742
4,2045880.0,12,28,Empleado,2500000,1500000,142075
4,945240.0,6,30,Empleado,1100000,500000,131283
4,1340280.0,12,51,Empleado,1100000,650000,93075
4,1080000.0,12,46,Empleado,1100000,400000,75000
4,6531843.6,12,53,Independiente,10000000,3000000,453600
4,3279120.0,12,62,Empleado,15000000,6000000,227717
4,2133358.8,12,47,Independiente,1800000,650000,148150
9,1322424.0,11,20,Empleado,1800000,800000,102888
4,1223880.0,12,48,Empleado,4000000,400000,84992
4,1508280.0,12,64,Independiente,1200000,300000,104742
4,1186020.0,12,63,Independiente,1000000,300000,92885
4,1661520.0,12,52,Independiente,3000000,300000,130124
4,529320.0,6,31,Independiente,7000000,3000000,78511
4,1508281.2,12,41,Independiente,2000000,1200000,104742
4,2145240.0,12,43,Independiente,4000000,1500000,148975
4,1683600.0,12,36,Empleado,1400000,200,131942
4,1959240.0,6,44,Empleado,1700000,800000,272117
4,1200000.0,12,36,Empleado,2500000,500000,83333
4,1086420.0,12,26,Independiente,2200000,1000000,85085
4,2879880.0,12,26,Independiente,1531000,350000,199992
4,3051660.0,12,36,Empleado,5000000,2000000,238995
4,1800000.0,6,43,Empleado,4000000,1500000,266983
4,3366960.0,12,58,Empleado,6000000,2000000,233817
4,1308720.0,12,62,Empleado,1500000,200000,102494
4,2625240.0,6,39,Empleado,4760000,1500000,364617
4,839880.0,12,26,Empleado,1700000,600000,58325
4,2370960.0,12,39,Independiente,2700000,900000,164650
9,1274863.2,10,59,Independiente,3000000,1600000,108128
4,909480.0,6,36,Empleado,3200000,1500000,126317
4,1072560.0,6,27,Empleado,2500000,400000,148967
4,1247460.0,6,66,Independiente,3000000,1000000,184961
4,2739888.0,12,34,Empleado,1580000,320000,214722
4,1200000.0,12,66,Empleado,2500000,600000,83333
4,3275761.2,12,44,Empleado,3000000,900000,227483
4,3467401.2,12,33,Empleado,1590000,1590000,240792
4,2645760.0,12,42,Empleado,4000000,1400000,207334
4,1105920.0,8,57,Empleado,1800000,500000,125266
4,633360.0,6,36,Empleado,2600000,600000,87967
4,2901240.0,12,39,Empleado,2500000,470000,201475
4,1803240.0,12,38,Empleado,2500000,500000,125225
4,2588880.0,6,55,Empleado,2000000,850000,359567
4,839698.7999999999,10,36,Empleado,1500000,500000,77620
4,2817360.0,12,41,Independiente,3500000,1000000,195650
4,1103880.0,12,35,Empleado,3500000,900000,76658
4,3269640.0,12,26,Empleado,2000000,800000,227058
4,1320000.0,10,58,Empleado,5000000,2000000,121819
4,2351040.0,12,27,Empleado,3000000,500000,184125
4,2984520.0,12,41,Empleado,3500000,620000,233737
4,2778000.0,6,48,Empleado,2200000,350000,411894
4,2782680.0,12,39,Empleado,2500000,350000,193242
4,4530960.0,6,43,Independiente,8000000,4000000,629300
4,2715120.0,6,30,Empleado,6300000,3000000,377100
4,2131800.0,12,30,Independiente,3000000,1000000,166955
4,2396280.0,12,32,Empleado,1800000,600000,166408
4,3343500.0,8,30,Empleado,2200000,600000,378713
4,2656680.0,12,33,Empleado,3000000,800000,184492
4,5139122.399999999,12,32,Empleado,4500000,1200000,356884
4,3939840.0,12,38,Empleado,7000000,2000000,308555
4,1492260.0,8,55,Empleado,3000000,2000000,169026
4,2244962.4,12,43,Empleado,4000000,1000000,155900
4,5552040.0,12,32,Independiente,5000000,500000,385558
4,8400000.0,36,37,Empleado,3200000,1000000,270239
4,4632600.0,12,45,Independiente,2500000,1000000,363033
4,2125918.8,12,53,Empleado,1000000,200000,147633
4,4276440.0,12,40,Empleado,7000000,450000,296975
4,1477755.6,6,42,Independiente,1900000,500000,219700
4,1661520.0,10,56,Empleado,1200000,450000,153337
4,1100700.0,6,69,Empleado,1800000,800000,163260
4,1761238.8,12,41,Empleado,2300000,500000,122308
4,1825081.2,12,33,Independiente,3000000,1500000,126742
4,3257760.0,12,28,Empleado,1100000,4000000,226233
4,4408560.0,6,31,Empleado,20000000,8000000,653896
4,2739888.0,12,58,Empleado,1800000,800000,214722
4,660000.0,6,28,Empleado,2500000,700000,98117
4,4016184.0,18,59,Independiente,2500000,1000000,222064
9,927433.2,10,30,Empleado,1500000,800000,78661
4,3696000.0,12,43,Empleado,5000000,1800000,289101
4,2340594.0,24,32,Empleado,1500000,800000,102871
4,4296000.0,6,61,Independiente,2000000,800000,637613
4,1643878.8,24,39,Independiente,3605000,2100000,71855
4,2408280.0,12,47,Empleado,1800000,600000,167242
4,719880.0,6,38,Empleado,1000000,250000,106845
4,960000.0,6,62,Independiente,3000000,1050000,142489
4,3826800.0,6,28,Empleado,3000000,1000000,568935
4,2229480.0,12,45,Empleado,5000000,2000000,154825
4,2170440.0,6,30,Empleado,1800000,300000,322137
4,4165980.0,24,32,Empleado,1600000,500000,181477
4,1863600.0,12,38,Empleado,1500000,800000,146310
4,886680.0,12,48,Empleado,1500000,300000,69570
4,530880.0,6,69,Empleado,1500000,500000,78740
4,2795460.0,12,37,Independiente,2700000,500000,218931
4,1492260.0,12,41,Independiente,3000000,1000000,116869
4,2625240.0,12,34,Independiente,4500000,200000,182308
4,1863000.0,10,39,Empleado,2400000,800000,171931
4,1409632.8,12,26,Empleado,2500000,750000,110930
4,1871880.0,12,30,Empleado,1000000,600000,129992
4,1869600.0,24,68,Empleado,2200000,1000000,81536
4,4030800.0,10,32,Independiente,2500000,500000,373555
4,5090040.0,12,56,Empleado,1500000,400000,353475
4,2400000.0,10,46,Independiente,4000000,1200000,221490
4,1680000.0,24,44,Empleado,1200000,500000,73434
4,1464000.0,24,43,Independiente,1500000,600000,64357
4,3548881.2,12,29,Empleado,4000000,500000,246450
4,3432180.0,6,39,Empleado,7500000,2000000,508889
4,1287000.0,12,31,Empleado,5200000,2000000,100861
4,1614000.0,12,35,Independiente,1300000,400000,126637
4,1642680.0,12,62,Empleado,4635000,2000000,114075
4,3068280.0,12,58,Independiente,1500000,350000,213075
4,3382440.0,24,53,Independiente,3500000,500000,148690
4,1782960.0,12,38,Empleado,1900000,800000,123817
4,3900000.0,10,60,Empleado,3975000,2500000,360487
4,1739520.0,12,32,Empleado,1500000,500000,136324
4,2064480.0,18,46,Empleado,3200000,700000,113748
4,1661520.0,6,38,Empleado,2700000,500000,246353
4,1661520.0,12,61,Independiente,2000000,750000,130124
4,4659840.0,6,39,Empleado,12000000,6000000,690914
4,622200.0,6,38,Empleado,1500000,600000,92253
4,1473360.0,12,24,Empleado,1700000,1000000,115602
4,2893800.0,6,48,Empleado,1700000,700000,429208
4,3134280.0,12,40,Independiente,2000000,1500000,217658
4,1311600.0,6,41,Empleado,4000000,2500000,194997
9,3248432.4,10,45,Independiente,3500000,2000000,275517
4,1215240.0,10,47,Empleado,3000000,1500000,112151
4,990060.0,12,35,Empleado,4000000,1500000,77538
4,2085600.0,12,36,Empleado,3162000,800000,163337
4,1708800.0,10,42,Independiente,15000000,5000000,157783
4,2400000.0,6,43,Empleado,10000000,3500000,355848
4,639360.0,12,50,Empleado,1500000,600000,50103
4,687960.0,6,38,Empleado,3400000,1400000,102004
4,2846160.0,12,59,Empleado,1800000,0,197650
4,2760000.0,6,36,Empleado,3000000,600000,410332
4,2138400.0,10,53,Independiente,1500000,400000,197347
4,3939840.0,12,28,Independiente,26000000,12000000,308555
4,2220000.0,12,37,Empleado,2000000,450000,174291
4,557998.7999999999,6,30,Empleado,1300000,250000,82734
4,1389240.0,12,69,Empleado,2990000,1300000,108867
4,1738462.8,6,26,Empleado,2300000,1000000,258459
4,3720000.0,6,47,Empleado,5500000,1200000,552123
4,842400.0,6,57,Independiente,2500000,200000,124903
4,2138400.0,12,30,Empleado,3000000,300000,167472
4,2009880.0,12,31,Empleado,1100000,450000,139575
4,3342720.0,6,55,Empleado,6000000,3500000,464267
4,3950400.0,36,35,Empleado,1900000,200000,127730
4,7924920.0,6,68,Empleado,2000000,500000,1175027
4,1307520.0,18,29,Empleado,2200000,800000,72041
4,504840.0,6,43,Empleado,1000000,200000,74853
4,788400.0,6,68,Empleado,4500000,1000000,116896
4,753600.0,6,28,Empleado,1400000,100000,112039
4,1898880.0,24,34,Empleado,3500000,1200000,82813
4,1380000.0,12,37,Empleado,4250000,1000000,108610
4,995215.2,6,29,Empleado,3000000,1000000,147760
4,2267760.0,12,62,Empleado,2000000,400000,157483
6,3269893.2,36,23,Empleado,1500000,0,107223
4,6479616.0,8,40,Independiente,8000000,3000000,734253
10,8400000.0,36,30,Empleado,5500000,600000,271552
4,2373600.0,12,26,Empleado,1500000,600000,186007
9,1461735.6,10,47,Independiente,4000000,3000000,123978
4,1440000.0,12,63,Empleado,2500000,1000000,100000
4,525600.0,6,58,Empleado,2000000,600000,77931
4,4485480.0,10,42,Empleado,7000000,3000000,413953
4,3600000.0,18,48,Empleado,2000000,300000,199755
4,2216280.0,12,57,Independiente,1700000,150000,153908
4,4524361.2,12,48,Empleado,2500000,500000,314192
4,1780800.0,12,52,Independiente,3000000,1200000,139294
4,537361.2,12,47,Empleado,1000000,600000,37317
4,508560.0,6,49,Independiente,5000000,1500000,75404
9,1167588.0,11,43,Empleado,6000000,3500000,90841
9,4755811.2,11,62,Empleado,3100000,1600000,370015
4,6012728.399999999,6,57,Independiente,3000000,500000,891808
4,3035760.0,12,39,Independiente,5000000,2000000,237750
4,1235880.0,8,37,Empleado,1500000,600000,140168
4,1245600.0,12,59,Empleado,900000,250000,98032
4,471900.0,6,41,Independiente,2000000,1000000,69969
4,2960880.0,24,39,Empleado,3200000,1800000,128981
4,1496880.0,12,52,Empleado,3500000,1500000,117230
4,1029240.0,6,31,Empleado,2200000,500000,152605
4,1538400.0,12,59,Independiente,3000000,1300000,120482
4,4735464.0,24,31,Empleado,4700000,2000000,206285
4,2230380.0,6,46,Independiente,9900000,5000000,330698
4,3191760.0,12,36,Empleado,1000000,400000,221650
4,4214400.0,12,58,Empleado,1500000,400000,330277
4,5021520.0,12,59,Empleado,3400000,1000000,348717
4,2079478.8,12,56,Independiente,4000000,600000,144408
4,3307081.2,12,28,Empleado,2700000,800000,229658
4,4980000.0,36,38,Empleado,3800000,950000,162294
4,3283200.0,6,32,Empleado,2500000,1200000,486420
4,4977703.2,12,56,Independiente,2800000,0,391718
4,1200000.0,12,46,Empleado,3000000,380000,83333
4,2046840.0,12,53,Independiente,1800000,900000,161075
4,1402200.0,6,50,Empleado,5000000,2000000,207974
4,1997880.0,12,54,Independiente,1700000,600000,138742
4,1296000.0,6,63,Empleado,2000000,500000,192666
4,5373480.0,12,37,Empleado,3200000,2000000,373158
4,3010680.0,12,59,Empleado,2600000,500000,209075
4,912000.0,8,54,Empleado,2000000,300000,103658
4,2077440.0,6,67,Independiente,1500000,600000,308022
4,3116400.0,12,44,Empleado,2700000,300000,244216
4,1988280.0,12,50,Empleado,2000000,300000,138075
4,1632000.0,12,49,Empleado,2500000,1700000,127898
4,2348160.0,10,64,Empleado,1900000,500000,216706
4,2067240.0,6,67,Empleado,3000000,1300000,287117
4,3780660.0,6,31,Empleado,9200000,3000000,560558
4,1220160.0,12,47,Empleado,2000000,500000,84733
4,1200000.0,12,31,Empleado,1330000,300000,94154
4,453600.0,12,69,Empleado,1000000,200000,31500
4,5047200.0,18,36,Empleado,3200000,400000,280056
4,1832280.0,12,59,Independiente,1500000,650000,127242
4,4192320.0,12,40,Empleado,7500000,5000000,328328
4,1550280.0,6,41,Empleado,1200000,200000,215317
4,1740000.0,24,48,Independiente,2500000,650000,76490
4,3664548.0,12,44,Independiente,1300000,800000,254483
4,1895760.0,10,40,Empleado,5000000,500000,175230
4,1157514.0,6,29,Empleado,1300000,500000,172079
4,2678854.8,30,33,Empleado,5434392,2000000,98310
4,7919100.0,12,32,Independiente,4500000,750000,620578
4,1661520.0,12,67,Empleado,5000000,2000000,130124
4,4214400.0,12,24,Independiente,4500000,900000,330277
4,1041480.0,12,51,Empleado,1500000,400000,72325
4,540000.0,6,55,Empleado,2200000,1000000,80066
4,2795460.0,24,44,Empleado,2000000,500000,121775
4,2617440.0,12,34,Independiente,2000000,800000,204989
4,4216380.0,24,36,Independiente,10000000,4000000,183899
9,915889.2,9,122,Empleado,660000000,100000000,85536
4,5352000.0,36,55,Independiente,3500000,700000,173297
4,815098.7999999999,10,46,Independiente,3500000,1000000,75532
4,3703680.0,12,32,Empleado,3000000,700000,290059
4,3939482.4,12,39,Empleado,3700000,1500000,273575
4,1636680.0,6,40,Empleado,4000000,2000000,227317
4,2849280.0,12,55,Empleado,2000000,600000,223283
4,1779478.8,12,58,Empleado,2000000,300000,123575
4,3840000.0,36,38,Empleado,1600000,800000,124138
4,1200000.0,6,33,Empleado,3333333,2100000,166667
4,3600000.0,24,26,Empleado,3000000,600000,158254
4,6204360.0,24,26,Empleado,3000000,1000000,270580
4,1397640.0,8,24,Empleado,1500000,300000,158514
4,1923600.0,8,30,Empleado,1500000,150000,217883
4,1657200.0,12,58,Empleado,6000000,2000000,129786
4,2577120.0,36,36,Empleado,1550000,800000,82909
4,1200000.0,12,40,Empleado,4000000,2000000,93980
4,2960280.0,12,35,Empleado,3800000,1200000,205575
4,1832280.0,12,34,Independiente,2500000,300000,127242
4,1293480.0,6,25,Empleado,1200000,400000,179650
4,3291480.0,12,51,Empleado,3000000,800000,228575
4,3835200.0,12,34,Independiente,9000000,3500000,266333
4,3146040.0,12,29,Independiente,3000000,1000000,218475
4,2400000.0,12,45,Independiente,2000000,600000,188887
4,2831401.2,12,40,Empleado,3000000,1000000,196625
9,920464.8,10,35,Empleado,1500000,800000,78070
9,1113153.6,10,23,Empleado,1500000,800000,94413
9,5227216.8,9,53,Empleado,6000000,4000000,488177
4,2268000.0,10,27,Independiente,6000000,200000,209637
4,3759960.0,24,32,Empleado,2200000,700000,163977
4,951900.0,6,66,Empleado,3100000,1000000,141287
9,1446387.6,6,122,Empleado,72807059,21823470,197166
4,1930680.0,12,55,Empleado,4500000,800000,134075
4,1702026.0,12,24,Empleado,2000000,150000,133543
9,1528744.8,11,34,Empleado,3100000,1500000,118940
4,2824561.2,12,55,Independiente,2000000,500000,221910
4,1852800.0,12,25,Empleado,3000000,1200000,145105
10,3903722.4,24,67,Empleado,1050000,300000,170634
9,7189615.2,11,122,Empleado,466698841,334000137,559371
4,900000.0,12,65,Empleado,1350000,250000,70913
4,636000.0,6,68,Empleado,5000000,2500000,94555
4,1798440.0,10,36,Empleado,2700000,500000,166244
4,1708800.0,12,42,Empleado,2000000,500000,134084
9,2159978.4,10,27,Independiente,2800000,1000000,183199
4,1500628.8,6,59,Empleado,4200000,2000000,223239
4,5670000.0,12,50,Empleado,5000000,1000000,444906
4,2199240.0,24,43,Empleado,2600000,1000000,96130
9,667219.2,9,41,Independiente,4500000,2000000,62313
4,3409322.4,12,56,Independiente,3000000,800000,267851
4,2207881.2,12,39,Empleado,3000000,0,173461
4,834000.0,12,24,Empleado,2500000,700000,65712
9,665019.6,7,65,Empleado,2000000,1200000,78415
4,867480.0,6,61,Empleado,1360000,0,128844
4,3600000.0,6,43,Independiente,30000000,15000000,534313
9,1669077.6,11,66,Empleado,3200000,2000000,129859
4,2059080.0,10,43,Empleado,2000000,300000,190539
4,599880.0,6,28,Empleado,2800000,550000,89099
4,2578449.6,24,27,Empleado,2500000,150000,112706
4,1644000.0,8,24,Empleado,2000000,650000,186455
4,960000.0,12,42,Empleado,2500000,1000000,75091
9,1697199.6,10,38,Empleado,4000000,2000000,143949
4,948000.0,6,30,Empleado,2800000,1200000,140465
4,1176000.0,6,40,Empleado,2700000,500000,174668
9,3209541.6,10,42,Empleado,3100000,2000000,272218
4,3360000.0,12,36,Independiente,5000000,2000000,263648
9,6586976.399999999,10,29,Empleado,4000000,1500000,558677
4,1784280.0,12,51,Empleado,1100000,350000,140181
9,3203499.6,10,28,Empleado,1500000,1000000,271706
10,5044800.0,24,55,Empleado,2500000,1100000,220511
4,600000.0,6,28,Empleado,1300000,200000,89258
4,945000.0,10,25,Empleado,1000000,500000,87578
9,822532.7999999999,9,66,Empleado,2500000,2000000,76524
4,1031880.0,12,49,Independiente,2000000,400000,81069
4,1941420.0,12,63,Empleado,5000000,3000000,152337
4,1086420.0,12,61,Empleado,3000000,500000,85248
4,830400.0,8,53,Independiente,4000000,1000000,94267
9,2785215.6,9,41,Independiente,10000000,8000000,260115
4,707520.0,6,66,Empleado,2500000,500000,105014
4,1485480.0,12,62,Empleado,1600000,300000,116706
4,2138400.0,12,41,Independiente,2500000,1000000,167793
4,1189260.0,6,58,Empleado,1200000,700000,176391
9,3362815.2,9,41,Empleado,4465589,3300000,314058
4,4027992.0,6,63,Independiente,5500000,500000,597432
4,2798952.0,18,39,Empleado,1500000,500000,154352
4,2555880.0,12,53,Empleado,8000000,3500000,200801
4,2640000.0,24,30,Empleado,2000000,400000,115396
4,6000000.0,18,49,Independiente,2500000,300000,332085
4,2346000.0,6,25,Independiente,4500000,2500000,348445
9,1387666.8,2,59,Independiente,2000000,1000000,546986
4,2480940.0,8,27,Independiente,10000000,4000000,281636
4,1425360.0,12,48,Independiente,3500000,1500000,111982
9,1143631.2,10,122,Empleado,408511944,88378170,96997
4,2763960.0,8,53,Independiente,5000000,2500000,313205
4,2645760.0,36,55,Empleado,2019000,600000,85255
9,2040045.6,11,55,Independiente,2600000,1200000,158721
9,2291019.6,9,38,Empleado,3100000,1000000,213961
4,3360000.0,8,39,Empleado,2100000,450000,381426
4,3652395.6,18,55,Independiente,3000000,1300000,202990
9,1008471.6,10,21,Empleado,1500000,800000,85534
9,759547.2,9,65,Independiente,1800000,800000,70935
9,7429609.2,5,35,Empleado,25000000,18000000,1204256
4,3840348.0,10,63,Independiente,2000000,500000,354602
4,2520000.0,6,38,Empleado,3441000,1500000,374651
4,1296000.0,8,40,Empleado,2000000,800000,147113
4,1992000.0,6,41,Independiente,5000000,2000000,295866
4,979792.8,6,68,Empleado,2000000,500000,145526
4,1542840.0,6,41,Independiente,2000000,700000,228997
4,580800.0,6,67,Empleado,3000000,2000000,86402
9,1954980.0,10,56,Independiente,2000000,800000,165812
4,808800.0,6,54,Independiente,5000000,600000,120047
4,1717200.0,12,49,Empleado,15000000,5000000,134911
9,1079530.8,11,56,Independiente,1200000,600000,91398
4,1090320.0,12,31,Empleado,2100000,200000,85554
9,1309190.4,10,31,Empleado,3500000,800000,111039
4,3117240.0,10,45,Empleado,3000000,1200000,288457
4,1920000.0,12,36,Empleado,3600000,1500000,151280
4,3105240.0,6,43,Independiente,10000000,5000000,460102
9,1160115.6,10,56,Empleado,1600000,1000000,98396
4,566400.0,12,62,Independiente,1000000,500000,44577
4,1320000.0,6,39,Independiente,3000000,1200000,196056
4,3120000.0,12,39,Independiente,3000000,500000,245553
4,2520000.0,6,38,Empleado,3500000,1200000,374884
4,2280000.0,6,55,Empleado,3000000,1000000,338642
4,5130601.2,12,40,Empleado,6000000,1600000,403082
4,1097136.0,6,66,Empleado,1400000,400000,163214
4,2997061.2,12,42,Empleado,1200000,300000,235169
4,1182204.0,12,41,Empleado,1400000,600000,93148
9,3068128.8,11,50,Empleado,2400000,800000,238709
4,6720000.0,8,31,Independiente,4000000,2000000,762852
4,1343520.0,12,53,Empleado,3500000,10000,105421
4,4756800.0,12,63,Empleado,6000000,2000000,372766
4,656038.7999999999,8,41,Empleado,1400000,500000,74341
4,1817760.0,12,55,Empleado,5000000,2000000,142811
9,3134666.4,10,34,Empleado,6500000,3800000,265868
10,480000.0,6,50,Empleado,1200000,600000,71293
4,3609600.0,6,43,Independiente,2000000,3000000,536976
9,3367496.4,10,122,Empleado,315400000,375000,309963
4,1632000.0,12,41,Empleado,2000000,1500000,128588
9,3122368.8,10,32,Empleado,4500000,2500000,264825
4,2360160.0,6,43,Empleado,5000000,2000000,350548
4,1128000.0,12,34,Independiente,2000000,700000,88621
4,1982028.0,8,38,Independiente,1050000,400000,224999
4,2087400.0,12,40,Independiente,13000000,5000000,163780
4,2820000.0,12,37,Empleado,2800000,750000,221551
4,3055500.0,6,54,Empleado,4000000,1500000,453515
4,1436400.0,6,69,Empleado,3000000,300000,213684
9,1185660.0,2,57,Independiente,4000000,2000000,467360
4,1526400.0,12,30,Empleado,2000000,1200000,119921
9,1217426.4,11,62,Empleado,3000000,2000000,103073
4,1091880.0,6,28,Independiente,2500000,800000,162174
4,1403881.2,12,58,Empleado,2000000,200000,110295
4,2474310.0,6,48,Independiente,4000000,2000000,367503
4,2896560.0,12,41,Empleado,3800000,750000,227566
9,9100093.2,10,30,Independiente,3000000,1600000,771828
4,1299600.0,12,58,Independiente,3500000,900000,102398
4,1380000.0,8,51,Empleado,2200000,1000000,156975
4,2160000.0,12,67,Independiente,4000000,1500000,168955
4,431640.0,6,41,Empleado,3500000,550000,64110
4,4143960.0,12,61,Empleado,4000000,2000000,325163
4,1173600.0,6,46,Empleado,5000000,2500000,174192
4,1704000.0,18,27,Empleado,1650000,300000,94551
4,14400000.0,10,49,Independiente,30000000,12000000,1332519
4,2048400.0,12,27,Empleado,3000000,1000000,160731
4,7620618.0,6,58,Independiente,20000000,1000000,1131819
4,1561200.0,12,54,Empleado,6000000,2500000,122655
4,2687640.0,6,26,Empleado,5500000,2500000,399188
4,2280000.0,6,58,Independiente,2800000,1500000,338642
4,4189620.0,6,34,Independiente,30000000,15000000,621848
4,972000.0,6,29,Empleado,2300000,900000,144270
4,1791360.0,10,56,Empleado,1600000,700000,165590
4,1908000.0,10,53,Independiente,2000000,800000,176546
4,1923600.0,24,37,Empleado,1200000,200000,83891
4,1200000.0,12,39,Empleado,4000000,500000,94160
4,1323600.0,12,25,Empleado,1900000,300000,103858
4,2448000.0,6,30,Independiente,3000000,1500000,363578
4,3108000.0,24,33,Independiente,4000000,150000,135853
4,924000.0,6,48,Empleado,3000000,1000000,137457
4,3826800.0,12,31,Independiente,2500000,300000,301180
4,3429360.0,12,52,Independiente,4000000,2000000,268245
4,8400000.0,36,56,Independiente,5000000,0,274558
4,2240042.4,6,41,Empleado,5000000,2500000,332707
4,1959480.0,10,35,Empleado,2500000,500000,181323
4,2802000.0,12,32,Empleado,1600000,0,220775
4,3220440.0,6,49,Empleado,2250000,0,478323
4,2054037.6,12,31,Empleado,1700000,700000,161374
4,2895900.0,12,37,Empleado,4500000,2000000,228173
4,2219881.2,8,33,Independiente,6000000,1400000,252000
4,1069080.0,6,29,Empleado,5000000,3500000,158788
4,2130000.0,12,30,Empleado,2900000,350000,167827
4,4049160.0,10,54,Empleado,6000000,2000000,374693
4,903240.0,8,25,Empleado,1450000,150000,102536
4,1708800.0,6,41,Empleado,6000000,200000,253630
4,2304000.0,6,31,Independiente,6500000,2300000,342191
4,372960.0,6,50,Independiente,1800000,600000,55317
9,3092839.2,9,65,Empleado,8000000,3000000,288844
4,1047238.8,6,34,Empleado,6000000,1000000,155544
4,1557360.0,6,38,Empleado,2900000,2000000,231310
9,1736229.6,10,61,Empleado,1450000,450000,147259
4,661080.0,12,52,Empleado,1300000,500000,51873
4,1989240.0,6,42,Empleado,3000000,950000,295456
4,770158.7999999999,6,60,Independiente,2500000,500000,114390
9,1421530.8,10,68,Independiente,3500000,1200000,120568
9,3901237.2,11,36,Empleado,7000000,2000000,303527
4,1694158.8,12,65,Empleado,1800000,350000,133100
9,1201920.0,11,45,Independiente,5000000,1600000,93513
4,8164200.0,12,40,Independiente,4000000,1500000,640617
9,3822528.0,10,31,Empleado,4000000,800000,324209
9,1141042.8,10,47,Empleado,3800000,1500000,96778
4,2063640.0,18,30,Empleado,1990000,300000,114217
9,799680.0,11,32,Empleado,3100000,1750000,62217
9,2581592.4,9,35,Empleado,4000000,2000000,241098
4,819360.0,6,32,Empleado,1200000,400000,121614
4,1605480.0,12,35,Empleado,1550000,150000,126133
9,2900016.0,11,30,Empleado,3100000,1550000,225629
9,4546080.0,11,33,Empleado,3800000,1900000,351775
4,3739200.0,36,61,Independiente,4000000,1200000,120901
4,2540640.0,12,24,Independiente,10000000,3000000,199355
4,2006160.0,12,43,Independiente,2000000,600000,157613
4,1423440.0,6,38,Independiente,3000000,700000,211275
9,2410606.8,10,33,Empleado,2600000,1300000,204456
9,1653369.6,9,31,Empleado,3000000,1800000,154410
9,1882717.2,10,27,Empleado,1500000,800000,159683
4,2893800.0,12,38,Independiente,4500000,1000000,227067
4,2897700.0,6,60,Empleado,6000000,3000000,430093
4,1542840.0,12,58,Independiente,3000000,1200000,121061
4,3378000.0,6,38,Independiente,4000000,1500000,501382
9,2987848.8,10,68,Independiente,10000000,4000000,253415
9,3883632.0,11,35,Empleado,3100000,1500000,302157
4,3915000.0,6,44,Empleado,10000000,6000000,581484
4,8640000.0,24,51,Empleado,4500000,300000,300000
9,3053853.6,10,53,Independiente,6000000,2300000,259014
4,1992000.0,12,31,Empleado,2000000,500000,156776
4,4771260.0,30,30,Empleado,3000000,800000,175853
9,1731174.0,9,51,Empleado,2000000,1000000,161677
4,900000.0,6,41,Empleado,3903364,1245759,133675
4,1523880.0,10,57,Independiente,3500000,600000,141014
9,647253.6,9,35,Independiente,4500000,2000000,60448
9,3201958.8,10,37,Empleado,4000000,2000000,271575
4,1523880.0,12,68,Independiente,1200000,600000,119723
9,3147751.2,9,47,Independiente,3500000,2500000,297168
4,3238680.0,6,29,Empleado,6500000,2800000,481032
4,600000.0,6,26,Empleado,1200000,300000,89203
4,2006145.6,6,68,Empleado,1526000,400000,297967
9,4473793.2,9,122,Empleado,39279939,7415540,417814
4,2715241.2,8,36,Empleado,4500000,1500000,308233
9,1031048.4,10,29,Empleado,4000000,2500000,87449
9,1736228.4,10,41,Independiente,2000000,800000,147259
4,2809200.0,12,31,Empleado,3000000,500000,220428
4,3549999.6,6,43,Independiente,5000000,2000000,527272
4,1496880.0,12,59,Empleado,4800000,2000000,117455
4,3552000.0,6,35,Independiente,8000000,3500000,527569
4,2569200.0,12,60,Independiente,2000000,500000,201596
4,1176000.0,8,69,Empleado,2000000,500000,133770
4,7051200.0,12,38,Independiente,6000000,3000000,553973
4,1584000.0,6,60,Empleado,2000000,280000,235641
4,1260000.0,12,68,Empleado,1100000,450000,99278
4,2644560.0,10,47,Empleado,2000000,1200000,244458
4,4798680.0,12,41,Empleado,3800000,180000,377005
4,3225000.0,12,30,Independiente,6000000,4000000,253370
9,1796947.2,10,25,Independiente,3000000,1500000,152409
9,1489942.8,11,37,Independiente,3500000,2500000,115921
4,2159880.0,12,27,Empleado,4500000,500000,169690
4,1086420.0,12,36,Empleado,3500000,1500000,85248
4,1120450.8,6,41,Independiente,2000000,800000,166682
4,518400.0,6,58,Empleado,1200000,300000,76944
4,1296000.0,12,40,Empleado,4000000,2800000,102114
4,2508480.0,12,68,Independiente,4000000,300000,196832
4,2417160.0,12,52,Independiente,13000000,0,167858
4,3801000.0,10,23,Independiente,9000000,4000000,351357
4,1996440.0,10,66,Empleado,900000,400000,184547
4,3699600.0,12,35,Independiente,15000000,8000000,289383
9,538680.0,8,62,Independiente,3500000,1200000,56086
4,1869600.0,6,41,Empleado,3500000,2000000,277497
9,2826087.6,9,122,Empleado,898010284,857985494,262923
9,1736228.4,11,41,Independiente,2000000,1000000,135083
4,871200.0,6,62,Independiente,6000000,2500000,129603
4,3026280.0,12,24,Empleado,2500000,150000,237758
4,857628.0,6,64,Empleado,1000000,324000,127584
4,1412280.0,12,38,Empleado,1400000,300000,110955
9,2466684.0,3,47,Empleado,3000000,2000000,654224
4,1224000.0,6,39,Empleado,1400000,600000,182086
4,8640000.0,6,37,Independiente,4000000,1500000,1282399
9,5976981.6,9,56,Independiente,37603333,32332666,558198
4,649200.0,12,36,Empleado,1200000,800000,51004
9,1571496.0,9,55,Independiente,8000000,4200000,146764
9,1806945.6,10,43,Empleado,3800000,1800000,153257
4,4080000.0,6,37,Empleado,20000000,14000000,605991
4,1272000.0,6,41,Empleado,10000000,7000000,188927
4,3000000.0,12,30,Empleado,2500000,2000000,235693
9,991929.6,9,28,Empleado,2500000,1000000,92638
9,3022776.0,11,38,Empleado,11000000,5000000,255922
4,2012280.0,12,27,Empleado,2145000,300000,158080
4,1174080.0,24,59,Empleado,2800000,780000,51326
4,3699600.0,12,32,Independiente,8000000,4000000,289383
9,3871216.8,10,31,Empleado,5000000,2500000,328339
4,910800.0,12,44,Empleado,2000000,900000,71467
4,1857360.0,12,39,Empleado,1800000,450000,145922
4,3738720.0,10,46,Empleado,1120000,350000,345600
4,6135997.2,36,55,Empleado,3400000,1200000,199967
9,2815064.4,9,35,Independiente,3500000,2000000,268618
9,1674188.4,9,53,Empleado,3500000,2000000,156355
9,538680.0,5,57,Independiente,4000000,2000000,87314
9,1701302.4,10,52,Empleado,2500000,1000000,144297
4,1248000.0,12,32,Independiente,2500000,500000,98048
4,480000.0,6,45,Independiente,2000000,1200000,71293
9,889569.6,9,53,Empleado,1500000,500000,83078
4,3723600.0,6,38,Empleado,4000000,1000000,553935
9,1481194.8,11,59,Independiente,1500000,700000,125405
4,768000.0,6,65,Independiente,1300000,0,114250
4,1310131.2,6,48,Empleado,3000000,2000000,194900
9,1962651.6,9,29,Independiente,4500000,2800000,187279
4,2528100.0,12,37,Empleado,2700000,800000,198371
9,1020744.0,9,30,Empleado,1500000,500000,95329
9,3173929.2,10,27,Empleado,9000000,2000000,269198
4,2400000.0,12,43,Empleado,1630000,500000,188423
4,1152000.0,10,42,Empleado,2500000,800000,106602
9,2461545.6,9,64,Empleado,1500000,600000,229887
4,1058400.0,8,63,Empleado,5000000,3000000,120044
4,1872480.0,12,26,Independiente,2500000,3000000,130033
4,1850158.8,6,57,Empleado,3000000,700000,274799
4,5670720.0,36,39,Empleado,5000000,0,183354
4,1079880.0,6,52,Independiente,4000000,550000,160392
9,799680.0,11,27,Empleado,3100000,1500000,62217
9,1269000.0,9,40,Independiente,4000000,2000000,118514
4,561858.0,6,42,Independiente,3700000,0,83584
4,5577120.0,24,31,Independiente,8000000,0,193650
9,2446106.4,10,26,Independiente,1800000,600000,207467
4,3612370.8,8,35,Independiente,8000000,2000000,408814
9,1963357.2,11,56,Independiente,3300000,1400000,152754
9,3130318.8,9,46,Independiente,5000000,3000000,292345
4,4032000.0,6,40,Independiente,9000000,4000000,598862
4,1788000.0,10,53,Independiente,1200000,120000,165862
9,466014.0,2,28,Empleado,3200000,1500000,183692
4,3439200.0,6,60,Independiente,12000000,6000000,509585
9,906092.4,10,46,Empleado,1500000,800000,76851
4,779880.0,24,65,Independiente,1500000,350000,34172
4,3095041.2,10,55,Empleado,4500000,2000000,286403
4,2025480.0,12,43,Empleado,1600000,700000,159131
4,708000.0,12,54,Empleado,2800000,0,55785
9,3428887.2,10,60,Independiente,3022200,1522000,290822
4,834000.0,8,28,Empleado,1100000,100000,94868
4,576000.0,6,32,Empleado,2000000,850000,85688
4,835080.0,6,33,Empleado,1200000,200000,124032
4,2239390.8,10,55,Independiente,5000000,1500000,207210
9,2001927.6,9,66,Empleado,2019000,1000000,186963
4,3287520.0,12,33,Independiente,1500000,500000,258282
4,2470800.0,12,64,Empleado,7000000,4000000,193875
4,1459440.0,6,61,Independiente,2000000,350000,216619
4,5919600.0,12,35,Independiente,12000000,6000000,463032
4,1211400.0,10,39,Empleado,1500000,800000,112098
4,3047040.0,6,52,Empleado,3500000,1000000,452259
9,759547.2,10,58,Empleado,2000000,1800000,64421
9,1604013.6,10,68,Empleado,1900000,1200000,136045
4,1025080.8,6,35,Independiente,5000000,1000000,151886
9,2662216.8,9,46,Empleado,4000000,2000000,248628
9,1354128.0,9,34,Empleado,3500000,1500000,126464
9,719785.2,4,42,Empleado,1200000,600000,144503
4,2291520.0,12,32,Empleado,3000000,800000,180032
4,6000000.0,10,54,Independiente,12000000,5000000,555177
4,3519241.2,12,50,Empleado,2200000,700000,276487
4,777600.0,6,35,Empleado,1500000,500000,115495
4,1632120.0,12,30,Independiente,2000000,200000,127901
4,4693680.0,12,40,Independiente,3000000,500000,368297
4,1708800.0,12,31,Independiente,1500000,400000,134084
4,475200.0,6,47,Empleado,1800000,400000,70580
4,1900440.0,12,45,Independiente,5000000,2000000,149121
4,7560000.0,36,33,Empleado,1200000,450000,247167
4,1800000.0,12,57,Independiente,1500000,347000,141825
4,684120.0,8,45,Empleado,2200000,1500000,77593
4,2760000.0,8,42,Empleado,3200000,2000000,313951
4,2247840.0,12,40,Empleado,2000000,700000,176380
4,1612250.4,18,38,Independiente,3000000,2000000,89617
9,3697692.0,11,34,Empleado,3100000,1500000,287690
4,3529500.0,12,64,Empleado,5000000,2500000,276929
9,1022012.4,10,47,Empleado,3000000,1600000,86682
4,1692000.0,6,43,Independiente,2000000,1000000,251297
9,780643.2,11,37,Empleado,2000000,1000000,60736
4,1548681.6,8,51,Independiente,1500000,450000,175796
9,2278539.6,9,40,Empleado,6000000,4000000,212796
9,1891348.8,10,48,Empleado,5000000,3000000,160415
4,1661520.0,6,41,Empleado,1500000,300000,246612
9,1823892.0,9,35,Empleado,3500000,1800000,170336
4,3940800.0,12,31,Independiente,8000000,2000000,308250
4,1661520.0,12,27,Empleado,1240000,500000,130374
4,4182480.0,12,43,Empleado,1200000,600000,328185
9,1305019.2,10,57,Independiente,4000000,2500000,110686
4,1349760.0,6,51,Empleado,2200000,1200000,200476
4,2373600.0,10,30,Empleado,2200000,100000,219411
9,2141242.8,9,45,Independiente,3000000,1500000,199974
4,614628.0,12,34,Empleado,2800000,1500000,48288
9,4938714.0,9,33,Independiente,8000000,2000000,461233
4,400800.0,6,37,Empleado,1800000,600000,59530
9,1604400.0,2,64,Independiente,4000000,2000000,632417
4,1363200.0,8,50,Independiente,3800000,0,154941
4,4176000.0,12,35,Independiente,2500000,1500000,328085
4,2418300.0,12,27,Empleado,3600000,1800000,189756
4,816000.0,6,53,Empleado,2000000,800000,121391
4,1036800.0,24,31,Empleado,1520000,500000,45325
4,2400000.0,6,54,Independiente,3000000,1500000,356222
4,1657200.0,6,31,Independiente,2500000,1000000,245971
4,3903600.0,12,40,Empleado,2000000,800000,306302
4,632880.0,6,37,Empleado,2400000,1000000,93936
4,972000.0,8,56,Empleado,2500000,435000,110565
4,1020428.4,6,45,Empleado,3500000,2500000,151802
4,2100000.0,12,34,Empleado,6000000,2000000,165463
4,4276800.0,18,51,Independiente,5000000,2500000,236289
4,2022478.8,6,62,Empleado,4000000,1000000,300188
4,2317200.0,12,38,Independiente,7000000,3000000,182049
4,2364600.0,6,55,Empleado,3000000,1000000,350968
4,732284.4,12,45,Empleado,1000000,400000,57698
4,2569200.0,12,43,Empleado,2000000,500000,201596
4,2936160.0,10,32,Empleado,7000000,1000000,271413
4,1769040.0,12,41,Empleado,2000000,700000,139386
4,1036800.0,6,38,Empleado,3000000,1200000,153888
9,2079050.4,9,67,Independiente,3000000,1200000,194165
4,4585858.8,12,34,Empleado,5500000,3000000,359837
4,778800.0,8,68,Empleado,1050000,300000,88332
4,1391880.0,24,23,Empleado,1250000,300000,60988
4,3174960.0,12,27,Independiente,4500000,1000000,249128
4,1288800.0,12,53,Empleado,2400000,700000,101128
4,2236320.0,18,23,Empleado,2700000,0,123775
4,1200000.0,10,43,Empleado,4800000,4000000,111043
4,2305440.0,12,50,Empleado,3000000,1000000,180900
4,1051081.2,6,21,Empleado,1500000,500000,156114
4,14208000.0,12,48,Independiente,25000000,18000000,1116242
10,1200000.0,6,27,Independiente,3800000,1500000,178233
4,1773960.0,12,56,Empleado,5200000,1000000,139197
4,2894400.0,12,41,Empleado,6000000,400000,227114
4,1173600.0,6,34,Empleado,1200000,200000,174192
4,842922.0,6,47,Empleado,2500000,1000000,125396
4,1414260.0,6,38,Empleado,7500000,3500000,209913
4,804000.0,6,36,Empleado,4000000,2000000,119606
4,2392560.0,18,28,Empleado,2000000,790000,132186
4,1784280.0,6,48,Independiente,2000000,600000,265014
4,490320.0,6,55,Independiente,1200000,500000,72776
4,4410000.0,6,63,Empleado,10000000,5000000,655005
4,3615600.0,24,37,Empleado,5500000,2500000,159271
4,2234280.0,12,31,Empleado,3700000,1000000,175535
4,2268000.0,10,46,Empleado,5000000,2000000,209872
4,2138400.0,12,54,Empleado,4500000,1200000,167793
4,862680.0,6,41,Independiente,5000000,2000000,128132
4,707640.0,12,41,Empleado,2200000,600000,55595
4,746307.6,10,44,Independiente,1500000,600000,69231
9,19259278.8,11,122,Empleado,25000000,18000000,1625934
4,1176000.0,10,49,Empleado,1200000,600000,109100
4,1380000.0,6,48,Empleado,1200000,480000,204968
4,3682320.0,24,40,Empleado,6000000,1000000,160977
4,1236000.0,12,34,Empleado,3900000,500000,97387
4,3439174.8,6,45,Independiente,8000000,3000000,510811
9,1247500.8,9,47,Independiente,3000000,1500000,116506
4,3230529.6,18,31,Empleado,5000000,1000000,179254
4,3607200.0,24,26,Independiente,4300000,450000,125250
4,3218400.0,12,50,Empleado,2500000,250000,253584
4,1916280.0,12,55,Empleado,1200000,400000,150551
4,2879760.0,6,31,Empleado,3500000,1500000,427723
4,2324160.0,12,57,Empleado,2000000,500000,182596
4,1080000.0,6,30,Empleado,4321000,1500000,160409
4,6332928.0,24,28,Empleado,3029000,0,219893
4,1260000.0,8,29,Empleado,2500000,700000,143325
4,2849280.0,12,69,Empleado,6000000,3000000,223573
4,1490760.0,12,48,Empleado,1200000,450000,116975
4,759512.4,12,59,Empleado,1000000,500000,59843
4,2528768.4,18,64,Empleado,3000000,1000000,140542
4,2111761.2,6,26,Independiente,3000000,1000000,313654
4,3343500.0,24,40,Empleado,2500000,500000,146165
9,1416922.8,11,59,Empleado,4000000,2000000,110240
4,1708800.0,8,43,Empleado,3000000,600000,193813
9,1497974.4,10,53,Empleado,2600000,1400000,127051
4,2696280.0,12,61,Independiente,15000000,1000000,211831
9,1736228.4,10,55,Empleado,1500000,600000,147259
9,2861613.6,4,57,Empleado,4200000,1800000,574494
4,480000.0,6,57,Empleado,1800000,400000,71293
9,2169558.0,10,39,Independiente,5000000,4000000,184012
4,2840280.0,12,31,Empleado,1600000,400000,223145
4,2858280.0,24,62,Empleado,2800000,540000,125241
4,1751400.0,12,45,Empleado,2000000,600000,137996
9,2182842.0,11,45,Empleado,2000000,900000,169831
4,983404.8,6,64,Empleado,1200000,350000,146062
4,3085680.0,36,44,Empleado,3000000,700000,99770
4,2533080.0,12,56,Empleado,1800000,300000,199010
4,2447760.0,10,38,Empleado,2500000,400000,226506
4,3610320.0,18,33,Empleado,2500000,700000,199466
4,2206561.2,12,29,Empleado,5000000,2500000,173357
9,1565696.4,9,29,Empleado,4133000,2200000,146222
4,1680181.2,12,46,Empleado,3000000,1000000,131838
9,4627576.8,10,33,Independiente,2000000,800000,392490
9,3574816.8,11,34,Empleado,4000000,2000000,278130
9,1498162.8,10,69,Independiente,4000000,3000000,127067
9,764718.0,4,58,Independiente,3000000,2000000,153524
9,2121463.2,10,51,Empleado,3000000,1500000,179933
9,2168076.0,9,48,Independiente,4000000,3000000,202480
9,1712667.6,9,30,Empleado,3200000,1500000,159948
4,1036800.0,10,58,Empleado,2600000,300000,95840
9,4384165.2,3,42,Independiente,6000000,3000000,1162786
4,1648800.0,6,42,Independiente,5000000,2500000,244892
9,1965441.6,11,33,Empleado,3000000,1500000000,152917
4,3523473.6,36,35,Empleado,2500000,400000,114298
9,1518190.8,9,67,Empleado,3800000,2000000,141786
4,3096000.0,6,34,Independiente,3200000,1500000,459840
4,4952815.2,36,44,Empleado,2000000,600000,161885
4,1615080.0,12,63,Independiente,2500000,1000000,126888
4,756000.0,6,28,Empleado,1300000,350000,112465
9,2453278.8,10,39,Independiente,7000000,5000000,208076
4,2210280.0,6,63,Independiente,2500000,600000,328287
4,1668000.0,12,48,Independiente,1500000,350000,131425
9,1909851.6,9,30,Empleado,4000000,2000000,178364
4,1392000.0,12,40,Empleado,3200000,700000,109678
4,3768000.0,12,32,Independiente,6000000,2500000,296006
9,1686816.0,10,38,Empleado,1100000,500000,143068
9,3528025.2,9,59,Empleado,3500000,1500000,329487
9,1540004.4,10,22,Empleado,1500000,800000,130616
4,2849280.0,18,56,Independiente,2000000,600000,157420
4,1197481.2,10,42,Empleado,1200000,550000,110810
4,1433641.2,12,50,Independiente,2100000,600000,112624
4,1080000.0,6,56,Independiente,2200000,1000000,160409
9,1775546.4,10,26,Independiente,2000000,1000000,150594
9,3038488.8,10,41,Independiente,4000000,2000000,257710
4,1560000.0,6,31,Empleado,2000000,500000,232071
9,6705002.399999999,10,33,Independiente,8000000,4000000,568687
4,1994400.0,6,68,Independiente,4000000,1500000,296223
9,8662866.0,11,122,Empleado,589006660,5338660,673994
9,4664247.6,12,39,Empleado,8000000,2000000,365288
9,2741089.2,10,52,Independiente,3500000,1820000,232486
4,3571200.0,12,49,Independiente,3000000,350000,280220
4,2719080.0,12,50,Independiente,10000000,4000000,213623
4,5041200.0,24,38,Empleado,6000000,0,175042
9,2380070.4,11,51,Empleado,6000000,4000000,185176
4,1068000.0,12,60,Empleado,1200000,300000,84150
9,1371589.2,10,25,Empleado,1500000,800000,116332
4,2280000.0,24,37,Independiente,3500000,1800000,99660
9,799680.0,11,42,Empleado,3100000,1500000,62217
4,2435160.0,6,52,Independiente,10000000,1700000,361183
9,1604400.0,2,44,Independiente,4000000,2000000,632417
4,936000.0,12,27,Empleado,2000000,100000,73756
4,1512000.0,6,60,Empleado,1800000,600000,224943
4,3871200.0,6,64,Independiente,3000000,500000,574979
4,834000.0,6,35,Empleado,2500000,500000,124069
9,3586639.2,9,59,Independiente,3200000,1200000,334961
9,1272064.8,10,47,Empleado,3000000,2000000,107891
4,1539360.0,12,29,Empleado,1800000,700000,120939
4,2714160.0,12,63,Independiente,5000000,2500000,213219
4,945000.0,6,37,Empleado,2000000,800000,140494
4,6576000.0,6,38,Empleado,4000000,2000000,976715
4,1464000.0,12,29,Empleado,3000000,100000,115363
9,2158993.2,10,27,Empleado,2100000,600000,183116
4,1344000.0,6,57,Independiente,3500000,2000000,199612
4,5640000.0,10,54,Empleado,3100000,1500000,523235
4,5317200.0,8,39,Empleado,15000000,4000000,603051
4,6048000.0,8,27,Independiente,8000000,0,686528
4,2976000.0,12,26,Empleado,2100000,750000,232783
9,1740086.4,11,122,Empleado,356991000,126111000,135383
9,1872788.4,11,45,Empleado,3000000,1500000,145708
4,1691640.0,12,26,Empleado,1600000,700000,132892
4,2723400.0,12,34,Independiente,8000000,3000000,213945
9,3689902.8,10,28,Independiente,3000000,1100000,312960
4,4693680.0,36,45,Empleado,2700000,250000,151736
4,1494000.0,12,32,Empleado,2500000,800000,117365
9,3876954.0,9,46,Empleado,4000000,2000000,362074
4,2454360.0,36,27,Empleado,1500000,800000,79088
4,1920000.0,6,42,Independiente,2600000,1600000,285160
4,699300.0,6,59,Empleado,2500000,1000000,103790
9,2984607.6,10,56,Empleado,3500000,0,253141
4,2645760.0,12,43,Empleado,1250000,600000,207334
9,2029719.6,10,53,Independiente,3000000,1500000,172151
4,738384.0,6,46,Independiente,1200000,300000,109776
4,1152000.0,6,22,Independiente,2500000,1200000,170691
4,2232000.0,12,55,Empleado,3500000,1000000,175863
4,453600.0,6,61,Empleado,1000000,100000,67323
4,3472200.0,10,47,Independiente,7000000,3000000,321304
4,1244426.4,6,35,Empleado,2300000,500000,185010
4,2122560.0,6,45,Empleado,4032965,2600000,315031
4,2022000.0,10,55,Empleado,1200000,600000,187095
9,2067543.6,10,43,Empleado,3500000,1800000,175359
4,4507080.0,12,30,Empleado,10000000,5000000,354067
4,6864000.0,8,56,Independiente,10000000,4000000,779199
4,1258800.0,12,28,Empleado,1500000,600000,99193
4,1294766.4,8,40,Empleado,1300000,350000,146973
4,3600000.0,8,58,Empleado,2500000,100000,409176
9,2656285.2,11,48,Independiente,4000000,1500000,206666
4,1436400.0,24,51,Empleado,3000000,2000000,63275
4,873720.0,12,61,Empleado,1000000,100000,68558
4,440990.4,6,60,Empleado,1000000,250000,65563
4,2458680.0,6,32,Empleado,6000000,2000000,365181
4,5381640.0,6,61,Empleado,5400000,400000,798744
4,564000.0,6,30,Independiente,2000000,1000000,83766
9,759422.4,10,20,Empleado,1500000,1000000,64411
4,2160000.0,12,65,Empleado,1500000,500000,170207
9,5248310.399999999,11,53,Independiente,6000000,2000000,408333
4,2373600.0,12,51,Empleado,6000000,500000,186248
4,3562680.0,6,54,Empleado,5000000,1500000,529131
4,590400.0,12,51,Empleado,1000000,300000,46327
4,2993638.8,12,58,Empleado,2500000,500000,235193
4,600000.0,12,36,Empleado,1800000,50000,47280
4,8404800.0,36,48,Empleado,9500000,3000000,271707
4,1451224.8,12,28,Empleado,5300000,0,113873
4,3649560.0,6,40,Independiente,8000000,1000000,542035
4,752400.0,6,39,Empleado,3000000,1000000,111752
9,2053549.2,9,40,Empleado,4000000,2800000,191784
4,1260000.0,6,28,Empleado,1500000,500000,187452
9,9246008.4,11,51,Empleado,3100000,1400000,719364
4,2400000.0,8,34,Independiente,2000000,500000,273001
4,562738.7999999999,6,69,Empleado,3000000,1000000,83525
4,1010280.0,12,53,Empleado,2000000,600000,79372
4,1836000.0,6,51,Independiente,5000000,1000000,272696
9,799680.0,11,59,Independiente,3500000,1300000,62217
4,2849280.0,12,29,Empleado,6400000,2000000,223283
4,1440000.0,12,32,Independiente,3000000,1000000,113472
4,720000.0,6,65,Empleado,3000000,600000,106940
9,1736228.4,9,122,Empleado,926000000,17000000,162149
9,1183716.0,9,62,Independiente,3500000,2000000,110549
4,788400.0,6,67,Empleado,2500000,500000,117019
4,1661520.0,24,39,Empleado,1000000,500000,72626
9,1260004.8,9,53,Empleado,4000000,2000000,117674
9,1033833.6,4,57,Independiente,5000000,2500000,207551
4,3249999.6,6,53,Independiente,7000000,0,481551
4,1695480.0,24,29,Empleado,2200000,800000,74290
4,1770000.0,6,47,Empleado,4000000,3000000,263311
4,538380.0,6,35,Empleado,4000000,2000000,79906
4,1244880.0,12,40,Empleado,3100000,1500000,97682
9,1497980.4,10,53,Empleado,3000000,1200000,127052
9,2927667.6,10,23,Independiente,1800000,500000,248311
9,1480176.0,10,55,Empleado,1500000,800000,125542
4,4040398.8,8,51,Independiente,5000000,1500000,458638
9,1604400.0,5,46,Independiente,4000000,2000000,260055
4,3937800.0,24,33,Independiente,4000000,800000,172515
4,2279641.2,6,37,Independiente,6000000,3000000,338589
4,1025400.0,12,41,Independiente,2000000,1000000,80793
9,4440086.399999999,10,37,Independiente,4000000,3000000,376587
4,960000.0,6,59,Independiente,3800000,800000,142586
9,1342186.8,9,30,Empleado,3000000,1000000,125349
4,1524421.2,8,44,Independiente,1500000,500000,173403
4,1368000.0,12,66,Independiente,1000000,100000,107787
9,2789599.2,10,38,Empleado,3740000,1800000,236601
4,3012478.8,12,29,Empleado,2200000,300000,236654
4,1680000.0,12,36,Empleado,1000000,100000,132383
9,1482134.4,10,39,Empleado,4000000,1000000,125181
4,3444000.0,12,23,Empleado,10000000,850000,270576
4,1428000.0,10,34,Empleado,1200000,100000,132467
9,754996.7999999999,10,36,Empleado,2000000,815000,64035
9,2302339.2,11,43,Independiente,4000000,2000000,179128
4,1747440.0,6,46,Empleado,4000000,1500000,259355
9,3471369.6,11,30,Empleado,7700000,3900000,270082
4,1528800.0,6,42,Independiente,6000000,1500000,227058
9,1450628.4,9,53,Empleado,1500000,900000,135476
4,2059200.0,12,43,Independiente,4000000,1000000,161780
4,1980000.0,10,23,Empleado,2500000,300000,183497
4,1728000.0,6,42,Empleado,12000000,3500000,256655
9,1174449.6,10,60,Empleado,1500000,800000,99611
9,799680.0,10,52,Independiente,3200000,1400000,67825
9,1071852.0,10,23,Empleado,1500000,800000,90909
9,538680.0,6,34,Empleado,3000000,1400000,73431
4,1175040.0,8,38,Empleado,2000000,500000,133152
9,8294638.8,10,30,Independiente,9500000,5000000,703513
4,1946280.0,12,47,Empleado,1600000,500000,152908
4,1920000.0,6,26,Independiente,8000000,1500000,285172
4,947461.2,6,28,Independiente,1600000,300000,140717
4,1088659.2,6,29,Independiente,2000000,1000000,161696
4,2275200.0,10,51,Independiente,3500000,1500000,210303
9,1604400.0,6,62,Independiente,4000000,2000000,218705
9,1143631.2,4,41,Empleado,1300000,800000,229594
9,2472702.0,11,38,Empleado,1400000,500000,209350
4,2313600.0,12,33,Empleado,3000000,1700000,181766
4,3343500.0,12,55,Independiente,1200000,500000,262335
4,1404000.0,10,37,Empleado,3500000,2000000,129921
4,1908000.0,12,26,Independiente,1800000,800000,149901
4,684000.0,10,47,Empleado,2500000,500000,63451
4,1200000.0,12,40,Empleado,1500000,300000,94160
4,2130457.2,12,53,Empleado,1400000,300000,167863
4,3293760.0,24,54,Empleado,2686000,1000000,144322
4,1821600.0,10,26,Empleado,1100000,450000,168817
9,3331815.6,4,52,Independiente,5000000,3000000,668892
9,16151025.6,11,122,Empleado,93000000,88000000,1363525
4,3335808.0,6,46,Independiente,10000000,2000000,495458
4,3960000.0,6,46,Independiente,12000000,4000000,588168
4,1498680.0,12,55,Independiente,1800000,420000,117733
9,2537442.0,10,122,Empleado,200000000,40000000,215214
4,2573472.0,12,54,Empleado,3200000,0,202769
4,1200000.0,12,22,Empleado,3000000,800000,94550
10,7200000.0,12,54,Empleado,1800000,500000,565663
9,3820347.6,10,25,Empleado,2300000,1300000,324024
9,1950362.4,11,30,Empleado,6000000,1800000,151743
4,1824000.0,6,39,Independiente,4000000,0,270914
4,6600000.0,24,43,Empleado,3500000,400000,229167
4,3387600.0,12,32,Empleado,5000000,450000,266145
4,1800000.0,10,54,Independiente,2000000,500000,166565
4,1308000.0,12,29,Independiente,2800000,1300000,102754
4,1384500.0,6,36,Empleado,6000000,2000000,205495
4,1787499.6,10,43,Independiente,4000000,2000000,165408
4,1484280.0,6,63,Empleado,1800000,500000,220456
4,1389240.0,6,29,Empleado,2850000,1200000,206199
9,1269000.0,9,63,Empleado,4000000,2000000,118514
4,5453280.0,12,40,Empleado,2000000,800000,428433
4,2289600.0,12,41,Empleado,1800000,800000,179093
4,4676100.0,12,54,Empleado,5000000,2500000,366918
4,4919760.0,12,40,Empleado,6000000,500000,386518
4,1380000.0,12,41,Empleado,2500000,1500000,108733
4,935040.0,12,64,Independiente,2000000,0,73674
4,1440000.0,6,58,Empleado,1200000,300000,213725
4,2388000.0,12,57,Empleado,1600000,400000,188155
9,1933681.2,10,68,Empleado,3600000,2000000,164006
4,928200.0,6,56,Independiente,1000000,400000,137769
9,4196660.399999999,11,122,Empleado,13460938,6290420,354296
9,11876138.4,12,46,Independiente,80000000,30000000,927236
4,3439174.8,12,60,Independiente,6000000,2000000,270197
4,3360000.0,12,32,Empleado,2500000,350000,264741
4,3697260.0,12,30,Independiente,12000000,9000000,290111
4,2954880.0,12,49,Empleado,3897500,2500000,231859
4,4332900.0,18,48,Independiente,3500000,500000,239388
4,907200.0,6,60,Empleado,3500000,1000000,134652
4,1363200.0,6,24,Independiente,7800000,2500000,202668
4,1276800.0,8,46,Empleado,2100000,1000000,144942
4,1680000.0,12,46,Empleado,4000000,1500000,131988
4,1080000.0,6,56,Empleado,5000000,3000000,160409
4,6228000.0,12,58,Independiente,9000000,4000000,489299
4,1451221.2,6,51,Empleado,2500000,1000000,215391
4,600000.0,6,50,Independiente,2500000,300000,89116
4,1722960.0,6,38,Empleado,2700000,500000,255907
4,2931120.0,12,32,Independiente,1500000,300000,229995
4,1428000.0,12,39,Empleado,1400000,200000,112515
4,1695480.0,10,59,Empleado,2200000,1400000,156893
4,1200000.0,12,57,Empleado,2500000,500000,94160
4,2138400.0,12,44,Independiente,2000000,300000,167793
4,3182040.0,24,27,Empleado,2800000,450000,139427
4,4640220.0,12,50,Empleado,4200000,2000000,364102
4,2138400.0,10,55,Empleado,1600000,400000,197669
4,2674800.0,6,58,Empleado,1600000,300000,397009
4,1717200.0,12,43,Independiente,2600000,1000000,134320
4,2954880.0,12,39,Independiente,1800000,400000,231859
4,480000.0,6,41,Independiente,800000,100000,71406
4,5184720.0,12,31,Empleado,6000000,3000000,406827
4,2429640.0,24,30,Empleado,2000000,1000000,106459
4,3234960.0,12,33,Empleado,2800000,1000000,253836
4,647880.0,12,26,Empleado,1400000,400000,50900
4,1941420.0,12,35,Empleado,2500000,450000,152326
4,2287860.0,6,29,Empleado,2000000,500000,339577
4,3048000.0,6,60,Independiente,4000000,2000000,452691
9,1498992.0,3,49,Independiente,4000000,2000000,397569
9,909874.8,10,49,Empleado,1500000,800000,77171
4,2412000.0,8,40,Empleado,1200000,400000,273810
4,5107380.0,24,25,Empleado,1600000,300000,223275
4,1853640.0,12,35,Independiente,2300000,850000,145630
9,670328.4,9,33,Empleado,1800000,600000,62603
4,863880.0,6,57,Empleado,1700000,500000,128310
10,6327600.0,30,37,Empleado,1300000,400000,233823
4,3529500.0,12,43,Empleado,3500000,1600000,276948
4,1200000.0,6,69,Empleado,4000000,2000000,178233
4,2645760.0,6,35,Independiente,20000000,6000000,392699
4,2833440.0,6,37,Empleado,5000000,1000000,420540
9,1602044.4,10,41,Independiente,2800000,1000000,135878
4,2251081.2,6,42,Independiente,1500000,500000,334332
4,1892100.0,6,38,Empleado,2400000,920000,280826
4,1045080.0,6,57,Independiente,3000000,790000,155223
4,2253480.0,6,31,Empleado,3200000,1000000,334703
4,1960680.0,12,62,Empleado,2300000,600000,154040
4,1052280.0,6,26,Empleado,4254000,1800000,156292
9,1949815.2,9,57,Independiente,3000000,2000000,182096
4,2674800.0,12,42,Empleado,13200000,4000000,209883
4,1470960.0,12,26,Empleado,1200000,150000,115413
4,669840.0,12,44,Empleado,2000000,750000,52560
4,1111080.0,12,26,Empleado,1800000,600000,87291
4,1613640.0,8,59,Independiente,3500000,400000,183180
9,1536492.0,10,25,Independiente,9000000,4000000,130318
4,4577199.6,12,46,Independiente,12000000,0,359575
4,4940880.0,6,61,Independiente,60000000,30000000,733822
9,1871511.6,10,46,Empleado,3500000,1800000,158733
9,586680.0,4,55,Independiente,5000000,2000000,117781
9,1175266.8,10,28,Empleado,2000000,800000,99681
9,1712828.4,9,50,Empleado,2000000,1600000,159963
4,2622480.0,6,35,Empleado,4500000,1900000,389244
4,1568520.0,6,43,Empleado,2000000,500000,232809
4,817080.0,6,34,Empleado,4000000,1500000,121359
9,1269000.0,3,43,Empleado,6000000,2000000,336569
9,1498992.0,3,47,Independiente,4000000,2000000,398747
4,1200000.0,6,40,Empleado,3000000,200000,178516
4,3921600.0,12,31,Empleado,3000000,1000000,307715
9,7713753.6,9,24,Empleado,6000000,3000000,721088
9,1269000.0,4,32,Independiente,4000000,2000000,254887
4,1823640.0,6,43,Independiente,3000000,200000,270860
9,1297320.0,11,62,Independiente,3000000,1000000,101050
9,2573456.4,10,31,Empleado,2000000,1200000,218269
9,878880.0,5,43,Independiente,6500000,2700000,142539
4,7074000.0,18,52,Empleado,2300000,1000000,390831
9,2524998.0,10,44,Empleado,6000000,2000000,216481
4,2385120.0,24,55,Empleado,2400000,650000,104508
9,2922302.4,10,33,Independiente,4500000,2000000,248116
4,3099360.0,6,56,Empleado,1950000,700000,460025
9,3586916.4,9,41,Independiente,3800000,1600000,335308
4,600000.0,12,41,Empleado,2400000,400000,47135
4,2669160.0,18,33,Empleado,2200000,200000,147468
4,5079360.0,6,24,Empleado,2800000,500000,753908
9,1976654.4,10,58,Empleado,10000000,4000000,167827
4,3494880.0,12,44,Independiente,4500000,1200000,274231
4,3292498.8,12,41,Independiente,4000000,500000,258351
4,1388280.0,12,41,Empleado,2500000,800000,109069
4,1319880.0,6,53,Empleado,8000000,1500000,196228
9,878880.0,5,62,Empleado,4000000,3200000,142539
9,1743616.8,10,27,Independiente,3000000,2000000,148041
4,623880.0,10,34,Empleado,1200000,400000,57731
9,799680.0,11,51,Empleado,3100000,1700000,62288
9,1872676.8,9,54,Independiente,3500000,800000,175059
9,1801020.0,11,51,Empleado,1600000,1300000,140284
9,1504638.0,11,34,Empleado,3100000,1600000,117199
9,1569456.0,11,24,Empleado,3000000,2000000,122247
9,1277478.0,10,57,Independiente,4000000,2500000,108464
9,1482234.0,10,58,Independiente,3000000,1000000,125848
9,2087876.4,10,41,Independiente,3000000,1000000,177270
4,1284000.0,10,42,Empleado,2400000,1700000,119109
4,914400.0,6,33,Empleado,2700000,1000000,135813
9,987314.4,10,44,Empleado,3000000,800000,83827
4,2523480.0,12,34,Independiente,3500000,1500000,198256
4,600000.0,6,45,Empleado,2800000,1200000,89116
9,4081810.8,11,50,Empleado,3500000,800000,324480
4,1428000.0,12,64,Empleado,4000000,500000,112515
4,3960000.0,8,29,Independiente,4500000,620000,450451
4,1200000.0,12,53,Empleado,1200000,100000,94550
9,2944532.4,9,53,Empleado,3500000,1200000,275257
4,959880.0,6,39,Empleado,2000000,450000,142568
4,2602560.0,6,65,Empleado,4500000,1500000,386287
4,3780000.0,10,59,Independiente,1000000,100000,350312
9,1773547.2,10,34,Empleado,2500000,1000000,150582
9,2476449.6,9,47,Empleado,9000000,6000000,231500
4,600000.0,6,64,Independiente,1000000,250000,89116
4,3600000.0,6,68,Independiente,5000000,1000000,533411
4,2980680.0,24,35,Empleado,2000000,700000,130584
4,3173286.0,24,42,Empleado,1500000,100000,139813
9,1531626.0,10,35,Empleado,2300000,1000000,130042
9,3785090.4,11,29,Empleado,4000000,2500000,294826
9,1185660.0,3,52,Empleado,2500000,1500000,314588
9,2013514.8,9,62,Empleado,4000000,0,188225
9,7509038.399999999,10,27,Independiente,4000000,1000000,637550
4,2275599.6,6,41,Independiente,5000000,111111,337175
9,1590902.4,10,43,Empleado,2200000,1000000,135075
4,2747880.0,12,30,Empleado,4500000,1800000,215885
9,1269000.0,3,37,Empleado,3500000,2000000,336701
4,3264000.0,6,43,Independiente,5000000,2500000,484793
4,3744999.6,10,25,Empleado,22000000,7000000,346547
4,3484800.0,12,45,Independiente,3000000,800000,273781
9,878880.0,5,24,Empleado,1800000,900000,142539
4,3000000.0,6,24,Independiente,6000000,2000000,445582
9,5811889.2,11,35,Empleado,4000000,2000000,452697
4,1560000.0,6,29,Empleado,4000000,1500000,231703
9,3409875.6,10,43,Empleado,10000000,6000000,289513
4,960000.0,12,28,Independiente,2900000,1600000,75091
4,622680.0,6,58,Empleado,1200000,0,92485
4,1772934.0,12,30,Empleado,1200000,250000,139535
4,3205081.2,12,56,Empleado,3000000,600000,251805
9,670200.0,8,33,Independiente,2300000,1300000,69839
9,1736228.4,11,44,Independiente,2500000,1500000,135237
9,1269000.0,5,33,Independiente,4000000,2000000,205810
4,2100960.0,6,59,Empleado,4000000,1200000,311837
4,2373600.0,24,31,Empleado,2000000,800000,103765
4,956820.0,6,32,Independiente,2500000,1000000,142017
4,1784280.0,12,42,Empleado,2000000,600000,140181
4,1199880.0,12,35,Independiente,1100000,300000,94268
4,2648520.0,8,55,Empleado,7200000,3000000,300397
4,793506.0,12,59,Empleado,1500000,300000,62522
9,3804502.8,9,37,Empleado,3000000,1500000,355648
4,3131760.0,6,67,Empleado,1380000,300000,464834
4,1456800.0,10,51,Independiente,6000000,4000000,135139
4,3754200.0,24,42,Empleado,3500000,1000000,164497
4,4042441.2,12,34,Empleado,6000000,2500000,317592
4,2672400.0,12,42,Independiente,6000000,2000000,209955
4,2645760.0,12,54,Empleado,3000000,2000000,207604
4,1657200.0,12,26,Empleado,1800000,250000,130026
4,1051081.2,12,23,Empleado,1000000,300000,82578
9,2671164.0,10,32,Empleado,10000000,4500000,226794
9,2334664.8,9,40,Empleado,3500000,500000,218246
9,684600.0,5,56,Independiente,4000000,2000000,111030
9,3067458.0,11,30,Independiente,3000000,1500000,238929
9,2013627.6,9,58,Independiente,8000000,4000000,188235
4,1729200.0,12,33,Independiente,1000000,600000,135258
4,2990278.8,10,38,Empleado,2000000,500000,276709
4,2234281.2,12,24,Empleado,1500000,0,175535
9,3103854.0,10,26,Empleado,3000000,1500000,263531
4,3196611.6,12,48,Independiente,4500000,1000000,251867
9,5544553.2,10,122,Empleado,15887000,3414297,510351
4,1747200.0,12,40,Empleado,1500000,400000,137268
4,3949999.2,6,24,Independiente,6000000,2000000,586683
4,741600.0,6,65,Independiente,2000000,0,110329
4,972060.0,18,43,Empleado,1000000,300000,53705
4,1710720.0,10,27,Empleado,2000000,700000,158136
4,2098800.0,12,40,Independiente,4200000,1200000,164168
9,3841405.2,10,44,Independiente,4000000,2000000,326152
4,839640.0,6,37,Empleado,3500000,2400000,124709
4,920889.6,6,35,Empleado,1600000,300000,136995
4,1133037.6,6,29,Independiente,4000000,1500000,168554
10,2346240.0,12,45,Empleado,1400000,500000,184089
9,1412450.4,10,68,Empleado,2800000,0,119923
4,1800000.0,12,31,Empleado,1000000,200000,141416
4,366000.0,6,43,Empleado,4000000,2000000,54361
9,2793991.2,9,42,Empleado,4000000,2000000,261184
9,4677516.0,10,47,Empleado,4800000,3000000,397142
9,4774735.2,10,122,Empleado,21335576,7967456,405396
9,4685294.399999999,9,35,Empleado,4700000,2500000,437985
9,3713196.0,11,61,Empleado,3000000,0,314376
9,3417370.8,9,42,Independiente,10000000,4000000,319458
4,2693880.0,12,28,Empleado,2600000,350000,211643
9,3562102.8,9,29,Empleado,3500000,1000000,332988
9,1596032.4,9,47,Empleado,7000000,3000000,149198
4,1777920.0,6,27,Empleado,2300000,500000,264070
4,2373600.0,12,46,Empleado,1200000,500000,186236
4,3389690.4,6,60,Independiente,8000000,1500000,503439
9,2513280.0,9,122,Empleado,192318845,160616471,234943
4,2014699.2,10,31,Empleado,2500000,1000000,186892
9,1939200.0,6,40,Empleado,3000000,1500000,264523
4,2089894.8,10,37,Independiente,1800000,500000,193186
4,2318280.0,8,26,Empleado,2500000,650000,263170
4,3516000.0,6,53,Independiente,10000000,3000000,522198
9,1246796.4,10,23,Empleado,2300000,1000000,105858
4,3874680.0,36,33,Empleado,2000000,1000000,125282
4,4068000.0,12,36,Independiente,2000000,600000,319600
4,5078400.0,36,58,Empleado,5000000,1500000,164202
4,1007979.6,6,51,Independiente,1700000,100000,149857
4,4284000.0,6,48,Independiente,15000005,7000000,636291
4,3560907.6,12,56,Independiente,3000000,500000,280598
4,2988000.0,12,49,Independiente,2800000,800000,234750
4,1552827.6,6,68,Independiente,5000000,2000000,230847
4,1363248.0,12,44,Independiente,1800000,500000,106969
4,1376400.0,12,57,Empleado,1200000,500000,108136
4,2820618.0,8,32,Independiente,8000000,1500000,320196
4,3403006.8,36,32,Empleado,2700000,600000,110901
4,1865640.0,6,45,Empleado,3000000,800000,277098
4,1199880.0,12,32,Independiente,2200000,160000,94268
4,2645760.0,6,40,Empleado,2100000,500000,392699
4,1708800.0,12,33,Empleado,3500000,1000000,134075
4,1404831.6,12,36,Empleado,2500000,1000000,110370
4,3472440.0,12,42,Independiente,1500000,600000,272788
4,2659140.0,12,53,Empleado,2000000,200000,208654
4,2076000.0,6,40,Independiente,3000000,1000000,308343
4,2304000.0,12,63,Independiente,6000000,4000000,181012
4,1540800.0,12,34,Empleado,2500000,1200000,120522
4,2014699.2,10,55,Independiente,1400000,600000,186892
4,2349999.6,8,49,Independiente,5000000,4000000,266771
4,1341600.0,12,51,Independiente,5000000,600000,105707
4,1631880.0,6,43,Empleado,4000000,500000,242379
4,1747200.0,12,23,Empleado,1300000,0,137268
4,3343501.2,12,46,Empleado,1800000,300000,262353
4,8640000.0,24,41,Empleado,1800000,0,300000
4,4907460.0,6,43,Empleado,3500000,400000,728394
4,3442561.2,12,47,Empleado,4500000,1000000,270463
4,3120000.0,24,39,Empleado,4000000,1500000,137440
4,4366320.0,12,36,Empleado,7200000,3000000,342610
4,1200000.0,12,41,Independiente,3000000,2000000,94277
4,3307500.0,18,43,Empleado,4000000,2500000,182736
4,2102158.8,12,56,Empleado,2536000,536000,165155
4,3010515.6,36,30,Empleado,2000000,300000,98400
4,696000.0,12,52,Empleado,2900000,500000,54839
4,1436280.0,12,29,Empleado,1500000,900000,112840
4,4341060.0,12,43,Empleado,4100000,1000000,340628
4,2516280.0,12,26,Empleado,2500000,560000,197690
4,1018800.0,6,40,Empleado,1117000,84000,151560
9,2189680.8,10,31,Independiente,2500000,1000000,185913
4,1649280.0,6,51,Empleado,12000000,4000000,244796
9,2365598.4,9,50,Empleado,5000000,3000000,221138
4,1390680.0,12,54,Independiente,1100000,100000,109258
9,2784324.0,9,25,Independiente,1000000,500000,259659
9,2518315.2,10,47,Empleado,1800000,800000,213816
4,792000.0,12,41,Independiente,3500000,800000,62403
4,3391921.2,12,31,Empleado,2300000,300000,266484
4,3375000.0,12,36,Empleado,3000000,500000,265155
9,5246821.2,10,39,Independiente,8500000,1200000,445478
4,1672681.2,12,43,Independiente,2000000,500000,131413
9,799680.0,11,42,Empleado,3100000,1500000,62288
10,1743600.0,8,45,Empleado,2000000,600000,197933
4,1200000.0,12,33,Empleado,3600000,950000,94277
4,1124761.2,8,34,Empleado,937301,1800000,127683
9,497760.0,10,24,Empleado,1200000,900000,42262
4,2499480.0,12,26,Empleado,1860000,580000,196370
4,1195129.2,12,44,Empleado,1200000,600000,93895
4,1418160.0,6,29,Empleado,2500000,1000000,210635
9,2886364.8,11,41,Independiente,5000000,3000000,224823
9,3656602.8,10,37,Empleado,2500000,1000000,310462
9,7133497.2,8,27,Independiente,8000000,4000000,743360
9,799680.0,11,42,Empleado,3100000,1500000,62288
9,8192578.8,10,65,Independiente,6000000,3000000,695586
9,1269000.0,3,38,Independiente,8000000,5000000,336701
4,1235881.2,10,41,Empleado,2000000,600000,114364
4,682560.0,10,28,Empleado,1500000,500000,63094
9,6415506.0,11,45,Empleado,3100000,1500000,499713
4,2016000.0,8,33,Empleado,2500000,1200000,228856
9,2545482.0,10,31,Empleado,1895000,750000,216123
9,1901355.6,9,67,Independiente,5000000,2500000,177740
9,2351223.6,10,48,Independiente,6000000,2000000,199629
4,2391120.0,6,27,Empleado,2000000,500000,355147
4,2400000.0,12,50,Empleado,1500000,700000,189100
4,1091533.2,12,57,Independiente,2000000,1000000,85907
9,9031027.2,10,35,Empleado,7000000,3000000,766774
4,4765920.0,12,36,Empleado,4800000,1000000,374401
4,648000.0,12,60,Independiente,1500000,200000,51057
9,3085801.2,9,63,Empleado,10000000,5500000,288463
4,3439174.8,6,48,Independiente,5000000,2000000,510788
9,1585368.0,10,40,Independiente,8000000,4000000,134605
4,3288000.0,12,58,Independiente,5000000,3000000,258320
9,7779382.8,10,122,Empleado,165551412,100944603,658773
4,11808000.0,12,52,Independiente,18000000,9000000,927688
4,1884000.0,8,31,Independiente,8000000,6000000,213871
4,1640161.2,6,65,Independiente,2000000,500000,243609
4,904680.0,6,36,Empleado,1700000,550000,134370
4,3690180.0,12,39,Empleado,3500000,1500000,289536
9,3827872.8,9,67,Empleado,2500000,0,356977
4,1650000.0,12,44,Independiente,1400000,700000,129621
9,1836993.6,10,35,Empleado,3200000,2000000,155969
4,2572680.0,10,41,Empleado,3000000,1000000,238066
4,1079878.8,12,36,Empleado,2500000,1200000,84840
9,1595101.2,11,61,Empleado,5200000,1400000,124245
9,1756839.6,11,43,Independiente,3200000,1400000,136843
9,3101736.0,4,39,Empleado,8000000,0,623004
4,1132440.0,12,29,Empleado,2500000,1500000,88859
4,1548372.0,12,39,Independiente,1500000,800000,121647
4,951361.2,10,27,Empleado,2500000,600000,88035
9,1604400.0,2,48,Independiente,5000000,2000000,632603
4,1097136.0,12,36,Empleado,2300000,600000,86445
9,2234678.4,10,48,Independiente,2500000,1000000,189734
9,2694925.2,11,64,Empleado,10000000,5000000,209912
4,14352000.0,6,55,Independiente,28000000,21000000,2131664
9,9554640.0,11,122,Empleado,7170914725,4974345404,744225
9,2068564.8,10,26,Empleado,2500000,1500000,175630
4,4774740.0,12,57,Empleado,2400000,1400000,374658
4,2796000.0,12,31,Empleado,2500000,800000,219666
4,1636800.0,6,47,Independiente,2200000,700000,243109
4,480000.0,6,66,Empleado,1000000,200000,71244
4,4146000.0,30,30,Empleado,3900000,600000,153235
4,2259091.2,12,38,Empleado,4000000,1000000,177484
4,917866.8,6,21,Empleado,1500000,600000,136545
4,3149936.4,12,43,Independiente,7000000,3500000,248189
4,7440000.0,12,36,Independiente,9000000,3500000,584519
4,1926900.0,12,27,Empleado,4000000,800000,151197
9,1498992.0,2,45,Independiente,5000000,2000000,591041
9,976728.0,9,122,Empleado,50000000,0,91305
9,4100353.2,3,47,Empleado,5000000,4000000,1087937
4,2841600.0,6,41,Empleado,3000000,800000,422055
9,878880.0,5,38,Independiente,5000000,20000000,142539
9,1287464.4,10,31,Independiente,3000000,1500000,109311
9,2657719.2,10,52,Empleado,7000000,2000000,225652
9,1604400.0,5,41,Independiente,4000000,2000000,260206
4,2839200.0,6,56,Independiente,3500000,1000000,421699
4,941878.8,6,48,Independiente,1500000,500000,139895
9,878880.0,4,55,Independiente,4000000,2000000,176529
4,2523660.0,6,58,Empleado,4000000,1000000,374576
9,1269000.0,2,50,Independiente,5000000,2000000,500357
4,2157600.0,24,55,Empleado,5500000,3200000,94322
4,1093104.0,6,48,Empleado,2200000,150000,162614
9,1583340.0,11,38,Independiente,3000000,2000000,123329
4,1182000.0,12,33,Empleado,2000000,50000,93141
4,2591880.0,12,43,Empleado,1500000,600000,203629
4,668640.0,12,36,Empleado,5000000,2000000,52462
4,4156700.4,12,30,Independiente,6000000,1000000,326568
4,970200.0,20,47,Empleado,1000000,133000,49445
4,1320000.0,8,51,Empleado,1500000,700000,150161
9,878880.0,8,46,Independiente,5000000,2000000,91585
4,2232000.0,12,69,Independiente,6500000,2000000,175356
4,722280.0,12,31,Empleado,2200000,1000000,56741
4,2453880.0,12,27,Empleado,3500000,1000000,192772
4,1499370.0,6,42,Empleado,1800000,400000,223064
4,6480000.0,6,29,Independiente,40000000,15000000,962457
4,1486561.2,12,36,Empleado,3800000,1500000,116781
4,2845440.0,8,27,Independiente,8000000,4000000,322020
9,878880.0,8,63,Independiente,5000000,2000000,91585
9,1610289.6,9,69,Empleado,3000000,1200000,150531
4,2373600.0,18,37,Independiente,1200000,500000,131126
4,3600000.0,6,32,Empleado,13000000,6500000,535577
4,816000.0,12,39,Empleado,3800000,1700000,64103
4,1451220.0,6,64,Empleado,4498000,2000000,215398
4,4824000.0,6,53,Empleado,9000000,5000000,716463
4,3439152.0,24,41,Empleado,4500000,1600000,150328
4,1798440.0,24,35,Empleado,4000000,1800000,78611
9,2219974.8,10,42,Independiente,2500000,1000000,188486
4,2400000.0,12,39,Empleado,3500000,800000,189119
4,4890360.0,6,39,Empleado,4800000,420000,725828
4,1680000.0,12,39,Empleado,2800000,500000,132383
4,960000.0,6,34,Empleado,2000000,1200000,142821
9,1958674.8,9,53,Empleado,5000000,2500000,183098
4,2400000.0,12,42,Independiente,2500000,1500000,188539
4,1680000.0,6,55,Empleado,1700000,680000,249526
9,1036332.0,11,59,Empleado,2500000,1300000,80721
4,875455.2,12,23,Empleado,3000000,400000,68979
4,3120000.0,6,44,Empleado,3500000,800000,463384
4,958800.0,6,32,Empleado,7500000,3500000,142634
4,1258714.8,6,32,Independiente,2000000,600000,187261
4,1331286.0,18,34,Empleado,1500000,150000,73675
4,7646400.0,12,54,Independiente,7000000,3000000,600685
4,1244426.4,12,65,Empleado,1500000,500000,98060
4,439623.6,6,38,Empleado,4000000,1500000,65249
4,1200000.0,8,33,Empleado,4000000,1800000,136216
4,3017880.0,6,60,Independiente,3000000,1000000,448238
4,1754880.0,6,47,Empleado,2600000,800000,260460
4,1941360.0,12,39,Empleado,1400000,500000,152322
4,3129600.0,6,35,Independiente,10000000,2000000,464831
4,2677200.0,36,21,Empleado,2500000,900000,87528
9,1498992.0,8,49,Independiente,5000000,2000000,156205
4,5166000.0,36,34,Empleado,1710000,500000,168897
4,1968000.0,6,43,Empleado,4029000,1000000,292782
4,2739540.0,18,30,Empleado,1500000,300000,151609
4,2216280.0,12,47,Empleado,1100000,300000,174106
4,2708160.0,6,37,Empleado,5000000,2500000,401946
9,1865130.0,9,29,Independiente,1800000,700000,174354
4,6222129.6,10,50,Independiente,3000000,0,577240
4,1229160.0,6,32,Empleado,2000000,400000,182432
4,1188000.0,12,29,Independiente,2000000,50000,93614
4,1580259.6,6,58,Independiente,1000000,300000,235098
4,2537520.0,24,63,Empleado,2000000,250000,111186
4,4080000.0,6,51,Independiente,4500000,2000000,605964
4,1764000.0,10,23,Empleado,1600000,50000,163650
4,840000.0,12,26,Empleado,1000000,500000,66110
9,1269000.0,5,43,Independiente,5000000,2000000,205810
4,1100160.0,6,50,Independiente,3000000,1000000,163292
4,714000.0,6,32,Independiente,3000000,400000,105972
4,2674800.0,6,36,Independiente,4000000,400000,396994
4,1224000.0,12,42,Empleado,2000000,800000,96155
4,1679974.8,6,34,Empleado,1500000,400000,249932
4,1125480.0,12,23,Empleado,2500000,400000,88423
9,1658026.8,8,37,Empleado,3000000,2000000,174656
4,1869600.0,12,42,Independiente,2000000,500000,146691
4,2760000.0,12,43,Independiente,2500000,800000,216838
4,1729200.0,12,43,Empleado,1750000,750000,135853
4,954000.0,6,27,Independiente,1800000,400000,141928
4,1296000.0,6,45,Empleado,2000000,400000,192491
4,1657200.0,12,32,Empleado,4000000,1800000,130587
9,1366110.0,10,29,Empleado,1500000,800000,115989
4,1244160.0,6,61,Independiente,3800000,1000000,184659
4,600000.0,6,32,Independiente,3000000,500000,89258
4,4977703.2,18,28,Empleado,2500000,0,276200
4,720000.0,10,27,Empleado,1800000,900000,66796
4,2373600.0,6,24,Empleado,1200000,800000,352303
9,2973762.0,9,36,Independiente,15000000,6000000,277990
4,899880.0,10,43,Empleado,6000000,2500000,83271
4,2884800.0,18,51,Empleado,1300000,400000,160329
4,12257595.6,36,36,Empleado,5300000,0,399464
4,3360000.0,6,39,Independiente,8000000,1500000,499052
4,3042000.0,6,36,Empleado,3000000,800000,452563
9,1772553.6,9,48,Empleado,1500000,700000,165700
9,6406549.2,10,54,Empleado,4000000,2000000,543944
4,2471880.0,12,51,Empleado,3900000,1800000,194202
4,877538.4,6,64,Empleado,3200000,1000000,130338
4,2644800.0,12,52,Empleado,8000000,1000000,207514
9,821208.0,5,52,Independiente,5000000,2000000,133186
4,2352000.0,6,60,Empleado,2000000,600000,349911
9,1143631.2,8,54,Empleado,5000000,2000000,119174
4,14400000.0,12,66,Independiente,10000000,3700000,1131327
4,5145950.399999999,18,32,Empleado,3000000,100000,286038
4,5806080.0,12,42,Empleado,3000000,1200000,456151
4,12480000.0,6,42,Independiente,14000000,4000000,1853620
9,670200.0,5,28,Independiente,5000000,2000000,108695
4,1139880.0,12,60,Independiente,1800000,0,89554
9,1975027.2,11,38,Independiente,3200000,1300000,153838
4,1349760.0,24,37,Empleado,1500000,500000,59142
4,936000.0,10,56,Independiente,2000000,240000,86835
9,1183695.6,9,58,Independiente,3500000,2000000,110653
4,3027120.0,10,50,Empleado,1300000,300000,280098
9,8830670.4,9,46,Independiente,2800000,2300000,825498
6,6769875.6,36,30,Empleado,1800000,0,222468
9,878880.0,5,43,Independiente,5000000,2000000,142539
9,1604400.0,5,53,Independiente,5000000,20000000,260206
4,1058895.6,10,32,Empleado,3000000,1800000,98228
9,1467081.6,9,32,Empleado,2850000,0,137144
4,1742400.0,12,36,Empleado,2500000,1200000,137301
4,828661.2,8,58,Empleado,2000000,400000,94064
4,1308000.0,12,45,Empleado,1000000,350000,102762
4,1708800.0,18,37,Empleado,2000000,400000,94409
4,3734400.0,36,42,Empleado,2100000,500000,122093
4,1149600.0,12,52,Empleado,2500000,1000000,90199
4,1800000.0,12,64,Independiente,3000000,420000,141404
4,1052280.0,12,24,Empleado,1200000,300000,82665
4,1389024.0,12,60,Empleado,1100000,300000,108992
4,4369920.0,12,60,Empleado,3500000,1000000,343320
4,2572680.0,24,46,Independiente,3000000,300000,112709
4,2849280.0,12,48,Empleado,2545000,800000,223558
4,3600000.0,12,54,Empleado,3500000,1800000,282832
9,2194630.8,10,25,Empleado,1610000,800000,186334
4,459120.0,6,59,Independiente,1100000,500000,68304
4,4146000.0,30,27,Empleado,2500000,1300000,153235
4,1776000.0,6,40,Independiente,15000000,4000000,263784
9,1468078.8,10,23,Empleado,1500000,800000,124646
9,1544227.2,10,21,Empleado,1500000,300000,131112
9,2549998.8,10,44,Empleado,1700000,700000,216506
9,1426213.2,3,26,Independiente,2000000,1000000,378414
9,2687178.0,10,26,Independiente,6000000,2500000,228153
9,2137531.2,10,24,Empleado,2600000,700000,181486
4,2160000.0,12,62,Empleado,3200000,800000,169685
4,8640000.0,36,69,Empleado,6200000,1000000,279360
9,4226908.8,10,25,Independiente,4420000,2700000,358883
4,2050204.8,12,60,Empleado,2000000,100000,161555
4,3942060.0,24,50,Empleado,3000000,1500000,172728
4,1451640.0,8,34,Independiente,1500000,350000,164790
9,1477653.6,9,40,Empleado,4437982,3000000,137802
4,1773600.0,12,68,Independiente,5000000,1800000,139159
9,799680.0,11,35,Empleado,3100000,1400000,62288
4,4026120.0,6,38,Independiente,4500000,1800000,597558
4,3781080.0,6,38,Independiente,8000000,1500000,561210
9,1103268.0,10,42,Empleado,1500000,800000,93672
4,3714000.0,8,29,Empleado,3700000,0,421588
4,840000.0,8,43,Independiente,1700000,800000,95273
4,1258714.8,10,40,Independiente,2000000,600000,116764
9,858753.6,10,42,Empleado,1450000,1100000,79044
4,1556280.0,12,40,Empleado,17407000,9800000,122268
4,4248000.0,12,61,Independiente,3000000,800000,333741
4,9600000.0,6,49,Independiente,10000000,2000000,1426834
4,3261000.0,12,62,Empleado,4500000,800000,256198
4,4187640.0,6,41,Empleado,3500000,0,622967
4,768000.0,6,44,Empleado,2000000,800000,114250
4,7900800.0,12,41,Independiente,20000000,7000000,621492
4,4296000.0,12,52,Independiente,6000000,2000000,337485
4,430730.4,6,52,Empleado,1195000,400000,63972
9,2344334.4,9,58,Independiente,6000000,3000000,219150
4,1005376.8,6,27,Empleado,1700000,300000,149833
4,1652160.0,6,43,Independiente,3000000,1500000,245558
4,3960000.0,6,42,Empleado,2000000,700000,589135
4,3864000.0,8,57,Independiente,7000000,3500000,438615
4,3600000.0,6,39,Empleado,21000000,5000000,534313
4,820574.4,6,64,Empleado,1500000,10000,122078
4,3525600.0,12,51,Empleado,6000000,1500000,277331
4,915120.0,6,42,Empleado,3800000,1600000,135920
4,1496112.0,12,49,Empleado,1200000,500000,117541
4,3792132.0,36,39,Empleado,3000000,500000,123013
4,1800000.0,6,34,Independiente,4000000,900000,268258
4,13658400.0,12,43,Empleado,10000000,500000,1074396
4,3525600.0,12,63,Empleado,8000000,2500000,277331
4,3686598.0,6,35,Independiente,8000000,2000000,547934
4,3613200.0,12,57,Empleado,1600000,250000,284221
4,888000.0,6,24,Empleado,1400000,700000,132102
4,2160000.0,18,53,Empleado,6500000,2000000,120047
4,4654800.0,12,43,Empleado,6000000,2000000,366156
4,2952000.0,6,63,Independiente,10000000,4000000,438433
4,4296000.0,6,58,Independiente,20000000,10000000,638044
4,612300.0,6,43,Empleado,1300000,300000,91252
4,2192640.0,12,46,Empleado,4000000,2300000,172263
4,2284882.8,10,39,Empleado,1100000,300000,212549
4,3600000.0,12,49,Independiente,1100000,300000,284583
4,2328480.0,10,55,Empleado,3400000,1000000,215468
4,602280.0,6,46,Empleado,1130000,400000,89516
4,2160000.0,12,51,Independiente,2500000,500000,170750
4,3116400.0,12,31,Empleado,3400000,1100000,244517
4,8400000.0,36,37,Empleado,3000000,800000,272430
4,1029600.0,12,36,Empleado,1700000,700000,80784
10,2886028.8,36,40,Independiente,4000000,500000,93925
4,1519560.0,12,41,Empleado,1500000,700000,119383
4,734400.0,6,48,Independiente,2000000,500000,109449
4,2849280.0,12,56,Empleado,1800000,650000,223852
4,4509120.0,6,28,Empleado,2500000,800000,669727
10,960000.0,12,54,Independiente,2500000,600000,75515
4,859080.0,12,49,Empleado,1700000,600000,67488
4,443700.0,8,61,Empleado,1600000,600000,50322
4,1052280.0,10,46,Empleado,1500000,700000,97477
4,672000.0,12,29,Independiente,1117500,250000,53122
4,2373600.0,12,54,Empleado,1700000,350000,186480
9,586680.0,8,23,Independiente,5000000,2000000,61136
4,2984940.0,6,23,Independiente,8000000,3000000,443345
9,1607935.2,10,38,Empleado,12000000,7000000,136521
9,1620428.4,9,28,Empleado,3500000,2500000,151479
4,1521720.0,12,30,Independiente,3000000,1500000,119553
4,14208000.0,8,62,Independiente,30000000,15000000,1612795
9,1867500.0,10,46,Empleado,3500000,1500000,158559
4,4943040.0,24,35,Empleado,3200000,800000,217085
9,1684296.0,10,54,Empleado,2500000,1000000,143004
4,2383620.0,24,51,Empleado,900000,0,104682
4,2389441.2,6,47,Empleado,4000000,2000000,354897
4,360000.0,6,62,Empleado,2100000,600000,53558
9,1726017.6,9,25,Independiente,2500000,1800000,161349
4,1200000.0,6,61,Empleado,2800000,650000,178354
4,3147480.0,6,45,Independiente,4000000,180000,467806
9,1269000.0,5,47,Independiente,5000000,2000000,205810
4,3350161.2,12,38,Empleado,3500000,500000,263530
4,1320000.0,6,29,Empleado,1800000,350000,196190
9,843304.7999999999,11,69,Independiente,3300000,1400000,65686
4,2138400.0,12,31,Independiente,4000000,1900000,168002
4,2201880.0,18,29,Empleado,3300000,1200000,121854
4,1960681.2,18,29,Empleado,4200000,1350000,108712
4,2485800.0,12,65,Empleado,1700000,500000,195295
4,4800000.0,18,31,Independiente,3500000,1300000,265169
4,1320000.0,12,27,Empleado,1800000,400000,104347
4,2848800.0,12,45,Empleado,6500000,500000,223814
4,2250718.8,24,34,Empleado,1200000,300000,98845
9,753120.0,7,42,Independiente,4000000,2000000,88871
4,2225640.0,6,28,Empleado,1500000,500000,330794
4,2969400.0,36,43,Empleado,1979730,850000,96638
4,1293000.0,12,52,Empleado,2000000,800000,101710
4,1675081.2,6,43,Independiente,3000000,700000,248965
9,811380.0,9,31,Empleado,4000000,2500000,75848
9,2918750.4,10,40,Empleado,10000000,4700000,247815
9,1816092.0,10,65,Empleado,1500000,500000,154194
4,2520000.0,12,30,Empleado,2000000,800000,199208
9,2023095.6,9,37,Empleado,3000000,2000000,191176
4,1950961.2,6,24,Empleado,2000000,700000,289969
9,1269000.0,3,56,Independiente,4000000,2000000,336701
4,1892520.0,12,28,Empleado,2800000,1120000,148869
4,1561800.0,12,40,Empleado,3200000,1400000,122702
9,1659963.6,10,43,Independiente,3500000,1500000,140938
9,1260240.0,9,44,Empleado,5000000,2000000,117808
4,1200000.0,6,26,Empleado,1850000,700000,178104
9,1604400.0,2,44,Independiente,5000000,2000000,632603
4,4428000.0,6,59,Independiente,5000000,2500000,657679
4,3547968.0,12,62,Empleado,6000000,2000000,278744
4,1800000.0,6,53,Independiente,4000000,1000000,267531
4,1649280.0,6,33,Independiente,4100000,0,244963
4,2436819.6,12,48,Independiente,8000000,300000,192633
9,2382746.4,2,60,Empleado,1700000,900000,939499
4,2400000.0,6,30,Empleado,2550000,400000,356709
9,1269000.0,8,49,Independiente,5000000,2000000,132239
9,1049888.4,10,21,Empleado,1500000,920000,89140
9,1269000.0,5,66,Independiente,5000000,2000000,205810
4,1896000.0,6,41,Independiente,8000000,7000000,281800
4,1412280.0,12,36,Empleado,1100000,350000,111093
9,2998800.0,5,52,Independiente,36000000,30000000,486354
4,624000.0,6,54,Empleado,2200000,1000000,92744
9,3120753.6,11,35,Empleado,4180000,2000000,243080
4,1168800.0,6,46,Independiente,4000000,1600000,173717
4,1112280.0,6,60,Empleado,1600000,500000,165317
4,683880.0,12,45,Independiente,1500000,400000,53795
9,1736228.4,10,37,Empleado,3500000,1900000,147413
9,748759.2,11,22,Empleado,1400000,400000,58322
9,1269000.0,2,52,Independiente,5000000,2000000,500357
4,4632600.0,24,26,Empleado,5000000,400000,202985
4,4827600.0,6,64,Empleado,3000000,1000000,716998
4,1542840.0,6,55,Independiente,2500000,500000,229143
4,7784217.6,18,44,Independiente,10000000,2000000,430837
9,1604400.0,5,55,Independiente,5000000,2000000,260206
9,878880.0,5,37,Independiente,5000000,2000000,142539
4,2292000.0,10,59,Empleado,1700000,45600,213211
9,2712337.2,11,49,Independiente,5000000,3000000,215861
9,2140882.8,11,69,Empleado,3100000,1900000,166757
4,1200000.0,6,65,Empleado,2000000,800000,178354
4,1917600.0,6,51,Independiente,7000000,3500000,284816
9,2099956.8,9,51,Empleado,3300000,600000,196306
4,3447360.0,6,32,Independiente,6000000,2000000,512027
4,2178000.0,12,41,Empleado,1600000,950000,170889
9,2276926.8,11,54,Empleado,3100000,1500000,177353
9,1109160.0,5,46,Independiente,2000000,1200000,179887
4,1249080.0,12,47,Empleado,1000000,400000,98255
4,2090400.0,6,32,Independiente,4000000,2500000,310467
4,3283080.0,12,54,Empleado,7000000,2500000,257912
9,1928956.8,11,40,Empleado,3400000,1200000,150249
4,4938255.6,36,36,Empleado,2300000,150000,160158
9,1388258.4,10,25,Empleado,1800000,1000000,117869
4,5624245.2,36,36,Empleado,3200000,200000,182406
9,1915201.2,10,39,Empleado,4600000,3000000,162609
9,1323660.0,10,28,Independiente,4000000,1000000,112385
9,1193589.6,9,54,Empleado,3400000,1400000,111578
4,1420716.0,12,41,Empleado,3000000,900000,112309
9,3892914.0,9,37,Independiente,5300000,2120000,363913
9,1269000.0,8,61,Independiente,5000000,2000000,132239
4,4240080.0,6,31,Empleado,2200000,1000000,629314
9,2536736.4,10,53,Empleado,2000000,1000000,215380
4,912000.0,6,21,Independiente,1500000,100000,135917
4,1908000.0,18,59,Empleado,1600000,500000,106540
9,1269000.0,5,43,Independiente,5000000,2000000,205810
4,838800.0,12,29,Empleado,1000000,500000,65982
9,1427994.0,3,69,Independiente,5500000,5000000,378886
4,3512280.0,10,35,Independiente,10000000,200000,325356
4,819600.0,10,33,Empleado,1232000,700000,76242
4,1258714.8,12,57,Independiente,3000000,1500000,99502
4,6622500.0,6,32,Empleado,7000000,4000000,984293
4,1363200.0,12,56,Empleado,6000000,6000000,107232
4,1344000.0,10,33,Independiente,2600000,1600000,124360
4,3662400.0,6,38,Independiente,10000000,2000000,543942
4,1374840.0,6,38,Empleado,1800000,400000,204192
4,3955500.0,12,38,Independiente,7500000,3000000,310354
9,3344965.2,9,45,Empleado,3700000,2400000,312690
4,2389440.0,24,35,Independiente,1000000,100000,104697
4,1018944.0,8,39,Empleado,3400000,1200000,115564
9,799680.0,8,51,Independiente,3300000,1950000,83332
4,1064160.0,6,67,Empleado,8000000,4500000,157943
4,828000.0,6,29,Empleado,1500000,400000,123398
9,1269000.0,2,46,Independiente,5000000,2000000,500357
4,3686880.0,12,38,Independiente,4000000,1500000,289277
4,6522000.0,6,34,Independiente,5000000,1500000,969356
9,1627759.2,9,31,Empleado,2500000,1000000,152164
9,1189256.4,9,122,Empleado,6598553,0,111173
9,1223006.4,10,49,Independiente,10000000,4000000,103839
4,2400000.0,6,46,Independiente,12000000,3000000,356709
4,1661521.2,12,25,Empleado,3200000,1500000,130536
4,729960.0,6,28,Independiente,2000000,600000,108414
4,720000.0,10,31,Empleado,2110000,150000,66696
9,2003790.0,11,67,Independiente,15500000,11300000,157775
9,1522849.2,11,63,Independiente,2000000,1200000,119906
6,520008.0,4,38,Empleado,1500000,600000,113502
4,2528100.0,36,38,Empleado,1650000,600000,81727
4,1079880.0,12,62,Empleado,3000000,200000,84945
4,4464000.0,12,63,Independiente,8000000,3200000,350682
4,1800000.0,6,61,Independiente,1800000,450000,267531
9,4260195.6,11,50,Empleado,4000000,2000000,331833
4,2644800.0,36,60,Empleado,1500000,670000,86469
4,3264000.0,6,32,Independiente,12000000,4000000,485124
9,648379.2,9,36,Empleado,1200000,500000,60611
9,1269000.0,2,40,Independiente,5000000,2000000,500357
4,1440000.0,12,47,Empleado,7500000,1500000,113833
9,1456560.0,9,36,Empleado,9000000,5600000,136160
9,918705.6,8,54,Empleado,1500000,500000,95736
4,1903680.0,12,56,Independiente,5000000,2000000,149549
4,2575200.0,12,48,Independiente,3000000,1200000,202570
4,956280.0,6,39,Empleado,1000000,150000,142027
9,2094885.6,10,40,Empleado,2500000,1200000,177865
4,2108400.0,8,27,Empleado,2700000,1000000,239345
4,1183200.0,6,56,Empleado,1300000,400000,175737
4,3275761.2,12,59,Empleado,7000000,2600000,257678
9,1877458.8,10,35,Empleado,7800000,4500000,159404
9,1716024.0,10,47,Empleado,3000000,1200000,145698
9,4610787.6,9,122,Empleado,10379558,1326623,431020
9,2383657.2,9,45,Independiente,3000000,1000000,222826
9,3116054.4,10,50,Independiente,2500000,1500000,264567
4,3288000.0,6,34,Independiente,9000000,4000000,488691
9,6332860.8,9,37,Empleado,2500000,1600000,592001
9,936480.0,2,50,Independiente,5000000,2000000,369247
9,1308835.2,10,49,Empleado,2000000,1000000,111126
9,1384335.6,11,50,Empleado,13000000,6000000,107828
9,1900525.2,10,54,Independiente,2300000,1000000,161363
9,667800.0,3,40,Empleado,2500000,1200000,178919
4,1827364.8,12,40,Empleado,1300000,500000,143744
9,2030037.6,10,68,Empleado,0,0,172359
10,8400000.0,36,53,Independiente,4000000,1000000,272430
10,8640000.0,36,34,Empleado,4500000,1500000,280213
4,1713600.0,10,64,Empleado,2500000,600000,158570
9,1269000.0,5,58,Independiente,4000000,2000000,205810
4,1468800.0,6,45,Empleado,3000000,800000,218516
4,1174080.0,8,34,Empleado,4000000,2000000,133281
4,1404000.0,6,31,Empleado,2500000,1000000,208675
4,2191200.0,12,44,Empleado,2500000,500000,172364
4,1330680.0,12,69,Empleado,3000000,1000000,104544
9,2518278.0,10,27,Independiente,4500000,2000000,213813
9,3044854.8,5,50,Empleado,5500000,3000000,493824
4,1787880.0,8,58,Empleado,4000000,1500000,203136
4,1701480.0,12,63,Empleado,5000000,2000000,133842
4,1305600.0,6,51,Independiente,3000000,1000000,193908
4,1033293.6,12,42,Independiente,1800000,380000,81683
4,2806800.0,24,40,Empleado,1078491,600000,124393
4,2373600.0,12,33,Empleado,2500000,1000000,186480
4,3696000.0,12,40,Independiente,15000000,2800000,290735
4,1065540.0,12,34,Empleado,1700000,500000,83604
4,1701202.8,12,40,Empleado,2100000,1000000,134481
4,2677330.8,6,35,Independiente,3700000,14800000,397928
9,2526446.4,10,43,Empleado,4700000,2800000,214506
9,1350493.2,10,54,Empleado,4100000,2900000,114663
4,678619.2,12,59,Empleado,2000000,600000,53645
4,4065600.0,6,68,Independiente,6000000,2000000,604264
9,821208.0,9,67,Empleado,4000000,2000000,76767
4,1535796.0,12,42,Independiente,900000,300000,120809
4,2712000.0,8,40,Independiente,3000000,1200000,308134
9,1283307.6,10,26,Empleado,1500000,600000,108958
9,1604400.0,8,44,Independiente,5000000,2000000,167190
9,2568949.2,10,42,Independiente,3000000,1500000,218115
9,1536949.2,9,34,Empleado,3000000,1900000,143675
9,3883441.2,11,24,Empleado,3100000,1500000,302487
4,1896000.0,6,30,Independiente,6000000,2000000,281800
9,2177700.0,10,42,Empleado,2500000,2000000,184896
9,2293582.8,12,29,Empleado,1200000,800000,167052
4,2216280.0,12,45,Empleado,2500000,800000,174337
4,1392000.0,6,68,Independiente,15000000,3000000,207452
4,2358961.2,12,27,Independiente,3000000,2000000,185560
4,1169280.0,6,42,Empleado,4000000,1500000,173662
9,1861978.8,10,32,Empleado,2500000,1500000,158090
9,1961626.8,10,60,Independiente,3000000,1500000,166551
4,1747200.0,12,28,Empleado,1400000,500000,137438
4,1438560.0,6,40,Independiente,4000000,1000000,213811
9,1023945.6,10,46,Empleado,12500000,7500000,86937
4,3032280.0,6,36,Empleado,3500000,800000,450683
9,5483210.399999999,8,39,Empleado,3000000,1600000,571389
4,2528100.0,12,37,Independiente,1800000,900000,198619
9,1604400.0,6,58,Independiente,4000000,2000000,218853
9,1901001.6,10,42,Independiente,3000000,1800000,161403
9,878880.0,2,47,Independiente,5000000,2000000,346536
9,1185660.0,8,44,Independiente,5000000,2000000,123554
9,1897142.4,11,67,Empleado,3100000,1000000,147771
4,3468000.0,6,65,Independiente,15000000,6000000,515444
4,1677480.0,12,31,Independiente,2500000,800000,131954
4,1812000.0,6,46,Independiente,30000000,15000000,269301
4,720000.0,6,63,Empleado,5000000,2300000,107013
4,2138400.0,12,38,Independiente,32000000,15000000,168002
9,878880.0,2,33,Independiente,5000000,2000000,346536
4,1320840.0,10,57,Empleado,3500000,1800000,122089
4,480000.0,12,63,Empleado,2000000,700000,37944
4,1017600.0,6,43,Independiente,10000000,1000000,151244
4,2249640.0,12,51,Empleado,2100000,200000,176961
4,1617600.0,6,54,Empleado,3000000,1000000,240247
4,6600840.0,12,34,Empleado,4000000,2000000,518548
4,5008346.399999999,36,53,Empleado,5000000,800000,165110
4,676800.0,6,32,Independiente,2500000,800000,100592
4,3574999.2,12,42,Independiente,7000000,5000000,281216
4,3724999.2,6,64,Independiente,7000000,3000000,553641
4,1173480.0,12,55,Empleado,1400000,500000,92308
4,2400000.0,6,41,Empleado,5000000,2200000,356465
4,1680000.0,12,56,Independiente,2000000,800000,132805
4,2085600.0,12,28,Empleado,1400000,0,164868
4,1708800.0,6,51,Independiente,2000000,1000000,253803
4,3583200.0,6,51,Independiente,9000000,790000,532566
4,1427640.0,6,56,Independiente,3000000,1000000,211891
4,1923600.0,12,39,Empleado,2300000,500000,151114
4,2762400.0,24,52,Independiente,2000000,1000000,121317
4,3117000.0,12,35,Empleado,3500000,1000000,245189
4,1163880.0,6,42,Empleado,3500000,600000,172986
4,2088000.0,6,35,Independiente,3000000,800000,310336
4,486000.0,8,53,Empleado,4500000,2000000,55171
4,921600.0,6,32,Empleado,1500000,400000,136976
4,4635362.399999999,12,40,Empleado,2500000,1000000,364627
4,3217500.0,12,38,Independiente,15000000,10000000,253095
4,3120600.0,12,63,Independiente,4000000,1000000,245168
4,1186392.0,10,52,Empleado,1000000,300000,110363
4,1200000.0,6,30,Empleado,2000000,500000,178354
4,2160000.0,12,41,Empleado,5400000,1500000,170750
4,851880.0,10,58,Empleado,4500000,2500000,78913
4,1535640.0,8,39,Empleado,1800000,450000,174477
4,1902000.0,10,29,Independiente,3000000,1000000,175991
4,948000.0,8,45,Empleado,3000000,800000,108084
4,1220160.0,10,57,Empleado,2500000,600000,113028
4,1657200.0,6,42,Independiente,5000000,1200000,246139
4,4691280.0,10,28,Empleado,4300000,1800000,434572
4,1304400.0,8,32,Empleado,1500000,0,148204
4,4769280.0,24,39,Empleado,3500000,400000,208974
4,1043880.0,6,53,Independiente,1600000,200000,155150
4,2645760.0,12,56,Independiente,7000000,1500000,207862
4,2528100.0,12,43,Empleado,3000000,1400000,198619
4,3962460.0,24,49,Empleado,3000000,1800000,173622
4,4178077.2,10,68,Empleado,15000000,2000000,387001
4,2696280.0,8,25,Empleado,2000000,850000,306348
4,8404800.0,36,41,Empleado,4000000,600000,272644
4,3810308.4,6,51,Independiente,4000000,0,565909
4,6614400.0,12,38,Independiente,2000000,1000000,520302
4,951900.0,6,27,Independiente,2000000,900000,141383
4,3364947.6,6,26,Independiente,6000000,1000000,500102
4,5400000.0,30,33,Independiente,2500000,1200000,200097
10,600000.0,18,43,Independiente,2300000,1500000,33268
4,1211880.0,6,44,Independiente,2000000,1000000,180120
4,1243200.0,10,26,Independiente,2600000,250000,114912
4,2839174.8,12,37,Empleado,5000000,1000000,223314
4,1826281.2,6,34,Empleado,5500000,1000000,271438
4,2849280.0,6,57,Independiente,6000000,2000000,423177
4,2699880.0,6,50,Independiente,5000000,3000000,401279
4,2114158.8,6,49,Empleado,2500000,1000000,314224
4,1148160.0,6,43,Independiente,2000000,450000,170649
4,2092322.4,12,31,Empleado,2000000,600000,164586
4,2946660.0,6,60,Empleado,2500000,700000,437659
4,3629280.0,12,43,Empleado,1400000,200000,285459
4,1619880.0,24,29,Empleado,3200000,700000,71141
4,1898880.0,6,38,Independiente,2500000,500000,282035
4,1609800.0,12,40,Empleado,2800000,500000,126473
4,3600000.0,18,69,Empleado,6000000,1600000,199251
4,798000.0,12,39,Empleado,3500000,800000,62694
4,3685458.0,10,45,Independiente,6500000,0,341371
4,1783044.0,12,23,Empleado,1200000,250000,140072
4,2056558.8,6,57,Empleado,1000000,240000,305648
4,3018600.0,6,43,Independiente,5000000,2000000,448324
9,4949838.0,11,45,Independiente,4000000,2000000,389741
4,2148000.0,6,27,Empleado,1800000,700000,319238
4,1480866.0,12,45,Independiente,4000000,1800000,117064
4,2240101.2,18,34,Empleado,1000000,600000,123984
9,1563279.6,11,41,Independiente,2500000,1800000,121766
9,3276706.8,11,44,Empleado,2205000,800000,255228
4,7200000.0,10,51,Independiente,15000000,6000000,666964
4,798000.0,12,29,Empleado,1500000,400000,62689
4,566400.0,6,67,Empleado,3800000,1000000,84412
10,808680.0,6,32,Empleado,1700000,500000,120106
4,3312000.0,6,42,Independiente,11000000,5000000,492258
10,3472341.6,6,57,Empleado,2300000,900000,516063
9,11380396.8,6,122,Empleado,38888888,3000000,1685088
4,3513480.0,12,62,Independiente,8000000,4000000,276351
4,15600000.0,12,34,Independiente,20000000,10000000,1227126
4,1437600.0,12,36,Empleado,2100000,600000,113643
4,8492857.2,36,56,Empleado,15000000,1000000,275500
4,1716000.0,6,47,Empleado,4000000,1200000,255047
4,1713600.0,6,51,Independiente,6000000,2000000,254677
9,1667353.2,9,39,Independiente,3500000,1250000,155865
9,1981305.6,11,38,Empleado,2000000,1000000,154327
4,2224844.4,6,26,Independiente,2000000,800000,330675
4,3384360.0,8,32,Independiente,8000000,3200000,384526
4,1762800.0,10,48,Independiente,2500000,300000,163539
9,1420860.0,10,35,Empleado,2500000,1500000,120637
9,1798620.0,10,122,Empleado,245774000,65845000,152711
9,2465631.6,10,27,Independiente,7000000,2000000,209343
9,2128803.6,9,58,Empleado,5880000,3100000,199002
9,3433744.8,9,34,Empleado,2000000,1500000,320989
4,648592.7999999999,6,60,Independiente,1500000,50000,96661
4,3156000.0,12,30,Independiente,2800000,1400000,247929
4,2549520.0,8,46,Empleado,3000000,1400000,289673
4,6576000.0,6,36,Independiente,15000000,6000000,977382
4,4152000.0,6,37,Independiente,14000000,7000000,617106
4,5940000.0,12,62,Independiente,8000000,7000000,467252
4,1584000.0,6,33,Independiente,6000000,3000000,235428
9,1355330.4,3,60,Empleado,3000000,2500000,359607
9,4284000.0,5,122,Empleado,451263842,151735135,694792
9,1498992.0,8,60,Independiente,4000000,2000000,156205
9,41444152.8,10,122,Empleado,92564739,51522111,3816752
4,1100700.0,12,60,Empleado,940000,450000,86476
9,1269000.0,8,25,Independiente,5000000,2000000,132239
9,2033712.0,10,27,Empleado,2500000,1000000,172671
4,2247900.0,12,50,Empleado,3000000,600000,176605
4,3323640.0,6,47,Independiente,3500000,1300000,493651
4,3087000.0,12,51,Independiente,3500000,1500000,242528
9,1015233.6,7,63,Independiente,4500000,1500000,119802
4,2399880.0,12,34,Independiente,3500000,1000000,188779
4,4438320.0,24,29,Empleado,2200000,600000,194473
4,3506160.0,12,43,Empleado,4500000,900000,275801
4,2492400.0,6,30,Empleado,30000000,6000000,370189
4,1500000.0,6,36,Independiente,4000000,1000000,222943
9,1122853.2,10,52,Empleado,4500000,2500000,95335
9,9570216.0,10,58,Empleado,4000000,2200000,812553
9,1372640.4,10,26,Independiente,3000000,1200000,116543
4,3576000.0,12,52,Empleado,6000000,1000000,281295
9,4605172.8,11,43,Independiente,4000000,1000000,358704
9,2588892.0,10,26,Empleado,1000000,400000,219808
9,3237535.2,9,34,Empleado,9000000,3000000,302647
4,889310.4,6,36,Independiente,3600000,800000,132536
4,1836000.0,12,32,Empleado,2400000,1000000,145137
9,3378909.6,11,35,Empleado,3000000,1200000,263188
9,2410774.8,9,34,Independiente,3000000,1500000,225361
9,1993404.0,10,35,Independiente,2500000,1500000,169249
9,868153.2,10,31,Empleado,1500000,800000,73710
9,1038734.4,9,60,Empleado,1000000,400000,97102
9,2587129.2,9,41,Empleado,3500000,1600000,241847
9,1245512.4,10,48,Independiente,3000000,1500000,105749
4,960000.0,6,30,Independiente,3000000,1600000,142580
9,3110310.0,9,40,Empleado,4000000,1850000,290754
4,1431528.0,12,53,Empleado,1600000,1000000,112607
10,5565854.399999999,36,35,Empleado,2119000,100000,180512
9,1957392.0,10,48,Empleado,3000000,1400000,166191
4,2976000.0,6,46,Empleado,1300000,800000,442319
4,2050441.2,6,54,Independiente,2000000,400000,304754
4,3090158.4,36,30,Independiente,1100000,200000,101873
9,1183718.4,10,42,Independiente,5000000,3000000,100503
9,2434246.8,11,38,Independiente,2000000,1000000,191668
4,1627080.0,18,32,Empleado,2600000,700000,90215
4,1834800.0,12,47,Empleado,1500000,300000,144150
4,816000.0,12,33,Independiente,1500000,300000,64505
4,1684800.0,12,23,Empleado,1800000,800000,132530
4,1748280.0,12,66,Empleado,4800000,2100000,137523
4,2543881.2,12,63,Independiente,5000000,2000000,200107
4,538800.0,12,40,Empleado,1250000,600000,42383
9,976638.0,10,28,Empleado,2000000,1000000,82921
4,2524560.0,12,22,Empleado,1500000,300000,198587
4,3264000.0,10,42,Independiente,6000000,1500000,302357
9,2790411.6,11,20,Independiente,1000000,500000,217349
9,1158786.0,10,35,Empleado,1600000,600000,98386
9,3191430.0,10,37,Empleado,5000000,1300000,270966
9,1870341.6,11,34,Independiente,2000000,700000,145684
9,1390534.8,10,60,Independiente,3000000,1500000,118063
9,2498626.8,10,29,Independiente,7000000,4000000,212144
9,1143631.2,10,52,Independiente,3000000,1800000,97099
9,2306094.0,9,54,Independiente,9500000,4500000,215575
4,1512000.0,6,61,Independiente,3200000,1000000,224726
9,1868566.8,11,35,Independiente,3400000,1200000,145545
9,2960887.2,9,122,Empleado,1875609065,752282929,279795
9,2223369.6,10,30,Independiente,3000000,2800000,188774
9,936480.0,9,66,Empleado,4000000,1500000,87543
9,1488247.2,10,67,Independiente,4000000,1800000,126359
4,672000.0,6,42,Empleado,5529612,1000000,99878
4,2952000.0,6,35,Independiente,4000000,2000000,438729
9,841800.0,3,36,Independiente,5000000,2000000,223353
4,1108680.0,18,67,Empleado,1500000,350000,61472
9,854994.0,10,32,Empleado,2200000,1000000,72593
4,3399999.6,6,53,Independiente,7000000,2000000,505337
4,965881.2,6,63,Empleado,1500000,150000,143558
4,567600.0,8,25,Empleado,1200000,600000,64714
4,686400.0,8,51,Independiente,3000000,1000000,77988
4,984000.0,6,47,Independiente,3500000,0,146251
4,6000600.0,6,38,Empleado,6500000,2000000,891253
9,2295021.6,9,122,Empleado,535237000,41425000,214540
9,1959610.8,10,68,Independiente,3000000,2000000,166380
9,3432697.2,10,38,Empleado,3000000,2000000,291451
9,1055187.6,10,66,Independiente,6000000,4000000,89590
4,5229240.0,36,40,Empleado,2600000,1000000,169632
9,1724410.8,10,24,Empleado,3000000,1000000,146410
4,2182320.0,12,33,Independiente,5000000,2000000,171438
4,1596000.0,6,49,Empleado,4300000,1600000,237211
4,2109999.6,12,48,Independiente,5000000,3000000,165977
4,7920000.0,12,54,Independiente,10000000,2000000,623003
9,4862866.8,10,41,Independiente,4772583,3969833,412879
4,2400000.0,24,52,Independiente,4000000,1000000,105401
4,1134000.0,8,50,Empleado,7100000,0,129290
4,1020000.0,6,64,Empleado,2000000,1000000,152013
4,9049999.2,12,33,Empleado,7600000,1500000,711890
9,878880.0,8,52,Independiente,5000000,2000000,91585
4,1794000.0,6,37,Empleado,5000000,1500000,266458
4,2492400.0,24,62,Empleado,3500000,200000,109209
4,2639878.8,12,44,Empleado,7000000,2800000,207658
9,671040.0,12,37,Empleado,3200000,14000000,46600
4,1041960.0,6,60,Empleado,1300000,350000,154759
4,1401360.0,12,34,Empleado,2300000,1000000,110234
4,2194920.0,12,37,Independiente,800000,200000,172442
9,2064484.8,10,41,Empleado,4600000,2800000,179094
4,2992080.0,12,31,Empleado,3000000,1200000,235052
9,1092432.0,10,49,Empleado,4500000,1500000,92752
9,2938960.8,11,32,Empleado,3100000,1500000,228920
9,2433354.0,10,34,Independiente,2400000,1500000,206602
9,1424126.4,11,32,Empleado,2300000,1000000,110927
9,933390.0,5,26,Empleado,1850000,700000,151380
9,2292398.4,9,24,Independiente,2500000,1000000,216624
9,2165407.2,9,29,Empleado,3000000,1000000,202424
9,1793216.4,9,22,Independiente,1200000,600000,167631
9,1750767.6,10,42,Independiente,3800000,1500000,148648
9,1267680.0,9,63,Independiente,4000000,2000000,118504
9,667800.0,8,34,Empleado,1700000,400000,69589
9,2951574.0,9,54,Independiente,1500000,700000,275915
4,2052000.0,6,28,Independiente,3000000,1300000,304970
4,7200000.0,6,44,Independiente,4000000,2000000,1070071
9,1185660.0,5,55,Independiente,5000000,2000000,192294
4,1188000.0,12,30,Independiente,2000000,1000000,93902
9,1921018.8,9,27,Independiente,3400000,1400000,179578
9,670200.0,2,27,Empleado,5000000,2000000,264255
4,4152000.0,8,61,Independiente,8000000,4000000,471713
4,4744800.0,12,56,Independiente,8000000,3000000,373200
4,433440.0,6,33,Empleado,1400000,490000,64418
9,2420073.6,5,32,Empleado,3000000,2000000,392495
4,7680000.0,8,34,Independiente,7000000,1500000,871781
4,8400000.0,12,66,Independiente,7000000,500000,660698
4,2601000.0,8,49,Empleado,3500000,1000000,294993
4,2896680.0,6,30,Empleado,6900000,3000000,430217
4,2352000.0,12,43,Independiente,3800000,1700000,184768
4,1908000.0,8,59,Independiente,8000000,4000000,217051
4,8000400.0,6,27,Independiente,12000000,2500000,1188224
4,1224000.0,6,29,Empleado,2000000,500000,182404
4,2244000.0,12,54,Empleado,3000000,100000,176826
4,4165980.0,12,50,Empleado,8500000,5000000,327271
4,1366680.0,12,60,Empleado,1500000,500000,107364
4,9335340.0,6,27,Independiente,8000000,2400000,1387427
4,2290080.0,12,39,Empleado,1400000,300000,179904
4,936000.0,10,29,Empleado,2000000,20000,87062
4,512016.0,6,52,Independiente,3800000,500000,76173
4,1980000.0,10,43,Independiente,5500000,800000,184170
4,1542840.0,6,39,Independiente,2500000,700000,229143
4,2376000.0,12,64,Independiente,3500000,1000000,186883
4,2164678.8,24,36,Independiente,2800000,1000000,95374
4,1111080.0,12,30,Empleado,2200000,800000,87392
4,1630978.8,12,40,Independiente,2500000,700000,127969
4,2778360.0,6,53,Empleado,2800000,1000000,412644
4,776295.6,12,61,Independiente,1200000,400000,61360
4,1643878.8,12,30,Empleado,3500000,1500000,129299
4,2156880.0,6,29,Empleado,2800000,800000,320558
4,3600000.0,12,31,Empleado,3500000,1200000,282808
4,1620000.0,6,45,Empleado,1740000,744000,240766
4,1092960.0,8,40,Empleado,1800000,500000,124065
4,700800.0,6,68,Empleado,3500000,1200000,104259
4,2192280.0,6,66,Empleado,4500000,2000000,325599
4,3276840.0,36,32,Empleado,4750000,2000000,106298
4,4760270.399999999,36,34,Empleado,1117000,300000,154419
4,2628000.0,8,48,Empleado,2500000,1000000,298590
4,2769000.0,6,28,Independiente,3500000,750000,411553
4,2375520.0,10,23,Empleado,1200000,300000,220054
4,1032000.0,6,42,Independiente,4000000,1200000,153801
4,3598260.0,12,32,Independiente,2500000,1000000,282695
4,1393756.8,6,47,Empleado,5417617,3000000,207351
4,3228000.0,12,38,Empleado,4500000,1500000,253921
4,2569200.0,12,46,Empleado,1300000,700000,201831
4,1131519.6,12,47,Empleado,1400000,600000,89448
4,4883280.0,18,52,Independiente,12500000,7000000,270758
4,1028280.0,6,23,Empleado,1800000,520000,152832
4,1796160.0,10,45,Empleado,2700000,1200000,166210
4,3705780.0,36,38,Empleado,12000000,5000000,120212
4,3347760.0,12,55,Empleado,4400000,2500000,263341
4,2987520.0,12,35,Independiente,8000000,3000000,235004
4,4629300.0,18,25,Independiente,5000000,1800000,256220
4,2778360.0,6,32,Empleado,4000000,900000,412662
4,3231420.0,12,24,Independiente,2500000,0,253854
4,1677237.6,12,41,Empleado,2000000,300000,132587
4,2200681.2,8,52,Empleado,2500000,350000,250038
4,1631880.0,6,39,Empleado,4600000,1200000,242544
4,2570160.0,18,31,Empleado,2500000,500000,142505
4,1080000.0,12,26,Empleado,1300000,150000,85365
4,4372800.0,6,53,Independiente,5000000,1500000,649451
4,4002961.2,12,40,Empleado,13000000,0,314881
4,1548000.0,10,23,Empleado,1500000,400000,144001
9,1801722.0,10,43,Independiente,3000000,2000000,152974
9,1872835.2,9,65,Empleado,4000000,2600000,175074
4,1786681.2,12,43,Empleado,1800000,900000,140544
9,2119942.8,10,40,Empleado,2112500,975000,179992
4,3900000.0,24,29,Empleado,2189000,210000,172806
4,1560000.0,12,33,Empleado,2000000,300000,122701
9,5277316.8,9,68,Independiente,3500000,0,493328
4,1870560.0,12,48,Empleado,1800000,600000,147142
9,1301632.8,10,41,Empleado,3000000,1500000,110514
9,1318243.2,10,28,Empleado,1100000,500000,111925
4,600000.0,6,29,Empleado,1000000,200000,89173
9,1728472.8,9,64,Empleado,3500000,1500000,161579
9,1908892.8,9,37,Empleado,2000000,900000,178445
4,5040000.0,12,46,Independiente,3000000,1200000,396456
9,2841260.4,11,55,Empleado,3100000,1500000,221310
9,1089874.8,10,46,Independiente,4300000,3000000,92535
9,1183722.0,9,45,Independiente,3580000,1258850,110655
4,3010560.0,24,35,Empleado,3000000,1000000,132216
9,2189054.4,10,36,Empleado,5000000,2500000,185860
4,2133360.0,6,26,Empleado,1700000,450000,317078
4,2778360.0,12,35,Empleado,1900000,400000,218280
9,5180047.2,11,48,Independiente,22000000,121150000,403482
4,360000.0,6,39,Empleado,1400000,600000,53652
9,3667960.8,11,51,Independiente,3000000,1000000,285703
9,2016015.6,10,31,Empleado,3000000,1500000,171169
4,1728000.0,12,41,Empleado,2000000,900000,136584
4,1620060.0,12,25,Empleado,1900000,450000,127279
9,3964796.4,10,47,Independiente,3200000,1200000,336629
9,3761780.4,10,33,Empleado,7800000,2000000,319392
9,1655022.0,11,43,Independiente,1606400,500000,128912
9,3147705.6,10,42,Empleado,3500000,2000000,267254
4,2778360.0,12,51,Empleado,6000000,4000000,218262
4,1171260.0,6,38,Independiente,1200000,500000,173964
4,3226800.0,36,34,Empleado,1800000,700000,106378
4,1872000.0,6,33,Independiente,15000000,4000000,278233
9,2383545.6,11,43,Empleado,4500000,2300000,185658
4,1392000.0,20,31,Empleado,3000000,800000,70747
9,4134876.0,10,49,Independiente,3500000,2000000,351069
9,2028006.0,10,38,Empleado,6000000,4500000,172187
4,7872000.0,8,35,Independiente,15000000,7000000,894406
4,3600000.0,12,41,Empleado,5000000,600000,283679
9,1522932.0,9,46,Independiente,3500000,1500000,142365
4,994044.0,6,49,Empleado,1200000,100000,148144
9,821208.0,5,27,Independiente,5000000,2000000,133186
9,1269000.0,8,34,Independiente,5000000,2000000,132239
4,1744680.0,12,31,Empleado,2000000,1000000,137070
4,4284000.0,6,60,Independiente,8000000,4000000,636692
4,2373600.0,6,63,Empleado,2000000,1000000,352290
4,1199760.0,12,39,Empleado,1400000,600000,94375
4,1889880.0,12,38,Independiente,3000000,662000,148922
4,916800.0,6,60,Independiente,2000000,850000,136263
4,1200000.0,12,59,Empleado,2500000,500000,94394
4,3096000.0,12,50,Independiente,7000000,2000000,244741
4,3778800.0,10,52,Independiente,5000000,500000,350567
9,6597984.0,10,35,Independiente,6000000,2500000,560198
9,1185660.0,8,37,Empleado,4000000,1000000,123554
4,1953600.0,12,41,Independiente,2400000,1500000,153471
4,1767888.0,6,69,Independiente,4000000,210000,262580
9,1127353.2,10,25,Empleado,3500000,2500000,95717
4,480000.0,6,31,Empleado,2020000,600000,71342
9,2802892.8,9,37,Independiente,8000000,5000000,262017
4,8496000.0,6,68,Independiente,12000000,6000000,1262748
9,1006039.2,2,63,Empleado,16000000,8000000,396674
4,554432.4,12,48,Independiente,1200000,300000,43613
4,1994400.0,12,58,Empleado,1800000,800000,156689
4,1944000.0,6,37,Independiente,4000000,1500000,288919
9,3296649.6,10,29,Empleado,3500000,1000000,279900
9,878880.0,5,42,Independiente,5500000,2000000,142539
9,2095550.4,10,39,Empleado,6000000,3000000,177921
9,671040.0,12,55,Empleado,2000000,1000000,46600
4,1800000.0,8,41,Independiente,2500000,240000,205223
4,1020000.0,12,41,Empleado,1500000,800000,80632
9,4731878.399999999,11,65,Independiente,5500000,3000000,400851
9,1143631.2,9,38,Independiente,6000000,3500000,106652
4,3090600.0,24,36,Empleado,4000000,1200000,135420
9,1414458.0,9,32,Independiente,6000000,3000000,131909
9,2428828.8,10,42,Independiente,8500000,3500000,206218
4,1560000.0,12,45,Empleado,900000,400000,122560
9,2122130.4,9,26,Empleado,2000000,1500000,198378
9,1489773.6,9,63,Empleado,3300000,1000000,139265
4,15600000.0,12,49,Independiente,20000000,12000000,1227126
9,7200000.0,12,43,Independiente,10000000,6000000,500000
4,1799881.2,6,53,Empleado,3000000,1200000,267514
4,540000.0,6,53,Empleado,1560000,0,80259
4,4335000.0,6,42,Empleado,6800000,2500000,644305
4,3349560.0,6,39,Empleado,3000000,400000,499160
9,2520106.8,10,41,Empleado,2500000,1200000,213968
4,802320.0,6,38,Empleado,1500000,350000,119166
4,1800961.2,12,64,Empleado,1400000,500000,141667
4,3661560.0,12,61,Independiente,8000000,3200000,288025
9,766687.2,10,39,Empleado,1200000,700000,65095
4,4224000.0,6,57,Independiente,20000000,1000000,627807
9,1485120.0,5,36,Empleado,3000000,1000000,240861
4,4347720.0,12,41,Empleado,2300000,1000000,341576
4,1654681.2,6,42,Empleado,2900000,800000,245933
9,799680.0,11,53,Empleado,3100000,1750000,62288
9,1456722.0,10,30,Empleado,3500000,1500000,123682
4,3144000.0,8,45,Independiente,7000000,1000000,357217
9,1212120.0,5,41,Empleado,7000000,5000000,196585
9,1979887.2,10,27,Empleado,2500000,1000000,168101
4,1449000.0,12,43,Independiente,5000000,2000000,113840
4,3778800.0,6,23,Empleado,2200000,300000,562178
4,2778360.0,12,64,Empleado,8000000,3000000,218280
4,3820020.0,12,57,Independiente,5000000,2600000,300462
4,4065600.0,6,46,Independiente,5000000,2000000,604264
9,1627759.2,10,32,Empleado,2400000,800000,138204
4,3424999.2,12,36,Independiente,5000000,2000000,269417
4,2136000.0,6,29,Independiente,4000000,1000000,317471
9,1838767.2,10,35,Independiente,3000000,1500000,156119
4,3859792.8,10,45,Independiente,8000000,1500000,357519
4,3835200.0,6,60,Independiente,5000000,2500000,569991
9,2084652.0,10,50,Independiente,3000000,1800000,176996
4,4130400.0,6,55,Independiente,6500000,0,613896
4,1824000.0,6,48,Empleado,2000000,900000,271099
4,2292963.6,12,62,Empleado,1000000,400000,180369
4,4284000.0,8,66,Independiente,8000000,2400000,486710
9,1665310.8,10,37,Empleado,4250000,1700000,141392
4,7152000.0,6,40,Independiente,8500000,2600000,1062992
4,3960000.0,24,53,Independiente,3000000,200000,174475
9,2212033.2,10,69,Independiente,3500000,2000000,187811
10,657600.0,6,36,Empleado,1500000,550000,97667
9,1663600.8,9,30,Empleado,3700000,2700000,155515
9,1522963.2,2,53,Empleado,2000000,1500000,600493
4,1783740.0,6,56,Independiente,7000000,3000000,264934
4,684600.0,6,38,Independiente,3800000,550000,101849
7,12542263.2,90,29,Empleado,0,1500000,212394
4,4536000.0,6,59,Independiente,20000000,16000000,674145
9,2696257.2,9,54,Empleado,6040000,1400000,252048
4,1439880.0,12,28,Empleado,1800000,400000,113264
4,1145280.0,6,46,Empleado,5000000,2000000,170213
9,5324810.399999999,10,122,Empleado,987530000,600404910,452100
4,6480000.0,6,38,Independiente,10000000,2000000,963064
4,1200000.0,6,37,Independiente,8000000,3000000,178233
9,1269000.0,5,41,Independiente,5000000,2000000,205810
4,1951700.4,12,60,Independiente,1650000,800000,154283
4,1909200.0,6,44,Empleado,1900000,800000,284532
4,2409600.0,12,48,Independiente,1400000,600000,189309
4,2642400.0,6,28,Empleado,2000000,500000,393802
9,1143631.2,10,48,Independiente,4500000,2000000,97099
4,3818162.4,6,26,Empleado,2000000,600000,567488
4,1824999.6,12,24,Independiente,5000000,2000000,143558
4,803880.0,6,21,Empleado,2000000,0,119480
9,1220240.4,10,22,Empleado,1500000,800000,103604
4,4634400.0,6,28,Independiente,10000000,2000000,688769
9,1414458.0,10,49,Independiente,7000000,2000000,120094
4,3508200.0,6,60,Empleado,3500000,2000000,521063
4,8597760.0,12,60,Independiente,4000000,400000,675477
4,3150000.0,12,46,Empleado,1500000,0,248982
4,2944329.6,12,53,Independiente,8000000,1200000,231607
4,1747200.0,12,53,Empleado,1500000,700000,137438
9,2797038.0,11,39,Independiente,3500000,2000000,217865
9,2494094.4,9,68,Empleado,2200000,1800000,233150
9,821208.0,5,45,Independiente,5000000,2000000,133186
4,1848600.0,6,58,Empleado,5000000,2000000,274568
9,3155095.2,9,55,Independiente,4000000,2000000,294236
4,1200871.2,6,40,Empleado,2000000,500000,178957
4,1607174.4,6,31,Empleado,3500000,1000000,239520
4,3645600.0,6,44,Independiente,14000000,3500000,541840
4,1680000.0,18,35,Empleado,1500000,500000,93809
4,1141200.0,6,50,Empleado,2000000,800000,169499
4,1497600.0,12,36,Empleado,1500000,700000,117804
9,644950.7999999999,10,36,Independiente,1600000,900000,54759
4,720000.0,12,69,Empleado,2500000,150000,56566
9,2794068.0,11,38,Empleado,3100000,1000000,217634
4,1653600.0,12,36,Empleado,1450000,800000,130075
9,878880.0,3,47,Independiente,5000000,2000000,233191
4,624540.0,6,59,Empleado,1850000,200000,92761
4,720000.0,6,42,Independiente,1000000,100000,107303
9,548232.0,6,66,Independiente,2500000,900000,74783
9,679122.0,12,38,Independiente,3500000,3000000,47161
4,3449160.0,18,40,Empleado,2000000,700000,190903
4,2946000.0,10,54,Independiente,5600000,3500000,274049
9,2027918.4,9,30,Empleado,5000000,1000000,189571
9,1269000.0,8,43,Independiente,5000000,2000000,132239
9,1991748.0,10,30,Empleado,2140000,500000,169197
4,696000.0,12,27,Empleado,1650000,56000,55019
10,4656225.6,12,49,Independiente,5000000,1200000,365783
4,4203180.0,18,35,Independiente,2000000,280000,232636
4,1426800.0,6,23,Empleado,1600000,500000,212063
9,3544756.8,11,56,Independiente,2900000,2000000,276264
9,2618454.0,11,26,Empleado,3100000,1450000,203955
4,1386663.6,6,40,Empleado,3000000,200000,206657
9,1036332.0,6,63,Independiente,8000000,1500000,141364
4,1200000.0,12,42,Empleado,3500000,200000,94277
4,4045878.0,24,59,Independiente,5000000,200000,179307
4,1747200.0,12,47,Empleado,1850000,500000,137438
4,5973254.399999999,24,29,Empleado,1900000,300000,264725
9,2676210.0,10,69,Empleado,2800000,1100000,227341
9,1736228.4,11,30,Empleado,1000000,500000,135315
9,2085559.2,10,45,Independiente,3000000,1500000,177166
9,1498992.0,4,37,Independiente,5000000,2000000,301155
4,2127834.0,8,53,Independiente,12000000,2000000,241762
4,3216000.0,6,35,Independiente,7000000,3000000,477990
4,1244425.2,12,25,Empleado,1200000,150000,98373
9,1604400.0,2,60,Empleado,30000000,25000000,632696
4,1440000.0,12,52,Empleado,3000000,1000000,113833
4,3160080.0,6,49,Independiente,10000000,2500000,469358
4,1616280.0,6,48,Empleado,4000000,1000000,240213
4,1290000.0,12,31,Independiente,3000000,1200000,101474
4,3600000.0,12,59,Empleado,1500000,200000,284583
9,2057864.4,11,36,Empleado,10000000,9000000,160290
4,1320000.0,12,37,Independiente,1500000,600000,104347
4,8448000.0,6,50,Independiente,35000000,15000000,1255614
4,1052400.0,6,46,Independiente,877000,3000000,156831
4,1056000.0,6,35,Independiente,1200000,600000,156952
4,3576000.0,12,53,Independiente,8000000,1500000,281295
4,731280.0,6,61,Independiente,3000000,2000000,108984
9,2046230.4,10,68,Independiente,3589000,1255550,173825
4,1892782.8,6,25,Independiente,10000000,2000000,281307
9,670200.0,10,42,Empleado,3000000,1000000,56933
9,616455.6,12,45,Empleado,3500000,1500000,42809
4,2761200.0,24,64,Empleado,2500000,600000,122372
4,7056000.0,12,51,Empleado,4500000,2000000,555039
4,2211000.0,6,31,Empleado,10000000,6000000,329510
9,1777957.2,12,30,Empleado,1700000,700000,123469
4,1080000.0,6,40,Independiente,4650000,1650000,160519
4,679200.0,6,30,Independiente,2000000,1000000,100943
4,2400000.0,12,34,Empleado,3000000,1000000,188789
9,679606.7999999999,12,31,Empleado,8000000,6000000,47195
4,2400000.0,6,44,Empleado,3000000,1500000,356709
4,871080.0,8,29,Independiente,1000000,200000,98971
9,2839390.8,11,46,Empleado,3100000,1500000,221164
4,3042780.0,6,57,Independiente,3000000,400000,451936
4,1473600.0,12,39,Empleado,1400000,400000,116108
4,1104000.0,12,32,Empleado,1400000,900000,86843
4,1974300.0,12,43,Empleado,1500000,200000,155110
4,3319800.0,12,38,Empleado,5000000,200000,260818
9,2346321.6,12,36,Independiente,15000000,5000000,162939
4,726000.0,8,38,Empleado,4300000,3000000,82588
4,1380000.0,12,55,Empleado,3000000,600000,109090
4,3364800.0,6,45,Empleado,6000000,2000000,499765
4,4024999.2,12,33,Empleado,5900000,25000008,316614
4,4248058.8,6,56,Independiente,4000000,600000,630953
9,2829673.2,12,39,Independiente,2500000,1500000,196505
4,1124640.0,6,54,Empleado,3000000,1500000,167040
4,1152840.0,10,27,Empleado,1400000,300000,106792
4,3465360.0,6,26,Empleado,5000000,1880000,514700
4,2834040.0,20,30,Independiente,3500000,800000,144037
4,3705780.0,12,39,Empleado,5000000,600000,291142
4,1278000.0,6,52,Independiente,10000000,5000000,189947
4,5704681.2,12,41,Empleado,4000000,1500000,448185
4,2614800.0,24,31,Empleado,3960000,2000000,115884
4,585079.2,6,47,Empleado,1500000,6000000,87195
4,14400000.0,6,36,Empleado,10000000,2000000,2140141
4,1116120.0,12,51,Empleado,1100000,0,88230
4,1924441.2,12,34,Empleado,4500000,800000,151380
4,1017600.0,6,34,Empleado,1500000,600000,151244
4,803233.2,12,47,Empleado,1800000,800000,63496
4,1494460.8,8,28,Empleado,1600000,640000,169799
4,2699401.2,6,42,Independiente,6500000,2200000,401208
4,628726.7999999999,6,46,Empleado,1400000,400000,93700
4,1101360.0,10,25,Empleado,1400000,400000,102023
4,5601960.0,24,37,Empleado,5000000,1100000,245460
4,1832280.0,12,37,Empleado,3500000,1400000,144131
4,617460.0,6,54,Independiente,8000000,3000000,91710
4,829800.0,6,40,Empleado,4000000,2800000,123248
4,6000000.0,12,44,Empleado,6000000,2000000,471386
4,504720.0,6,42,Empleado,1985000,200000,74965
9,3256372.8,11,39,Empleado,3400000,1500000,253788
9,878880.0,9,57,Independiente,4000000,2000000,82198
9,3103392.0,5,47,Independiente,4000000,2000000,503464
4,1763880.0,6,56,Empleado,4550000,2000000,262163
4,1145760.0,10,27,Empleado,1600000,500000,106136
4,2961240.0,12,27,Empleado,3900000,900000,232937
9,1536949.2,9,48,Independiente,3000000,700000,143744
9,821208.0,5,57,Independiente,5000000,2000000,133225
4,2841360.0,18,28,Empleado,2000000,500000,157542
4,4290841.2,6,30,Empleado,8000000,3000000,637742
4,1836900.0,12,30,Empleado,1700000,700000,144315
4,887880.0,6,59,Independiente,2000000,500000,131964
4,3548400.0,6,58,Empleado,3000000,1000000,527034
4,2014560.0,6,35,Empleado,4500000,650000,299421
9,1055187.6,9,49,Independiente,3000000,1500000,98687
4,1608000.0,12,59,Independiente,1300000,150000,127114
4,1451880.0,6,31,Empleado,1800000,450000,215791
4,1472400.0,12,44,Empleado,1800000,200000,115678
9,2350683.6,9,36,Empleado,1800000,1400000,219849
4,2781000.0,12,62,Independiente,3500000,250000,218470
4,1800000.0,18,48,Independiente,3500000,1500000,100494
4,2317680.0,12,56,Empleado,6000000,4000000,182087
4,1554961.2,12,35,Empleado,2300000,1000000,122316
9,774303.6,9,38,Independiente,4500000,2000000,72417
4,1548000.0,6,29,Empleado,2500000,2500000,230077
4,7719586.8,6,52,Independiente,12000000,0,1147292
9,1092405.6,10,37,Empleado,4500000,1500000,92750
4,4224000.0,6,41,Independiente,0,0,627775
9,3555915.6,12,35,Empleado,15000000,8000000,246939
4,7660800.0,6,46,Independiente,14000000,7000000,1138555
9,1285815.6,2,56,Independiente,5000000,3000000,507062
9,3682908.0,9,122,Empleado,27857028,9692543,343623
4,2640000.0,6,36,Independiente,3500000,3000000,392379
9,878880.0,3,60,Independiente,5000000,2000000,233237
4,1612200.0,10,28,Empleado,2300000,900000,149344
9,1604400.0,2,28,Independiente,5000000,2000000,632696
9,1620776.4,10,40,Independiente,7000000,2000000,137683
4,3018555.6,12,24,Empleado,3000000,850000,237445
9,2498431.2,11,67,Empleado,3600000,1800000,194718
9,4663495.2,12,33,Empleado,16000000,6000000,323854
9,6525547.2,10,122,Empleado,80000000,75000000,600963
4,1824999.6,8,53,Empleado,5000000,2000000,207354
9,799680.0,11,41,Empleado,3100000,1500000,62324
4,1200000.0,12,41,Independiente,9000000,1500000,94861
4,2033661.6,8,52,Independiente,6000000,1500000,231844
4,4977703.2,24,45,Empleado,3550000,800000,220558
9,776900.4,11,51,Independiente,7000000,3500000,60548
4,1704000.0,6,57,Independiente,4000000,2000000,253263
4,1808743.2,12,34,Empleado,1800000,500000,142983
4,1474800.0,12,30,Independiente,3500000,300000,116202
4,2074680.0,6,43,Empleado,3800000,1000000,308357
4,1399200.0,6,23,Independiente,2000000,700000,207961
4,1050144.0,8,68,Empleado,2500000,1800000,119730
4,3859792.8,6,31,Independiente,6000000,1800000,573646
9,2222583.6,3,67,Empleado,2000000,1500000,589828
4,2859362.4,24,48,Empleado,5400000,800000,125575
9,1675842.0,11,42,Independiente,3200000,1000000,130608
4,1200000.0,6,31,Empleado,3500000,1200000,178345
4,720000.0,6,63,Independiente,1200000,0,107013
4,7360824.0,12,33,Independiente,10000000,2000000,578962
4,3180000.0,12,67,Independiente,3000000,1000000,250145
9,1519761.6,9,54,Empleado,3000000,800000,142137
4,3900000.0,12,38,Independiente,8400000,3000000,306782
9,1604400.0,5,59,Independiente,5000000,2000000,260282
4,695040.0,12,46,Independiente,3000000,1800000,54937
4,3506400.0,10,61,Empleado,6550000,2500000,324468
9,1375587.6,10,20,Empleado,1500000,800000,116855
4,5914800.0,36,37,Empleado,5000000,300000,191871
4,2773800.0,8,37,Empleado,1400000,400000,314863
9,4020848.4,2,33,Independiente,12000000,5000000,1585623
4,3890040.0,6,31,Empleado,4000000,1000000,577777
4,504000.0,12,51,Empleado,1500000,100000,39842
4,4383000.0,12,33,Empleado,3200000,1200000,344348
9,4227849.6,10,64,Independiente,3500000,1000000,359151
9,3388212.0,10,39,Empleado,3000000,1000000,287825
9,1269000.0,5,66,Empleado,5000000,2000000,205870
4,1926000.0,6,59,Independiente,8000000,2400000,286259
4,929280.0,6,53,Empleado,2100000,500000,138023
4,1707217.2,8,38,Independiente,5000000,1500000,193972
9,1260240.0,8,52,Empleado,4000000,1800000,131382
4,1343878.8,6,34,Empleado,2500000,1000000,199739
4,983761.2,10,51,Independiente,2000000,250000,91130
9,1375353.6,10,52,Empleado,3000000,900000,116835
9,1209436.8,10,52,Empleado,2100000,1000000,102740
4,3480000.0,8,47,Empleado,8000000,2000000,395393
4,2237760.0,6,36,Independiente,1200000,400000,332578
9,1269000.0,3,61,Independiente,5000000,2000000,336766
9,4820638.8,9,122,Empleado,5680147,18704,449775
4,1749518.4,18,48,Empleado,2035000,1000000,97691
4,1620060.0,12,35,Independiente,7500000,5000000,127279
4,4974999.6,6,44,Independiente,3000000,1600000,739427
4,5770800.0,12,36,Empleado,3000000,1000000,454692
4,2245200.0,12,57,Empleado,2600000,0,176393
9,1847382.0,10,43,Empleado,3000000,1200000,156933
4,1070280.0,8,57,Empleado,1200000,400000,121604
4,2712000.0,18,69,Empleado,1300000,300000,151435
9,1862200.8,9,40,Independiente,2558811,1257977,174163
4,2340000.0,24,24,Empleado,2500000,500000,103705
9,1269000.0,9,48,Independiente,4000000,2000000,118684
4,1200000.0,6,66,Empleado,1000000,300000,178354
4,3272640.0,6,34,Empleado,6000000,2000000,486076
4,647878.7999999999,6,24,Independiente,1000000,400000,96293
4,3205800.0,12,51,Independiente,2000000,340000,251862
4,7200000.0,6,36,Independiente,42000000,21000000,1070126
4,1737499.2,12,37,Empleado,1300000,100000,136675
9,3272814.0,12,26,Empleado,4500000,700000,227279
4,1497600.0,12,32,Independiente,2000000,800000,117804
9,3196298.4,10,31,Empleado,2819000,1400000,271522
9,586680.0,11,38,Independiente,6900000,3000000,45723
9,6614769.6,10,43,Empleado,2000000,800000,561918
9,2201137.2,10,35,Empleado,1900000,1300000,186984
9,1604400.0,5,51,Independiente,4000000,2000000,260282
4,416700.0,6,42,Empleado,3300000,1600000,61891
4,3600000.0,6,33,Empleado,3000000,1000000,535063
4,1868594.4,10,41,Empleado,5250000,1750000,173095
4,1767240.0,8,60,Independiente,3500000,1200000,200791
4,2254020.0,6,42,Independiente,6000000,2200000,335012
4,1701600.0,12,44,Empleado,1350000,400000,134072
9,2602506.0,10,69,Independiente,8000000,2000000,221080
4,1560000.0,6,67,Independiente,6000000,3000000,231861
4,1632000.0,12,26,Independiente,10000000,2000000,129011
4,1604280.0,12,64,Independiente,1900000,450000,126196
4,2268000.0,12,40,Independiente,2000000,900000,178700
9,3350614.8,10,122,Empleado,614046640,69759658,284631
9,1801028.4,10,51,Empleado,1600000,1000000,152995
4,3326400.0,6,35,Empleado,2182000,951000,495740
4,624999.6,12,38,Independiente,5000000,3000000,49164
4,2750160.0,24,34,Empleado,4200000,1500000,120780
4,2713045.2,12,45,Empleado,3000000,650000,214468
4,2646732.0,18,45,Empleado,1400000,200000,147790
9,8977228.799999999,6,55,Empleado,10000000,6700000,1246837
9,4065146.4,3,33,Independiente,2500000,1000000,1078806
4,1410000.0,8,45,Independiente,8000000,1000000,160202
4,1392000.0,6,20,Independiente,5000000,2000000,206891
4,3942000.0,36,45,Empleado,6000000,1000000,128260
9,3581209.2,10,36,Independiente,6000000,3000000,304220
4,1555128.0,8,55,Empleado,1500000,400000,176691
9,1498992.0,2,52,Independiente,5000000,2000000,591128
4,936000.0,12,41,Empleado,6300000,2500000,73621
4,2921881.2,36,40,Independiente,1700000,400000,96325
9,2263946.4,11,47,Empleado,3100000,1500000,176443
9,1783786.8,12,122,Empleado,461374141,461374141,123874
4,1547880.0,10,38,Empleado,1800000,720000,143375
9,6627774.0,11,44,Empleado,8000000,6000000,516542
4,6480000.0,6,44,Independiente,22000000000,10000000,963113
9,1498992.0,2,36,Independiente,4000000,2000000,591128
9,1216936.8,10,42,Empleado,2900000,600000,103377
9,2431627.2,10,52,Independiente,3000000,1000000,206564
9,1185660.0,5,51,Independiente,5000000,2000000,192350
9,1488183.6,10,52,Independiente,2689000,1589000,126420
9,878880.0,5,49,Independiente,4000000,2000000,142581
4,1281481.2,6,60,Empleado,3500000,1000000,190465
9,433312.8,10,50,Independiente,7855333,4367250,36809
4,9360000.0,12,51,Empleado,12000000,4000000,736276
4,3493200.0,36,41,Empleado,3000000,1000000,113316
4,1917600.0,6,27,Independiente,15000000,6200000,285010
4,1620060.0,12,53,Independiente,2000000,700000,127279
4,3672000.0,6,45,Independiente,35000000,10000000,545764
4,2972280.0,24,56,Independiente,3000000,985000,130956
9,2426781.6,9,63,Empleado,1730000,1200000,226966
9,1615284.0,11,50,Independiente,3400000,1300000,125889
4,841200.0,8,29,Empleado,2800000,1000000,95576
4,1348560.0,6,35,Independiente,1470000,300000,200435
4,3954300.0,6,39,Empleado,7000000,2500000,587321
4,5039684.399999999,36,29,Empleado,3800000,300000,164015
9,1773403.2,9,68,Empleado,3000000,1700000,165779
4,2556000.0,12,58,Independiente,5000000,3000000,201060
9,2012889.6,10,42,Empleado,4000000,2000000,170993
4,2772000.0,12,30,Empleado,2150000,500000,219129
9,976651.2,11,37,Empleado,2000000,800000,82735
9,878880.0,9,60,Empleado,2500000,1500000,82198
4,1787244.0,12,47,Independiente,7000000,100000,141267
4,4032000.0,12,32,Empleado,3500000,1500000,317165
4,604800.0,10,62,Independiente,2800000,1000000,56025
9,12410199.6,10,27,Independiente,12000000,5000000,1054233
4,4707000.0,6,45,Empleado,2800000,800000,699118
4,1910197.2,6,29,Empleado,3000000,1500000,284680
4,1200000.0,6,43,Empleado,2000000,500000,178526
4,2001780.0,6,47,Empleado,4200000,1100000,297319
4,3547200.0,6,32,Independiente,5500000,700000,526856
4,3420720.0,8,31,Empleado,4000000,1500000,388297
4,1848000.0,24,28,Empleado,1100000,500000,81901
4,1415880.0,6,27,Empleado,1800000,0,210440
4,6995398.8,6,58,Empleado,12000000,8000000,1039663
4,1769518.8,12,59,Empleado,2800000,500000,139194
4,5607116.399999999,36,31,Empleado,1431000,700000,184849
4,1536000.0,12,68,Independiente,10000000,3000000,120825
4,2778360.0,8,30,Empleado,2000000,400000,315399
4,1645200.0,12,22,Empleado,1200000,500000,129254
4,2884560.0,12,57,Independiente,3000000,500000,226624
4,2182354.8,6,40,Independiente,6000000,2000000,324672
4,1601880.0,12,34,Empleado,2000000,400000,126007
4,3825480.0,10,65,Empleado,3500000,7000000,354369
4,552000.0,6,40,Empleado,2600000,1000000,81987
4,1016280.0,6,26,Empleado,2400000,800000,151040
4,915420.0,12,54,Empleado,2000000,800000,71913
4,3249000.0,8,31,Empleado,1200000,300000,368804
4,6000000.0,12,25,Empleado,2000000,800000,471927
4,3566400.0,6,42,Independiente,4000000,2000000,530042
4,2738400.0,36,23,Empleado,1300000,400000,90250
4,1307580.0,10,26,Empleado,1400000,600000,120998
4,1707240.0,6,60,Independiente,8000000,3000000,253732
4,1560000.0,10,32,Independiente,2000000,700000,144509
4,2245200.0,12,60,Empleado,2000000,700000,176378
4,1612800.0,8,32,Empleado,2650000,1200000,183865
4,2196000.0,6,47,Independiente,3500000,1500000,326388
4,7200000.0,12,46,Independiente,10000000,2000000,566313
4,1424280.0,12,40,Independiente,4000000,1000000,112037
4,2160000.0,10,59,Empleado,2000000,500000,199864
4,5071404.0,36,53,Empleado,2500000,150000,165007
4,1258714.8,12,66,Independiente,1800000,300000,99491
4,2778360.0,12,63,Independiente,1800000,500000,218262
4,4200000.0,6,46,Empleado,3000000,1800000,624240
10,762000.0,6,47,Empleado,3000000,1000000,113249
4,2040960.0,6,36,Independiente,1800000,1200000,304149
4,652680.0,12,26,Empleado,2000000,600000,51341
9,3026107.2,10,31,Independiente,3000000,2000000,259859
4,9962607.6,36,39,Empleado,2663719,0,328339
4,1800000.0,12,35,Empleado,2500000,400000,141404
4,2159791.2,8,29,Empleado,7600000,2000000,245376
4,1145880.0,12,56,Empleado,6000000,2500000,90129
4,3816000.0,6,25,Independiente,10000000,5000000,567137
4,1504320.0,12,49,Independiente,1650000,700000,118333
4,417600.0,6,45,Empleado,1000000,200000,62025
4,799200.0,6,54,Empleado,3000000,1000000,118778
4,2239966.8,6,29,Independiente,7600000,1500000,333806
4,4468800.0,10,41,Empleado,1800000,260000,413496
4,1438639.2,12,49,Empleado,2400000,900000,113713
4,1488000.0,12,36,Independiente,3000000,1800000,117614
4,2871504.0,18,38,Empleado,3500000,1800000,158931
4,1963200.0,10,38,Empleado,2500000,200000,181654
10,4200000.0,12,64,Empleado,2000000,600000,330349
4,636000.0,6,47,Independiente,1250000,0,94784
4,2148000.0,6,44,Independiente,5000000,200000,320101
4,525982.7999999999,6,43,Independiente,1800000,300000,78383
4,2595600.0,12,29,Empleado,3500000,750000,203905
10,1200000.0,6,38,Empleado,1000000,200000,178345
4,2706000.0,12,53,Empleado,1500000,500000,212859
4,3600000.0,12,24,Empleado,1850000,360000,283156
4,3881100.0,10,47,Empleado,3500000,500000,359117
4,983096.4,6,37,Independiente,3600000,200000,146513
4,1586400.0,12,49,Independiente,1300000,420000,125392
4,2158800.0,24,44,Independiente,4000000,500000,95655
4,1132717.2,8,26,Empleado,1300000,350000,129134
4,2645760.0,10,53,Empleado,4500000,1300000,244811
4,3960000.0,12,43,Independiente,1500000,100000,313006
4,1379881.2,12,48,Empleado,1200000,600000,108544
4,3086401.2,6,46,Independiente,4000000,1000000,458415
4,2065747.2,12,40,Empleado,2300000,1000000,163280
4,960000.0,6,38,Empleado,8000000,4000000,142580
4,7422720.0,12,41,Independiente,10000000,5000000,583831
4,2909254.8,12,54,Empleado,2030000,198600,229979
4,2934540.0,36,47,Empleado,2000000,800000,95173
4,1344000.0,6,54,Independiente,5000000,2000000,200286
4,1008000.0,6,63,Empleado,3000000,1000000,150224
4,5445720.0,12,51,Empleado,4000000,1500000,427839
4,856800.0,12,24,Empleado,1200000,260000,67723
4,1457880.0,18,57,Independiente,1600000,600000,80823
4,2119200.0,12,58,Independiente,2000000,350000,166480
4,2292000.0,6,31,Empleado,3000000,1000000,340657
4,5015280.0,36,32,Empleado,3000000,0,165289
4,504000.0,6,29,Empleado,2170000,800000,75107
4,1654681.2,6,45,Empleado,1200000,400000,245933
4,1420646.4,12,48,Independiente,2500000,800000,112303
4,1876680.0,12,41,Empleado,2000000,500000,147609
4,1645200.0,6,55,Empleado,2200000,500000,244357
4,2918041.2,12,62,Empleado,1400000,300000,229539
4,2236561.2,12,58,Empleado,2800000,400000,175932
4,2647021.2,6,42,Empleado,3200000,500000,393403
4,480000.0,6,30,Empleado,2200000,600000,71342
4,6000000.0,24,57,Empleado,4000000,1000000,263504
4,1961391.6,6,50,Independiente,15000000,7500000,291504
4,8400000.0,24,60,Empleado,4000000,800000,368905
4,3480000.0,12,60,Empleado,3800000,450000,273744
4,884628.0,6,30,Independiente,3200000,800000,131838
4,1515480.0,12,41,Empleado,1800000,800000,119211
4,2400000.0,6,33,Empleado,2500000,300000,356709
4,5339523.6,12,52,Independiente,3000000,500000,419978
4,5775240.0,6,56,Empleado,8000000,2000000,858322
4,1215066.0,6,31,Empleado,2000000,400000,181072
4,408000.0,6,60,Independiente,1800000,900000,60637
4,1570560.0,12,23,Empleado,2000000,500000,123380
4,3227893.2,36,37,Empleado,2700000,700000,106382
4,4020000.0,36,30,Empleado,2500000,300000,132488
4,1311415.2,6,45,Independiente,1000000,400000,195431
4,9000000.0,12,37,Independiente,5000000,2000000,707079
4,3117360.0,12,43,Empleado,5500000,1000000,244913
4,1620060.0,10,32,Empleado,1500000,500000,149914
9,2553742.8,11,46,Empleado,3000000,2000000,201192
9,1422139.2,11,67,Empleado,5000000,1000000,110836
9,3645529.2,2,63,Empleado,3500000,1500000,1437616
4,4320000.0,8,44,Independiente,5000000,2000000,490800
9,821208.0,2,59,Independiente,3200000,2000000,323844
9,3446404.8,10,36,Independiente,4700000,2000000,292768
4,1464000.0,8,34,Empleado,3300000,1000000,166901
4,1716841.2,6,43,Empleado,3500000,2000000,255172
9,3278086.8,9,23,Empleado,2000000,1000000,306585
9,674700.0,9,23,Independiente,1300000,500000,63102
4,600000.0,6,27,Empleado,3000000,800000,89116
4,6262920.0,12,57,Independiente,2500000,900000,492042
4,1953000.0,12,37,Empleado,2000000,190000,154369
4,2501520.0,6,36,Empleado,6000000,1500000,371797
4,2161080.0,6,29,Empleado,2700000,700000,321182
9,821208.0,5,38,Independiente,5000000,2000000,133225
9,2598103.2,2,29,Empleado,4500000,2000000,1023812
9,1269000.0,8,34,Independiente,5000000,2000000,132296
4,3473760.0,20,57,Empleado,5000000,1200000,176550
9,878880.0,11,45,Independiente,5000000,2000000,68496
4,1070580.0,10,53,Empleado,4500000,170000,99067
4,3025920.0,24,40,Empleado,5500000,2000000,132890
4,921540.0,10,40,Empleado,1300000,450000,85717
4,819600.0,6,27,Empleado,1500000,400000,121727
4,1823761.2,24,25,Empleado,1050000,480000,80081
4,360000.0,6,48,Independiente,800000,100000,53652
9,3019130.4,9,42,Independiente,6000000,5500000,282366
9,2157960.0,10,58,Empleado,7600000,3000000,183316
4,14400000.0,12,36,Independiente,15000000,0,1132626
4,12000000.0,8,26,Empleado,20000000,4000000,1363334
4,8604798.0,36,52,Independiente,1500000,400000,279972
9,1103792.4,10,31,Empleado,3500000,2000000,93766
4,1329600.0,6,45,Independiente,3200000,0,197617
4,2835538.8,24,35,Empleado,1700000,400000,124244
9,1980337.2,9,45,Empleado,3600000,2000000,185212
4,3015000.0,18,34,Empleado,3500000,2512500,166873
4,2136000.0,6,23,Empleado,9000000,3000000,317471
4,3477756.0,12,63,Empleado,9000000,4000000,273228
9,1087909.2,10,49,Empleado,2500000,1200000,92417
10,1200000.0,18,42,Empleado,3500000,2000000,66526
4,2488320.0,6,46,Independiente,5000000,3000000,369835
9,1604400.0,3,62,Independiente,4000000,2000000,425775
4,4560000.0,6,55,Empleado,3500000,1000000,677711
4,10656000.0,6,61,Independiente,8000000,3500000,1583786
4,681661.2,6,66,Empleado,1500000,300000,101245
9,2376184.8,11,36,Empleado,4035000,2500000,185190
4,2048280.0,24,33,Empleado,2400000,500000,89939
4,2492400.0,6,38,Empleado,4500000,1500000,370173
4,2874600.0,20,69,Empleado,1000000,200000,146194
4,556680.0,6,30,Independiente,2000000,700000,82757
9,1919991.6,10,53,Empleado,2736000,2000000,163101
4,7790100.0,6,58,Empleado,2000000,400000,1157042
4,1462681.2,8,66,Empleado,1400000,0,166236
4,489456.0,6,38,Empleado,1600000,800000,73059
9,2980200.0,11,46,Independiente,4500000,3000000,232265
4,1033200.0,6,32,Empleado,1400000,300000,153970
4,4590841.2,12,66,Independiente,10000000,4000000,361274
4,1593360.0,12,66,Empleado,3500000,1000000,125389
4,673200.0,6,68,Empleado,1800000,100000,100322
4,1694400.0,6,64,Empleado,5500000,1000000,252916
4,1391880.0,12,33,Empleado,2000000,500000,109533
4,6384000.0,6,66,Independiente,12000000,3000000,949060
4,777840.0,6,29,Empleado,5000000,2500000,115530
4,3780566.4,12,47,Empleado,4700000,550000,298823
4,1115880.0,12,31,Independiente,2500000,800000,87814
9,2061836.4,10,50,Empleado,1000000,450000,175151
4,1620000.0,12,25,Empleado,1500000,700000,128428
9,936480.0,3,37,Independiente,6000000,2000000,248522
9,1411796.4,11,41,Empleado,6500000,2500000,111226
4,2239966.8,10,46,Empleado,1200000,400000,208878
9,1604400.0,8,40,Empleado,12000000,6000000,167262
4,685440.0,12,67,Empleado,1100000,300000,53851
4,953479.2,6,60,Independiente,1000000,200000,142322
4,2135760.0,12,46,Empleado,7872335,2200000,168072
9,1185660.0,2,29,Independiente,5000000,2000000,467566
4,1776000.0,6,56,Independiente,5000000,2800000,264024
4,2659200.0,10,55,Independiente,5500000,0,246419
9,1604400.0,5,57,Independiente,4000000,2000000,260282
9,1709262.0,10,37,Empleado,4000000,1200000,145200
4,1080000.0,12,47,Independiente,1600000,800000,84990
4,3018555.6,12,45,Independiente,6000000,2000000,237544
9,1604400.0,2,32,Independiente,5000000,2000000,632696
4,600000.0,6,32,Independiente,1400000,250000,89560
4,624000.0,6,30,Empleado,2000000,500000,92765
4,1232760.0,10,29,Empleado,2300000,1000000,114075
4,1092000.0,6,59,Independiente,4000000,1000000,162294
4,1188000.0,12,47,Empleado,1300000,62000,94181
9,2379607.2,11,51,Independiente,3400000,1200000,185457
9,821208.0,9,51,Empleado,1600000,1100000,76804
9,413592.0,5,38,Independiente,5000000,2000000,67097
9,7286712.0,12,36,Empleado,8500000,2500000,506022
4,1021020.0,10,55,Independiente,1000000,400000,94481
4,3745200.0,36,31,Empleado,3500000,250000,122018
4,2016000.0,12,33,Independiente,6000000,2000000,159822
4,825480.0,6,48,Empleado,1950000,650000,122718
4,1356000.0,12,26,Empleado,4000000,1000000,106710
4,1723200.0,6,42,Independiente,4200000,2000000,257215
4,1453920.0,12,41,Empleado,1800000,400000,114226
4,3244800.0,12,59,Independiente,2000000,1000000,255348
4,1486800.0,12,26,Empleado,1200000,500000,117868
9,655803.6,12,26,Empleado,1900000,900000,45542
4,2400000.0,6,43,Independiente,9000000,3500000,358238
4,1234200.0,8,24,Empleado,2200000,800000,140106
4,1260000.0,12,34,Empleado,2000000,800000,99155
4,3059880.0,8,48,Empleado,5000000,3000000,347760
4,630000.0,6,37,Empleado,2500000,500000,94037
4,983725.2,18,56,Independiente,2500000,500000,55155
4,2419200.0,12,42,Empleado,1500000,400000,191786
4,3923674.8,36,51,Empleado,1500000,80000,130316
4,2400000.0,8,58,Independiente,6000000,2400000,272667
4,1160412.0,6,46,Independiente,12000000,2500000,172470
4,1234200.0,8,62,Independiente,1200000,300000,140106
4,3360000.0,24,35,Independiente,3000000,1000000,148910
4,3593640.0,6,31,Empleado,3500000,650000,534239
4,2616858.0,12,50,Independiente,4800000,2100000,207456
4,1528215.6,6,46,Independiente,2500000,1300000,227188
4,687480.0,6,44,Empleado,2000000,900000,102174
4,1920000.0,10,28,Empleado,1900000,500000,177669
4,937824.0,12,52,Empleado,2500000,750000,73802
4,1119984.0,6,42,Empleado,3000000,450000,166903
4,1528800.0,12,41,Empleado,1500000,520000,120308
4,1092000.0,8,33,Independiente,3000000,1200000,124107
4,1307580.0,12,44,Independiente,5000000,1000000,102729
4,3126960.0,12,36,Empleado,3000000,500000,246074
4,592800.0,12,49,Independiente,4000000,1500000,46573
4,2100000.0,18,40,Empleado,1300000,400000,117242
4,1814400.0,12,67,Independiente,1500000,0,143839
4,1248000.0,6,29,Independiente,4000000,1850000,185531
4,3038880.0,12,22,Empleado,2000000,600000,238728
4,1052400.0,8,67,Empleado,6000000,1000000,119468
4,995880.0,6,57,Empleado,1000000,350000,148050
4,2884560.0,12,55,Empleado,4000000,1500000,226624
4,639708.0,6,38,Empleado,3800000,500000,95170
4,7474999.2,12,44,Independiente,4000000,3000000,588241
4,2492400.0,24,34,Empleado,2000000,700000,109192
4,719880.0,8,27,Empleado,1500000,800000,81786
4,512016.0,6,25,Independiente,3800000,500000,76173
4,639708.0,12,47,Independiente,3800000,500000,50409
4,12840000.0,36,53,Empleado,4000000,2000000,423170
4,3650000.4,12,43,Empleado,4700000,1500000,287235
4,4477200.0,36,40,Empleado,4000000,500000,145205
4,1439880.0,6,38,Independiente,2000000,700000,214056
4,2068800.0,6,60,Empleado,15000000,3700000,307553
4,667800.0,6,52,Independiente,3800000,400000,99350
4,1215066.0,12,47,Independiente,1300000,250000,96336
4,3048000.0,6,51,Independiente,6000000,4000000,453123
4,5379120.0,24,54,Independiente,7600000,2000000,238344
4,1305780.0,12,32,Empleado,3000000,1000000,102579
4,528000.0,6,38,Independiente,1800000,720000,78494
4,2542440.0,6,59,Independiente,4000000,1000000,377965
4,672000.0,6,31,Independiente,3000000,1200000,99901
4,1027200.0,12,32,Independiente,35000000,10000000,80835
4,3705780.0,6,38,Empleado,20000000,7000000,550409
4,3780000.0,12,53,Empleado,5000000,1500000,298778
4,936000.0,6,44,Empleado,2000000,1000000,139148
9,3462645.6,12,33,Independiente,6000000,2500000,240462
4,695880.0,8,35,Empleado,1600000,800000,79088
4,4166388.0,36,52,Empleado,10000000,3000000,135741
4,2851920.0,8,32,Empleado,3000000,250000,323730
4,673200.0,6,29,Independiente,9000000,3000000,99989
4,3408000.0,6,28,Empleado,3000000,800000,506641
4,3574999.2,6,38,Independiente,6700000,4000000,531468
10,593280.0,8,30,Empleado,1500000,400000,67432
4,1373880.0,12,43,Empleado,1800000,600000,108117
4,2919586.8,6,27,Empleado,2000000,0,433912
4,3257761.2,12,48,Empleado,3500000,1800000,256238
4,2181000.0,6,68,Empleado,5000000,1700000,323923
4,1783080.0,12,25,Independiente,1900000,800000,140318
4,3600000.0,36,43,Empleado,2500000,200000,118646
4,864000.0,6,58,Independiente,10000000,800000,128444
4,3048000.0,6,47,Independiente,8000000,1000000,453123
4,5563622.399999999,12,59,Empleado,2000000,400000,437604
4,1052280.0,6,59,Empleado,1600000,800000,156391
4,2076000.0,6,49,Independiente,20000000,5000000,308537
4,1399200.0,12,64,Empleado,3000000,600000,110109
4,600000.0,6,38,Empleado,3500000,1500000,89197
4,2049480.0,24,24,Empleado,2726000,800000,90076
4,876000.0,6,53,Independiente,7000000,3500000,130757
4,3348000.0,6,47,Independiente,3200000,1200000,497721
4,2474280.0,12,37,Empleado,3000000,1000000,194712
4,1225080.0,12,60,Independiente,1400000,250000,96407
4,2244000.0,18,25,Empleado,5000000,2000000,124495
4,5398018.8,18,24,Empleado,4050000,500000,298767
4,3672000.0,8,52,Independiente,5000000,1500000,417180
9,942720.0,2,58,Independiente,5000000,2000000,371762
4,1484535.6,6,35,Empleado,2400000,0,220695
4,3600000.0,6,59,Empleado,5000000,2000000,535184
4,1992000.0,6,38,Independiente,5000000,3000000,296135
4,674760.0,12,41,Independiente,900000,300000,53493
9,1269000.0,2,60,Independiente,7000000,3500000,500431
4,4518750.0,10,42,Empleado,8200000,3000000,418737
4,600000.0,6,29,Empleado,2000000,500000,89116
4,2255880.0,6,59,Empleado,3000000,1000000,335364
4,3032280.0,6,36,Empleado,4000000,940000,450786
4,8400000.0,36,25,Empleado,4000000,0,278988
4,833641.2,12,38,Empleado,1600000,400000,65603
4,1872480.0,12,37,Empleado,7500000,0,130033
4,1021020.0,12,23,Empleado,2000000,600000,80216
4,1869600.0,10,60,Empleado,1200000,400000,172993
9,2914684.8,12,36,Empleado,1600000,650000,202409
4,1854720.0,6,30,Independiente,3500000,1000000,275727
4,1184280.0,6,36,Empleado,4000000,1200000,176058
4,7689000.0,12,51,Empleado,8800000,4000000,604081
4,1063200.0,6,46,Independiente,3500000,3000000,158441
4,428400.0,6,36,Empleado,1500000,500000,63945
4,2808000.0,12,48,Empleado,2500000,1000000,220974
4,2086264.8,24,36,Empleado,2000000,0,92947
4,887880.0,12,52,Empleado,1000000,400000,69871
4,3072000.0,6,23,Independiente,3000000,1500000,456691
4,600000.0,6,68,Independiente,3500000,1000000,89197
4,2967000.0,12,40,Independiente,4500000,1000000,233486
4,1693663.2,12,62,Independiente,2000000,500000,134268
4,7206420.0,6,52,Independiente,9000000,3000000,1070350
4,1547248.8,12,50,Empleado,1500000,250000,122661
4,530640.0,6,36,Independiente,5000000,3000000,78815
4,7500000.0,12,52,Independiente,10000000,1250000,590208
4,6214200.0,36,29,Empleado,1500000,0,206391
4,8400000.0,24,55,Empleado,11000000,7000000,369186
4,669600.0,6,41,Independiente,3600000,500000,99948
4,2490150.0,10,26,Empleado,1900000,200000,232207
4,3144000.0,12,28,Empleado,3000000,800000,247415
4,2285640.0,6,25,Empleado,1800000,450000,339789
4,7238400.0,12,35,Empleado,2500000,1000000,573836
4,3746280.0,24,40,Empleado,7000000,3000000,164652
4,900000.0,12,38,Empleado,1500000,350000,71349
4,5519280.0,24,42,Empleado,2000000,200000,191642
4,1612800.0,6,24,Empleado,1400000,400000,239545
4,2400000.0,6,44,Empleado,10000000,3000000,356790
4,2023080.0,12,32,Empleado,3000000,1000000,159205
4,1249080.0,6,47,Empleado,2200000,1200000,185691
4,2107080.0,12,44,Empleado,1500000,500000,165815
4,2413920.0,12,34,Empleado,3500000,1000000,191367
4,628800.0,6,37,Empleado,2500000,300000,93479
4,4013376.0,12,28,Empleado,3800000,950000,315308
4,1814400.0,10,28,Empleado,1200000,180000,169193
4,1298400.0,12,52,Empleado,1900000,900000,102177
4,1438800.0,6,64,Empleado,5000000,3000000,213701
4,1680000.0,12,46,Empleado,3000000,1200000,132207
4,4671121.2,24,36,Empleado,13000000,4000000,205299
4,4282321.2,12,45,Independiente,2500000,900000,336438
4,480289.2,6,53,Empleado,1000000,300000,71691
4,1021020.0,6,66,Independiente,2000000,800000,151649
4,3600000.0,12,28,Empleado,2500000,350000,284551
4,2377080.0,6,37,Empleado,3000000,700000,353382
4,1463040.0,10,54,Empleado,1800000,800000,135384
9,2028775.2,9,47,Empleado,3000000,2000000,191805
9,1269000.0,5,32,Empleado,5000000,2000000,205870
9,878880.0,9,47,Empleado,5000000,2000000,82198
9,1498992.0,2,65,Empleado,5000000,1500000,591128
4,1332000.0,12,53,Independiente,2500000,140000,105607
4,2652960.0,12,25,Empleado,2000000,500000,208773
4,2450221.2,18,27,Empleado,1500000,100000,135614
4,4449480.0,12,29,Empleado,5200000,150000,350149
4,2174280.0,12,38,Independiente,2000000,200000,171104
4,2639880.0,12,54,Empleado,6000000,0,207744
4,4044600.0,24,50,Empleado,4500000,1800000,177763
9,2110321.2,10,51,Independiente,5000000,2500000,179270
4,1673880.0,24,41,Empleado,2300000,1500000,73344
4,2326678.8,18,50,Empleado,5000000,2500000,129081
9,878880.0,3,25,Independiente,5000000,2000000,233237
9,799680.0,11,37,Empleado,3100000,1750000,62324
9,1466938.8,10,34,Empleado,3000000,2000000,124615
9,1252566.0,10,58,Independiente,3000000,1500000,106404
9,913426.8,6,42,Empleado,7000000,2000000,124641
9,1604400.0,2,58,Independiente,4000000,2000000,632696
4,1508760.0,6,42,Empleado,1500000,0,224092
4,3176040.0,6,46,Empleado,3000000,1000000,471729
4,2893680.0,18,35,Independiente,2000000,500000,160158
9,1440584.4,10,38,Empleado,2500000,1400000,122376
9,1185660.0,5,39,Independiente,5000000,2000000,192350
4,5961600.0,8,33,Independiente,12000000,6000000,677596
9,2268301.2,11,38,Empleado,3100000,1450000,176782
9,878880.0,8,30,Independiente,5000000,2000000,91625
9,3388416.0,10,24,Independiente,3500000,1500000,287842
9,1561018.8,10,23,Empleado,2000000,0,132607
9,1269000.0,2,28,Independiente,4000000,2000000,500431
9,1736348.4,10,42,Independiente,3000000,1000000,147501
9,1498992.0,5,44,Empleado,10000000,5000000,243182
9,771242.4,6,38,Empleado,10000000,8000000,105239
9,2890814.4,9,32,Empleado,3800000,1500000,270365
4,896280.0,6,43,Empleado,3200000,1000000,133243
4,1824282.0,6,55,Empleado,2500000,1000000,270956
9,1269000.0,8,45,Independiente,5000000,2000000,132296
9,821208.0,2,38,Independiente,5000000,2000000,323844
9,2175855.6,10,39,Empleado,3500000,400000,184837
9,3450364.8,3,47,Empleado,5000000,3000000,915656
4,1078140.0,6,30,Empleado,1600000,350000,160133
4,3690396.0,36,56,Empleado,3000000,1200000,119713
9,1319110.8,10,46,Empleado,2000000,0,112057
4,3306000.0,24,28,Independiente,2500000,600000,147288
4,3282000.0,12,30,Independiente,2000000,1000000,258275
4,1788000.0,12,27,Empleado,3000000,1000000,140706
4,1618680.0,12,51,Empleado,1000000,200000,127381
4,1920000.0,6,62,Empleado,5000000,2000000,285432
10,1662360.0,12,27,Independiente,3000000,1500000,130818
4,1707240.0,6,60,Independiente,7000000,4500000,253732
4,2492400.0,6,50,Independiente,3000000,1000000,370189
9,1183887.6,10,66,Independiente,3000000,1800000,100570
4,2064000.0,6,34,Independiente,2000000,600000,306839
9,1498992.0,5,38,Independiente,5000000,2000000,243182
4,3038880.0,12,37,Empleado,4200000,1000000,238748
4,599640.0,6,44,Empleado,1600000,400000,89144
4,1416000.0,10,63,Independiente,1600000,700000,131216
4,916800.0,8,37,Independiente,35000000,10000000,104196
4,1345680.0,6,56,Empleado,3000000,1500000,199870
4,4560000.0,6,46,Independiente,14000000,7000000,677900
4,759480.0,6,27,Empleado,1700000,700000,112906
4,3312000.0,10,38,Independiente,8000000,3000000,306912
4,1320000.0,24,44,Independiente,3000000,700000,58015
9,1951428.0,3,68,Empleado,2000000,1000000,517869
4,2484660.0,12,37,Empleado,1600000,300000,195190
4,1200000.0,6,50,Empleado,1300000,400000,178233
9,5713136.399999999,11,40,Independiente,3000000,1500000,445259
9,719785.2,2,25,Independiente,3700000,2000000,283847
9,3915576.0,9,44,Empleado,13187000,7600000,366206
4,5990400.0,12,36,Empleado,1200000,500000,471411
4,1531551.6,12,59,Independiente,2000000,600000,120525
9,1590805.2,10,33,Empleado,5000000,1500000,135137
4,4344000.0,6,43,Independiente,20000000,10000000,645827
4,1787940.0,18,43,Independiente,9500000,4000000,98958
9,1195635.6,10,57,Empleado,1700000,500000,101568
4,900000.0,6,60,Empleado,1000000,0,134120
9,878880.0,3,48,Independiente,5000000,2000000,233237
9,1638972.0,10,33,Empleado,3500000,2500000,139229
9,1269000.0,5,62,Independiente,4000000,2000000,205870
4,1488000.0,6,57,Independiente,5000000,2000000,221210
4,2971200.0,6,36,Empleado,3000000,1200000,443499
9,1269000.0,11,50,Empleado,3000000,1450000,98901
9,2146284.0,10,52,Empleado,2000000,500000,182324
4,1740000.0,10,61,Empleado,1300000,300000,161846
4,1026480.0,6,35,Independiente,2000000,0,153218
4,3276840.0,8,69,Independiente,5000000,1000000,371986
4,895752.0,6,67,Empleado,1500000,250000,133044
4,1200000.0,12,50,Empleado,2000000,600000,95132
9,5020099.2,10,51,Independiente,4000000,1900000,426452
4,971760.0,6,22,Independiente,1000000,400000,144473
9,1562148.0,9,64,Empleado,2000000,700000,146101
4,3780480.0,36,21,Empleado,3000000,300000,125561
4,1098840.0,12,44,Empleado,3000000,1200000,86473
9,1153082.4,9,57,Independiente,6000000,4000000,107843
4,3649999.2,12,33,Independiente,7000000,1000000,287235
9,1763502.0,10,36,Empleado,3500000,2000000,149808
4,1139880.0,6,39,Empleado,5000000,0,169457
4,1845480.0,6,26,Independiente,2400000,200000,274353
4,1320000.0,6,37,Independiente,2000000,500000,196234
10,1440000.0,12,28,Independiente,2200000,1000000,113332
9,878880.0,5,59,Independiente,5000000,2000000,142581
9,1269000.0,11,31,Independiente,5000000,2000000,98901
4,1139880.0,12,44,Empleado,1200000,0,89702
4,6540300.0,12,47,Independiente,8000000,800000,513792
4,1712499.6,12,41,Independiente,4000000,3000000,134764
4,3978240.0,12,62,Independiente,1800000,200000,315381
4,1200000.0,10,58,Independiente,2600000,1400000,111152
9,953120.4,10,30,Empleado,2000000,0,80967
4,1827600.0,12,38,Independiente,2300000,1600000,143822
4,3276840.0,12,63,Empleado,4500000,1500000,257443
4,1845480.0,12,50,Independiente,2200000,600000,145229
9,969582.0,10,24,Empleado,2000000,0,82365
9,5789583.6,11,38,Empleado,3500000,1400000,451217
4,1838400.0,12,39,Independiente,9000000,4000000,144687
9,3057044.4,9,38,Independiente,3500000,2000000,289019
4,4152000.0,6,43,Independiente,15000000,3000000,617282
9,821208.0,2,61,Independiente,5000000,2000000,323844
9,3300210.0,11,26,Empleado,2600000,900000,257205
9,9260383.2,5,122,Empleado,68739133,86518635,1500131
4,1404000.0,6,30,Empleado,6000000,1500000,208722
4,4265760.0,36,46,Empleado,2800000,100000,141678
9,1498992.0,3,40,Independiente,4000000,2000000,397801
9,1829658.0,9,54,Empleado,3200000,2000000,171120
4,1400280.0,8,66,Empleado,3000000,1000000,159144
9,2827244.4,9,45,Empleado,6000000,4500000,263788
9,799680.0,11,51,Empleado,3100000,1500000,62324
9,878880.0,2,38,Independiente,4000000,2000000,346587
9,1890746.4,10,46,Empleado,5500000,2800000,160617
9,1185660.0,2,66,Empleado,2000000,1600000,467566
4,1696083.6,12,62,Empleado,3000000,1000000,133405
9,1498992.0,5,55,Independiente,4000000,2000000,243182
9,2916220.8,11,58,Empleado,2000000,1000000,247324
9,878880.0,5,32,Independiente,5000000,2000000,142581
9,1598208.0,9,61,Independiente,1750000,550000,149473
4,2308680.0,6,40,Empleado,5000000,1000000,342902
9,1043443.2,10,32,Empleado,1500000,500000,88639
4,9360000.0,12,47,Independiente,4800000,1290000,736659
9,2063408.4,10,122,Empleado,10000000,3000000,175284
9,1604400.0,5,43,Independiente,5000000,2000000,260282
4,1929480.0,6,49,Empleado,6800000,2500000,286841
4,2152680.0,12,57,Independiente,3500000,1000000,169404
9,1305019.2,10,43,Independiente,2000000,1400000,110860
9,2886769.2,9,34,Independiente,4000000,1000000,269987
4,1689360.0,6,42,Empleado,6000000,2800000,251144
9,1183695.6,7,67,Empleado,2800000,1300000,139735
4,613521.6,12,45,Empleado,12000000,7000000,48638
4,8016000.0,6,33,Independiente,10000000,2300000,1191677
9,1047398.4,10,27,Empleado,1500000,600000,88975
9,2601186.0,10,50,Empleado,2900000,1800000,220968
9,2368477.2,4,56,Independiente,5000000,2000000,475840
9,1856911.2,9,63,Empleado,3000000,2000000,173669
4,1079880.0,12,44,Empleado,2000000,500000,84981
4,3360000.0,6,30,Independiente,4000000,1500000,501533
9,2391894.0,10,58,Independiente,3000000,1500000,203189
4,1320000.0,12,40,Empleado,5000000,1500000,103888
4,865080.0,8,49,Independiente,1500000,300000,98318
9,2286842.4,10,66,Independiente,3000000,1500000,194265
9,2098540.8,10,39,Independiente,1500000,700000,178269
4,8494800.0,6,44,Empleado,8000000,1000000,1261710
4,1952280.0,24,44,Empleado,4500000,1500000,85804
4,912000.0,18,56,Empleado,2100000,400000,51133
9,3895405.2,11,48,Empleado,4000000,1200000,303592
9,1269000.0,2,39,Independiente,5000000,2000000,500431
4,634800.0,6,35,Empleado,2500000,350000,94600
9,2158435.2,9,51,Independiente,8333000,3800000,201869
9,3191354.4,9,47,Independiente,2500000,1000000,298473
9,1498992.0,3,47,Independiente,5000000,2000000,397801
4,1838880.0,6,51,Empleado,8000000,2500000,273124
4,1080000.0,6,57,Empleado,4200000,900000,160555
4,1800000.0,6,40,Independiente,5000000,1500000,267592
4,2595600.0,6,24,Empleado,1800000,1200000,385517
4,1199880.0,6,68,Independiente,2000000,700000,178387
4,1567200.0,6,30,Independiente,6000000,0,232984
9,2536836.0,9,53,Independiente,3000000,1500000,237259
4,2400000.0,24,44,Empleado,4800000,500000,105160
4,1908000.0,8,66,Independiente,35000000,10000000,216847
4,2778000.0,10,29,Empleado,2600000,500000,257065
4,2283480.0,24,25,Empleado,2000000,0,79288
4,3605280.0,36,47,Empleado,3500000,2500000,116927
9,799680.0,11,43,Empleado,3100000,1450000,62324
4,5571000.0,36,32,Empleado,5000000,120000,185029
4,7299999.6,12,32,Independiente,3000000,2000000,574469
9,4143940.8,11,23,Empleado,3000000,1500000,322962
4,2645280.0,12,52,Independiente,2500000,600000,208169
4,1399999.2,8,39,Independiente,4000000,3000000,159112
4,10950000.0,12,47,Independiente,4000000,2000000,861704
4,3600000.0,6,44,Independiente,5000000,2000000,536482
9,1439079.6,11,60,Empleado,5000000,3500000,112156
4,2492400.0,6,60,Independiente,3000000,1500000,370189
9,3279548.4,9,37,Empleado,5000000,2000000,306721
9,878880.0,5,37,Independiente,5000000,2000000,142581
9,3739116.0,10,122,Empleado,6157908,3970682,317634
4,8012499.6,12,28,Independiente,25000000,8000000,630539
4,4044000.0,12,39,Empleado,4000000,800000,318240
9,2665297.2,11,31,Empleado,3600000,2000000,207722
4,768000.0,6,42,Empleado,1200000,400000,114636
9,1864176.0,11,40,Independiente,3000000,1500000,145286
4,1848000.0,6,41,Independiente,6000000,2000000,274728
4,1207094.4,8,59,Empleado,1400000,450000,137900
4,2222160.0,6,49,Independiente,2500000,700000,330351
4,889440.0,6,38,Empleado,3000000,300000,132763
4,2323322.4,6,26,Empleado,3000000,1300000,345077
4,3959880.0,12,27,Independiente,8000000,4500000,311621
4,1200000.0,6,37,Empleado,2500000,600000,178233
4,2080680.0,6,56,Empleado,5800000,2500000,309319
4,3899408.4,12,52,Independiente,3500000,150000,308216
4,2876400.0,12,57,Independiente,6000000,0,199750
4,960000.0,6,58,Empleado,5000000,2000000,142724
4,1690920.0,6,28,Empleado,4000000,1600000,251376
4,1144800.0,6,24,Empleado,2800000,1800000,170189
4,3879240.0,12,64,Independiente,2800000,1000000,307533
4,1338360.0,10,37,Empleado,3000000,600000,123847
4,4347480.0,6,46,Empleado,7200000,2000000,646306
4,3164160.0,12,36,Independiente,7000000,4000000,250844
4,4212000.0,12,46,Empleado,5000000,1000000,333913
4,1905780.0,6,42,Empleado,2300000,1500000,283060
4,1707120.0,6,54,Empleado,7000000,2500000,253784
4,710400.0,12,29,Empleado,2400000,600000,56318
4,1560000.0,6,45,Empleado,1500000,450000,231913
4,1199880.0,6,39,Empleado,1200000,500000,178377
4,2440860.0,6,68,Independiente,2000000,700000,362534
4,1373220.0,12,47,Independiente,2000000,333000,107886
4,3288780.0,6,67,Independiente,3000000,1000000,488474
4,5417760.0,24,37,Empleado,2500000,100000,188117
4,1800000.0,12,49,Empleado,5000000,1500000,141650
4,504000.0,6,54,Empleado,1200000,100000,74858
4,2019600.0,12,28,Empleado,1500000,500000,158669
4,1379881.2,12,68,Empleado,2200000,500000,108589
4,939480.0,6,57,Independiente,3500000,2000000,139538
4,1749600.0,6,50,Independiente,4000000,1500000,260027
9,821208.0,5,66,Independiente,3500000,1800000,133225
4,3042780.0,6,41,Empleado,5000000,2000000,451936
4,1045800.0,10,64,Empleado,4000000,300000,97529
4,528000.0,6,33,Empleado,2500000,1200000,78472
4,744000.0,6,57,Independiente,2000000,1200000,110574
4,876000.0,8,21,Empleado,2100000,1000000,99566
4,2910180.0,6,27,Empleado,4200000,1500000,432241
4,2016000.0,12,58,Independiente,1800000,178000,159837
4,2867760.0,12,36,Independiente,3200000,950000,225677
9,1886259.6,10,58,Empleado,5000000,2000000,160236
4,1161660.0,6,35,Independiente,2000000,200000,172530
9,2211614.4,9,51,Empleado,4500000,1800000,211339
4,2964000.0,12,58,Independiente,4500000,2000000,234999
4,1200000.0,6,45,Empleado,5000000,1500000,178395
4,1621080.0,6,52,Empleado,3500000,1500000,240926
4,2400000.0,12,38,Empleado,2500000,500000,188867
4,1750140.0,6,58,Independiente,8000000,4000000,259944
4,3339180.0,12,39,Independiente,3000000,800000,262803
4,779924.4,8,49,Independiente,1800000,350000,88914
4,1679880.0,6,41,Empleado,3000000,1100000,249735
4,1845480.0,24,36,Empleado,1300000,400000,81110
4,2326560.0,12,44,Empleado,1950000,900000,183087
4,2778360.0,6,26,Empleado,1200000,230000,412662
4,7206420.0,24,45,Empleado,6000000,2500000,315762
9,1185660.0,11,38,Independiente,5000000,2000000,92406
4,384189.6,6,45,Empleado,1400000,300000,57350
4,733080.0,6,51,Empleado,1500000,600000,108988
9,878880.0,5,55,Independiente,4000000,2000000,142581
4,1560000.0,12,45,Empleado,6000000,1000000,123671
9,1488254.4,10,62,Independiente,3698015,1365944,126426
9,3109110.0,9,32,Empleado,2600000,1600000,290781
4,533520.0,6,66,Empleado,2500000,1000000,79239
4,780000.0,6,31,Independiente,2000000,350000,115957
4,1620000.0,8,43,Independiente,2000000,500000,183891
9,1604400.0,5,40,Independiente,12000000,4000000,260282
4,840000.0,6,60,Independiente,4000000,1500000,124757
4,3038880.0,18,39,Empleado,2900000,600000,168175
4,720000.0,6,40,Independiente,1500000,150000,107007
4,2956560.0,24,41,Empleado,1500000,400000,129943
9,1476518.4,10,31,Empleado,1400000,900000,125429
4,1627080.0,12,49,Empleado,1600000,300000,129002
9,4787886.0,10,39,Independiente,2000000,1000000,406726
9,1820314.8,8,54,Independiente,3600000,2000000,189771
9,816387.6,10,40,Independiente,5000000,1200000,69351
4,1554240.0,6,33,Independiente,6000000,2000000,230837
4,1245480.0,6,32,Empleado,2000000,600000,185156
4,11808000.0,6,36,Independiente,12000000,6000000,1755508
4,1606800.0,10,23,Empleado,2800000,800000,149847
9,3496746.0,10,27,Empleado,2000000,1300000,297045
4,1990561.2,10,50,Empleado,2000000,600000,184458
9,2988480.0,9,40,Independiente,3000000,2500000,279499
4,3190860.0,12,31,Empleado,2100000,100000,252985
9,1540664.4,8,49,Independiente,3000000,1500000,160617
4,1560000.0,6,43,Empleado,1700000,300000,232475
4,892560.0,12,38,Empleado,1550000,600000,70247
9,1878979.2,11,68,Independiente,3400000,1300000,146440
4,3600000.0,8,38,Empleado,3900000,1000000,408671
4,4875120.0,18,61,Empleado,1700000,400000,269794
4,2175480.0,24,43,Empleado,1856000,350000,95633
4,830400.0,12,44,Empleado,1590000,56000,65636
9,1342186.8,9,28,Empleado,2000000,1000000,125529
4,3048000.0,6,28,Empleado,2000000,0,453123
4,1008000.0,6,39,Empleado,3000000,1000000,149852
9,1005546.0,10,64,Empleado,2000000,0,85420
4,1993920.0,18,26,Empleado,1661600,300000,110346
9,1006467.6,10,26,Empleado,1500000,800000,85498
9,1893009.6,9,36,Empleado,8000000,4000000,177045
9,2801515.2,9,34,Empleado,1700000,700000,262013
4,1789080.0,8,33,Empleado,1400000,0,203332
9,3719560.8,10,42,Empleado,9000000,3000000,315973
4,2778360.0,6,37,Empleado,1900000,450000,412644
4,1356841.2,24,31,Empleado,2000000,500000,59634
4,1274160.0,10,65,Independiente,2500000,200000,117897
4,2400000.0,6,56,Independiente,11000000,3500000,356811
9,3970863.6,10,46,Independiente,12000000,7000000,337321
4,1459380.0,12,67,Empleado,1000000,500000,114646
4,2816640.0,18,44,Empleado,5000000,2500000,155894
9,2242610.4,10,67,Independiente,3500000,2000000,190507
9,3868668.0,10,53,Independiente,12500000,5000000,328639
4,720000.0,6,35,Independiente,8000000,2500000,107471
4,1862580.0,8,48,Empleado,2200000,1100000,211440
9,1868230.8,10,46,Empleado,2000000,1500000,158704
4,2366280.0,12,55,Empleado,2000000,450000,186213
9,1500000.0,2,51,Independiente,5000000,2000000,591526
9,2115496.8,11,22,Independiente,2000000,900000,164873
4,3475680.0,6,39,Independiente,18000000,5000000,516233
4,6419760.0,24,35,Empleado,3700000,100000,222908
9,3585025.2,10,42,Independiente,5000000,2000000,304544
9,1269000.0,5,46,Empleado,5000000,2000000,205870
9,1680000.0,4,33,Independiente,5000000,2000000,337521
4,904800.0,8,26,Empleado,1500000,400000,103365
9,1293592.8,9,64,Independiente,3500000,2000000,120984
9,2419717.2,11,59,Empleado,3100000,1500000,188583
4,1670040.0,6,42,Independiente,3000000,1000000,248272
4,1631880.0,6,41,Empleado,2300000,650000,242599
9,2550564.0,9,54,Empleado,5000000,3000000,238543
4,1548000.0,6,61,Independiente,1400000,500000,231064
4,2100000.0,12,28,Independiente,8000000,3200000,165175
4,2958960.0,12,21,Empleado,3000000,400000,232879
4,3498960.0,12,25,Independiente,2000000,400000,275349
4,1941360.0,12,51,Empleado,3500000,1000000,153920
9,878880.0,3,59,Independiente,4000000,2000000,233237
9,1540652.4,9,40,Independiente,3850000,2650000,144090
4,3291000.0,6,37,Empleado,13000000,6000000,489277
4,1776000.0,24,48,Empleado,1600000,450000,79124
4,4144380.0,6,34,Independiente,10000000,3000000,615526
4,9547562.4,12,58,Independiente,12000000,4000000,751421
9,791157.6,10,32,Empleado,2500000,1500000,67208
9,4229152.8,9,26,Independiente,5000000,3000000,395534
4,3038880.0,6,55,Empleado,4000000,500000,451336
4,1320000.0,6,38,Independiente,10000000,1000000,196234
4,778680.0,6,55,Independiente,5000000,2300000,115760
9,1109160.0,9,48,Independiente,5000000,5000000,103735
4,1686060.0,10,31,Empleado,5000000,2000000,156021
4,837900.0,8,56,Empleado,3000000,850000,95118
4,1679880.0,6,26,Empleado,1200000,500000,249750
4,1997880.0,12,26,Empleado,2500000,1000000,157239
4,1096080.0,12,53,Independiente,2500000,700000,86113
4,2641018.8,12,28,Independiente,4500000,500000,207490
4,5635173.6,20,33,Independiente,2500000,900000,289925
4,3597240.0,12,60,Empleado,4700000,500000,283083
4,3749700.0,12,55,Empleado,2500000,1700000,294569
4,3720000.0,6,54,Independiente,8000000,2000000,552870
9,868575.6,12,44,Empleado,6330000,3900000,60318
9,1604400.0,3,55,Independiente,5000000,2000000,425775
9,8729257.2,10,29,Independiente,4000000,1900000,741541
9,2060104.8,10,42,Empleado,10000000,7000000,175004
4,936000.0,6,41,Empleado,2000000,600000,139148
4,1200000.0,24,37,Independiente,2500000,1200000,52751
9,821208.0,3,51,Empleado,4800000,2200000,217932
4,1618440.0,10,64,Empleado,2000000,200000,150933
9,1770720.0,10,42,Empleado,5000000,3000000,150421
4,1134000.0,6,61,Empleado,2500000,1200000,168583
4,2950678.8,6,44,Empleado,8000000,3500000,438256
4,2985600.0,6,46,Independiente,25000000,5000000,443846
4,2564640.0,12,38,Empleado,1500000,200000,201473
4,2400000.0,10,49,Empleado,6000000,350000,222087
9,7464798.0,10,122,Empleado,20000000,5000000,688184
9,2100493.2,9,60,Empleado,3500000,2000000,196450
9,799680.0,11,32,Empleado,3100000,1500000,62324
9,1604400.0,9,37,Independiente,4000000,2000000,150052
4,2079566.4,12,64,Empleado,2500000,600000,164861
9,3370929.6,11,32,Independiente,3500000,800000,262716
4,1870680.0,12,29,Independiente,5000000,2100000,147212
4,1512000.0,6,56,Independiente,13000000,1500000,224777
9,670200.0,2,44,Independiente,4000000,2000000,264294
9,1071052.8,10,54,Empleado,2000000,0,90985
9,936480.0,3,44,Independiente,5000000,2000000,248522
4,4636680.0,18,31,Empleado,7000000,2000000,256629
4,1020000.0,12,37,Empleado,4683000,2500000,80870
4,2508600.0,12,27,Empleado,3200000,800000,197413
4,1379881.2,12,60,Empleado,2700000,800000,108589
4,496080.0,6,31,Empleado,2000000,300000,73681
9,8338550.399999999,10,51,Independiente,3500000,1500000,770754
4,1626294.0,12,38,Empleado,5000000,1500000,128927
4,4425840.0,24,25,Empleado,3000000,0,153675
4,2292000.0,12,68,Independiente,1500000,270000,181702
4,1596000.0,6,30,Independiente,6000000,2500000,237265
9,9138667.2,9,122,Empleado,200000000,6000000,854698
4,2184720.0,12,50,Independiente,3200000,1050000,171925
4,3896640.0,24,32,Independiente,2500000,400000,135300
9,4101192.0,10,34,Independiente,2500000,1000000,348392
9,1186800.0,10,46,Empleado,3800000,800000,100817
4,893760.0,10,39,Empleado,1600000,640000,82822
9,2443544.4,10,28,Empleado,3000000,600000,207576
9,4605644.399999999,10,27,Empleado,5000000,3000000,391245
4,2400000.0,24,61,Independiente,1500000,0,106924
4,634657.2,6,53,Independiente,4000000,1000000,94733
4,2955024.0,24,35,Empleado,5000000,3500000,129480
4,3352320.0,6,33,Empleado,5300000,1500000,498364
4,2437200.0,24,36,Empleado,2000000,0,84625
4,1122600.0,6,68,Empleado,4000000,1500000,166737
4,1372681.2,12,23,Empleado,1300000,580000,108022
9,821208.0,5,33,Independiente,5000000,2000000,133225
4,2301030.0,10,42,Independiente,10600000,0,213136
9,878880.0,5,37,Independiente,5000000,2000000,142581
4,7454011.2,12,47,Independiente,14000000,9000000,590929
9,893522.4,10,31,Empleado,3600000,1500000,75904
4,3686596.8,6,39,Independiente,2500000,0,547905
9,1769769.6,10,35,Empleado,3800000,1500000,150340
4,1008000.0,10,49,Empleado,1200000,400000,93996
9,1166250.0,10,20,Empleado,2000000,800000,99072
4,3755761.2,6,66,Empleado,9500000,4000000,558185
4,1492800.0,18,60,Independiente,1800000,500000,83697
4,2543233.2,30,46,Empleado,2500000,150000,95281
4,2702100.0,12,28,Empleado,1200000,600000,212289
4,1394281.2,12,49,Empleado,3750000,1200000,109722
4,3024000.0,12,49,Independiente,15000000,4800000,237972
4,3240000.0,12,45,Independiente,8000000,3200000,254970
4,5451720.0,18,39,Empleado,2400000,500000,301739
4,4617633.6,24,51,Empleado,2000000,200000,160335
9,1142617.2,10,37,Independiente,4000000,2000000,97064
9,1269000.0,2,57,Empleado,5000000,2000000,500431
9,799680.0,11,46,Empleado,3100000,2000000,62324
4,924000.0,8,59,Empleado,1000000,160000,105559
9,878880.0,7,41,Independiente,5000000,2000000,103752
9,1192594.8,10,36,Empleado,1500000,1800000,101310
4,480000.0,6,35,Empleado,1800000,680000,71358
9,1388347.2,9,56,Independiente,5500000,2750000,129846
4,360000.0,6,62,Independiente,1500000,500000,53736
9,1269000.0,5,30,Independiente,5000000,2000000,205870
9,2725230.0,12,61,Empleado,59000000,5000000,189252
9,600528.0,9,37,Independiente,4700000,4000000,56165
9,1269000.0,2,46,Independiente,5000000,2000000,500431
9,1616760.0,10,30,Independiente,4500000,3000000,137342
9,1267680.0,2,45,Independiente,5000000,2000000,499910
4,1887823.2,12,57,Empleado,2500000,500000,149660
4,2349480.0,12,56,Independiente,5000000,1200000,184891
4,4023600.0,12,51,Independiente,6000000,2500000,316112
9,1009570.8,10,45,Independiente,3000000,2000000,85762
9,1872410.4,10,41,Empleado,2300000,1500000,159059
9,3407908.8,11,38,Empleado,5000000,2500000,265599
4,2016000.0,12,48,Empleado,5400000,400000,159822
4,3985681.2,6,55,Independiente,7000000,3000000,592521
9,1559587.2,9,42,Empleado,1000000,500000,145861
9,4250582.399999999,12,29,Empleado,2200000,500000,295179
9,647356.7999999999,11,29,Empleado,2100000,900000,50452
4,1134000.0,12,42,Empleado,2000000,400000,89900
4,1129200.0,24,30,Empleado,2000000,80000,50308
4,1680000.0,12,35,Independiente,3000000,800000,133185
4,1511968.8,24,28,Independiente,2000000,250000,67373
4,3960000.0,24,29,Empleado,2500000,0,137500
9,1839301.2,11,36,Empleado,3000000,1800000,155990
4,720000.0,6,50,Empleado,2000000,100000,107471
9,878880.0,5,26,Independiente,5000000,2000000,142581
4,742200.0,12,23,Empleado,1200000,150000,58839
4,1573707.6,18,39,Independiente,2500000,600000,87860
9,1185660.0,7,43,Independiente,4000000,2000000,139967
4,3600000.0,12,44,Independiente,3800000,1200000,283330
9,2361546.0,11,43,Independiente,3600000,2500000,200282
9,5467141.2,10,56,Independiente,3500000,1000000,505342
4,719880.0,6,33,Empleado,3800000,680000,106989
4,1193160.0,12,49,Empleado,2600000,850000,94590
9,1979212.8,10,61,Empleado,1400000,900000,168132
9,1185660.0,2,43,Independiente,5000000,2000000,467566
4,13776000.0,12,39,Independiente,10000000,3000000,1084094
4,2160000.0,24,43,Empleado,2000000,300000,96249
4,1154400.0,12,28,Empleado,2000000,0,80167
4,692760.0,6,61,Empleado,1000000,400000,102894
4,4044000.0,18,53,Empleado,1600000,500000,224356
4,2038140.0,12,30,Empleado,2000000,450000,160112
4,2014560.0,6,67,Empleado,2200000,1000000,299489
4,540000.0,6,36,Empleado,2600000,450000,80278
4,3629856.0,6,59,Empleado,5000000,300000,539108
4,1869204.0,10,39,Independiente,3000000,500000,173864
4,1700383.2,6,40,Empleado,2600000,1300000,253809
4,2099340.0,10,36,Independiente,11000000,7000000,194265
4,3000000.0,24,54,Independiente,2000000,400000,133656
4,3720000.0,6,54,Empleado,5680000,2500000,553024
4,2267880.0,12,61,Independiente,3000000,500000,178470
4,1979380.8,6,37,Independiente,4000000,0,294177
4,779760.0,10,26,Empleado,1800000,1000000,72713
4,1288800.0,8,40,Empleado,2000000,500000,146928
4,3960000.0,24,48,Empleado,3000000,300000,176457
4,599880.0,6,48,Empleado,1200000,300000,89180
4,3564657.6,10,41,Independiente,2900000,1000000,329836
4,600000.0,6,55,Independiente,1800000,1200000,89560
4,874861.2,6,44,Independiente,4500000,1000000,130059
4,1200000.0,6,29,Empleado,2500000,500000,178345
4,860400.0,6,30,Empleado,2200000,800000,127909
4,6804000.0,36,64,Empleado,1200000,0,225980
4,412800.0,6,46,Empleado,4000000,2000000,61312
4,759480.0,12,26,Empleado,1400000,700000,59767
4,2067489.6,6,58,Empleado,5000000,0,308103
4,360000.0,6,69,Independiente,1500000,250000,53736
4,1746774.0,6,37,Independiente,6000000,2500000,260734
9,679122.0,12,48,Independiente,2500000,1500000,47161
4,1366620.0,12,69,Empleado,2500000,1000000,107368
4,3995641.2,24,64,Independiente,2000000,800000,175611
4,5438400.0,12,58,Independiente,5000000,2500000,428018
4,544800.0,24,45,Empleado,1600000,300000,23944
4,895440.0,6,53,Empleado,1700000,850000,132997
4,892801.2,12,22,Empleado,1600000,500000,70142
4,2419200.0,10,61,Independiente,3000000,0,224179
4,1307581.2,6,67,Empleado,4900000,1200000,194211
4,655200.0,12,61,Independiente,1200000,800000,51942
4,7103640.0,24,28,Empleado,3000000,100000,246654
4,662112.0,6,26,Empleado,3000000,500000,98342
4,1435080.0,6,49,Independiente,5000000,1000000,213283
9,679122.0,12,42,Empleado,2250000,850000,47161
4,1089840.0,12,66,Empleado,4500000,1200000,85623
4,710940.0,6,29,Empleado,2500000,0,106119
4,1230000.0,12,25,Empleado,1900000,600000,97510
4,1865880.0,6,61,Independiente,2800000,600000,277386
4,2737800.0,12,37,Empleado,1900000,400000,217065
4,1121880.0,10,54,Empleado,1400000,400000,103961
4,1056000.0,10,22,Empleado,1200000,300000,98472
4,5904000.0,6,38,Empleado,6000000,1500000,877754
4,1503480.0,6,63,Empleado,3000000,1200000,223511
4,2658960.0,10,24,Empleado,2080000,800000,246397
4,4724880.0,6,34,Empleado,3937400,800000,701742
4,2697600.0,12,33,Empleado,5000000,2500000,211935
4,2410200.0,12,51,Empleado,1500000,500000,189356
4,8234880.0,24,42,Empleado,11500000,180000,361929
4,1667880.0,6,21,Empleado,2700000,700000,247951
4,4240860.0,36,54,Empleado,2000000,800000,137570
9,2382007.2,10,37,Empleado,2500000,2000000,202349
9,1397654.4,10,40,Empleado,3900000,2700000,118729
4,914280.0,6,23,Empleado,2000000,680000,135881
9,878880.0,2,61,Independiente,5000000,2000000,346587
4,3814201.2,6,52,Independiente,4200000,1500000,567028
4,3901020.0,6,23,Independiente,4000000,2800000,579408
4,2391480.0,18,39,Empleado,1500000,400000,132677
4,1838160.0,6,38,Empleado,2000000,700000,273265
4,2748841.2,6,30,Empleado,1500000,200000,408649
10,2655360.0,10,43,Empleado,1600000,300000,246063
4,2307360.0,10,26,Independiente,2600000,700000,213815
9,1380001.2,10,51,Empleado,1300000,600000,117230
9,2810962.8,9,50,Empleado,1500000,500000,262897
9,1755430.8,10,52,Empleado,4400000,3500000,149278
4,3010562.4,24,51,Empleado,3700000,2000000,132316
9,1367990.4,10,24,Empleado,3800000,1000000,116331
9,548232.0,2,53,Independiente,5000000,2000000,216195
4,1215120.0,6,60,Empleado,9000000,3000000,181376
4,1560000.0,10,54,Independiente,5000000,2500000,144497
4,885688.7999999999,12,28,Empleado,3000000,400000,69699
9,878880.0,5,30,Independiente,5000000,2000000,142664
9,5507376.0,5,122,Empleado,125078024,15138472,893982
4,1779480.0,12,56,Empleado,2500000,650000,140035
9,12860541.6,10,62,Empleado,4200000,1300000,1093635
4,2360761.2,6,31,Empleado,4500000,2000000,350956
4,1608415.2,6,26,Empleado,4000000,2000000,239111
4,1663080.0,12,45,Independiente,2000000,1000000,130875
4,2513700.0,6,60,Empleado,2300000,300000,373353
9,2439482.4,10,51,Empleado,4000000,2000000,207449
9,4576740.0,10,46,Empleado,3000000,1350000,389197
9,1952278.8,10,37,Independiente,5000000,2300000,166018
9,878880.0,8,33,Independiente,5000000,2000000,91704
4,1530643.2,12,61,Empleado,6500000,2000000,121344
4,2986800.0,12,54,Empleado,6000000,2500000,236783
9,1700290.8,9,49,Empleado,7000000,4000000,159173
4,6480000.0,12,59,Independiente,9000000,4500000,509995
4,1451772.0,6,30,Empleado,1700000,200000,215628
4,2600160.0,6,26,Empleado,4000000,2000000,386546
4,1419000.0,12,22,Empleado,1500000,200000,112493
9,2095472.4,10,51,Independiente,4000000,2000000,178008
9,434400.0,5,33,Independiente,5000000,2000000,70514
9,1009570.8,9,63,Empleado,4000000,2000000,94511
4,5280000.0,12,30,Empleado,3500000,1000000,418580
4,568200.0,6,53,Empleado,1200000,420000,84470
9,3902588.4,9,36,Independiente,3000000,1000000,365341
9,878880.0,5,27,Independiente,5000000,2000000,142664
4,3600000.0,6,37,Independiente,10000000,2000000,537357
4,1161660.0,6,59,Independiente,1200000,600000,172538
9,10414214.4,10,43,Independiente,10000000,4000000,885604
4,2159844.0,12,69,Empleado,2500000,500000,169687
4,1348800.0,12,57,Independiente,1900000,760000,106143
9,2230488.0,10,55,Independiente,2800000,1000000,189676
9,2739988.8,11,46,Empleado,4150000,2000000,232377
4,847340.4,6,60,Independiente,3500000,800000,125968
9,679122.0,12,39,Empleado,3500000,2600000,47161
9,3827133.6,9,51,Independiente,4600000,2500000,358277
4,996000.0,6,48,Empleado,2000000,350000,148669
4,740456.4,12,39,Independiente,3400000,1000000,58701
9,2474733.6,10,61,Empleado,10000000,4000000,210447
4,1636500.0,24,33,Empleado,1200000,200000,72909
9,930754.8,10,25,Empleado,3000000,1000000,79150
9,3278356.8,10,38,Empleado,3000000,1500000,278785
4,2324523.6,18,63,Independiente,2000000,600000,128962
9,5786521.2,10,122,Empleado,2500000,1900000,533463
9,1124550.0,10,45,Empleado,5391780,5000000,95630
9,821208.0,2,57,Independiente,5000000,2000000,323939
4,4260000.0,24,51,Empleado,2500000,700000,189825
4,1280640.0,6,56,Independiente,4000000,500000,191156
10,600000.0,6,50,Independiente,1600000,400000,89197
4,1474560.0,12,30,Empleado,1700000,800000,115838
9,11952373.2,10,122,Empleado,55000000,38000000,1101896
4,996000.0,12,59,Independiente,1200000,60000,78967
4,1991880.0,6,46,Empleado,4500000,860000,296117
9,6350404.8,10,25,Independiente,5000000,1800000,540026
4,1107600.0,10,43,Independiente,2000000,300000,103284
4,2483880.0,12,38,Empleado,4700000,1500000,195468
9,2105296.8,10,39,Empleado,3000000,1000000,179030
9,740545.2,7,56,Empleado,3000000,1500000,88344
9,1604400.0,5,51,Independiente,5000000,2000000,260433
9,2855257.2,10,37,Independiente,1500000,1000000,242806
4,3215880.0,6,43,Empleado,3500000,1100000,478080
9,4185646.8,11,28,Empleado,3900000,1800000,333304
9,2329752.0,10,34,Empleado,2400000,1800000,198118
9,1211907.6,10,29,Empleado,2000000,800000,103058
4,995880.0,8,45,Empleado,1500000,500000,113183
4,2015760.0,24,37,Empleado,1400000,0,88594
4,477360.0,6,27,Independiente,2000000,600000,70901
4,6217633.2,6,42,Independiente,4500000,0,923488
9,845756.4,6,62,Empleado,2000000,1500000,115485
4,1440000.0,6,49,Independiente,8000000,3000000,214074
4,482400.0,6,55,Independiente,12000000,3000000,71715
4,1289400.0,6,61,Empleado,1600000,700000,192463
4,2856000.0,10,37,Independiente,35000000,14000000,264656
9,6000661.2,9,41,Empleado,3500000,2000000,561752
4,3531840.0,36,27,Empleado,2000000,150000,117303
4,1680000.0,6,56,Independiente,4000000,1500000,250767
4,2245200.0,10,27,Empleado,1600000,500000,207762
9,3888716.4,9,122,Empleado,37067768,11617936,363172
9,1382756.4,7,62,Empleado,4500000,3000000,163360
9,2504277.6,9,45,Empleado,2000000,1400000,234438
4,780000.0,10,22,Empleado,1100000,150000,72741
9,1948143.6,10,43,Empleado,3000000,1200000,165666
4,4044000.0,36,26,Empleado,1600000,150000,131753
4,1483200.0,6,62,Empleado,1860000,300000,220296
4,737280.0,6,54,Empleado,1500000,700000,109606
4,2792100.0,12,60,Empleado,3000000,1000000,219360
9,7502630.399999999,9,60,Independiente,4000000,2000000,702359
9,1679983.2,10,43,Empleado,3000000,2000000,142862
4,1416000.0,6,60,Independiente,5000000,2000000,210506
9,2507676.0,10,34,Empleado,3000000,1000000,213248
9,1528074.0,10,25,Empleado,3500000,1000000,129944
4,2028240.0,12,43,Independiente,6000000,2000000,159628
9,586680.0,5,44,Independiente,5000000,2000000,95233
9,2125495.2,11,49,Independiente,5000000,2000000,180262
4,1196280.0,12,38,Empleado,3800000,800000,94141
9,4435440.0,10,27,Independiente,12000000,40000000,377181
9,626256.0,2,39,Independiente,5000000,2000000,247037
9,540475.2,9,41,Empleado,5000000,3000000,50597
4,1724880.0,24,55,Independiente,1200000,236000,76847
4,360000.0,6,38,Independiente,2500000,280000,53736
4,1627200.0,6,53,Independiente,2800000,1000000,241918
4,687834.0,6,35,Independiente,7000000,1800000,102255
9,5623036.8,10,26,Independiente,5000000,1000000,478172
9,878880.0,5,55,Independiente,5000000,2000000,142664
9,821208.0,5,35,Empleado,5000000,2000000,133302
4,3587628.0,6,56,Independiente,10000000,2000000,533345
9,1235564.4,10,38,Empleado,1700000,1300000,105070
9,3087381.6,10,49,Independiente,5000000,4000000,262545
9,1468063.2,11,38,Empleado,4200000,1000000,114545
9,1604400.0,8,48,Independiente,5000000,2000000,167406
9,1269000.0,2,51,Independiente,5000000,2000000,500578
4,2074680.0,6,60,Independiente,2500000,800000,308427
4,2038140.0,24,33,Empleado,1708000,800000,89305
4,4771080.0,10,38,Independiente,6250000,1500000,444905
4,5712000.0,6,25,Independiente,10000000,2500000,849159
9,7828020.0,11,29,Empleado,4500000,2000000,663891
9,1185660.0,5,61,Independiente,5000000,2000000,192462
9,2278581.6,11,53,Empleado,3000000,1500000,177786
9,1947220.8,10,51,Independiente,3000000,2500000,167388
9,4787240.399999999,11,27,Independiente,5200000,2400000,377178
4,1632000.0,6,62,Empleado,4000000,2500000,242617
4,1495200.0,6,50,Empleado,3400000,1000000,222280
4,3216000.0,10,41,Independiente,6700000,2680000,298016
9,1340617.2,9,49,Empleado,3200000,1500000,125502
4,1895760.0,6,29,Empleado,3000000,800000,281828
4,1200000.0,6,63,Empleado,10500000,4000000,179119
9,637281.6,9,64,Empleado,2000000,1500000,59659
4,1234680.0,12,29,Empleado,2456000,500000,97162
9,3592956.0,10,49,Empleado,7500000,4000000,305538
4,1764961.2,8,50,Empleado,1320000,350000,200591
4,910800.0,12,22,Empleado,1300000,350000,72205
9,2665532.4,9,56,Empleado,3000000,1000000,249534
4,4748160.0,12,40,Empleado,4000000,0,329733
4,1428000.0,6,49,Empleado,3000000,950000,212290
9,3142544.4,10,44,Empleado,3000000,1000000,267236
9,1972792.8,10,60,Independiente,3000000,1200000,167762
4,1195200.0,6,31,Independiente,3000000,1000000,177681
9,1498992.0,8,28,Independiente,5000000,2000000,156408
4,8352000.0,6,53,Independiente,28000000,15000000,1241628
9,821208.0,7,57,Independiente,5000000,2000000,97018
4,2453760.0,12,46,Empleado,11000000,6000000,193097
4,962281.2,12,40,Empleado,1100000,400000,75726
4,1297920.0,6,41,Empleado,3000000,1500000,193735
9,2502120.0,10,37,Empleado,4000000,1950000,212775
4,2796000.0,24,25,Empleado,2000000,100000,122886
4,1063916.4,6,46,Independiente,6000000,0,158120
9,1139625.6,10,22,Empleado,2000000,800000,96912
9,878880.0,5,52,Independiente,5000000,2000000,142664
4,692400.0,6,43,Empleado,3000000,2800000,102934
9,1015233.6,10,42,Independiente,1300000,1000000,86334
4,2135760.0,6,25,Independiente,3000000,7000000,317507
4,3019082.4,24,30,Empleado,3000000,1000000,132717
4,2702400.0,12,48,Empleado,1800000,600000,212664
4,3135600.0,12,33,Independiente,4500000,1000000,246346
9,878880.0,5,42,Independiente,5000000,2000000,142664
4,1299600.0,12,41,Empleado,3200000,1500000,102102
4,2248560.0,6,58,Empleado,2000000,50000,334276
4,1810639.2,6,61,Empleado,1200000,250000,270281
4,2564640.0,12,54,Independiente,2000000,700000,201489
4,2046000.0,6,39,Independiente,4500000,1500000,304163
4,1680000.0,6,44,Independiente,3400000,1500000,250767
4,3816000.0,6,31,Independiente,5000000,1000000,567329
4,1010280.0,6,43,Empleado,3500000,1000000,150191
4,1921920.0,6,55,Independiente,1800000,350000,285458
4,1269480.0,10,49,Empleado,3000000,500000,117638
4,3042780.0,6,40,Empleado,6000000,2000000,451936
4,1747200.0,6,38,Independiente,10000000,3000000,259743
4,5288642.399999999,6,51,Empleado,4200000,1200000,785508
4,840000.0,6,60,Empleado,3000000,2000000,124876
4,768000.0,12,43,Empleado,3500000,1000000,60884
4,4200000.0,6,56,Independiente,10000000,5000000,624382
4,637200.0,6,46,Independiente,2100000,600000,95112
4,2359080.0,6,38,Empleado,7500000,2500000,350706
4,1697760.0,10,57,Empleado,3000000,650000,157326
4,946086.0,6,34,Empleado,2500000,1000000,140656
6,1291939.2,6,33,Empleado,5000000,0,192204
4,1022040.0,6,36,Empleado,1198000,500000,151939
4,3117600.0,6,50,Independiente,6000000,3000000,463497
4,544740.0,6,67,Empleado,4500000,1500000,80909
4,576000.0,6,59,Independiente,6000000,3500000,85635
4,1521600.0,12,53,Empleado,5000000,1000000,119741
4,9000000.0,36,56,Empleado,2800000,10000,298916
4,396000.0,6,49,Empleado,1600000,500000,59109
4,4463388.0,12,59,Empleado,4240000,800000,351244
4,1317480.0,8,59,Independiente,8000000,1000000,149734
4,2014699.2,12,32,Empleado,2400000,400000,159734
4,1200000.0,12,54,Independiente,3800000,400000,94433
4,2350680.0,10,39,Empleado,2000000,600000,217829
9,1269000.0,3,41,Independiente,5000000,2000000,336898
9,1269000.0,5,65,Independiente,5000000,2000000,205990
4,2708278.8,8,35,Empleado,8000000,3500000,307800
9,4660396.8,10,53,Independiente,5000000,3000000,396311
9,1852965.6,9,32,Empleado,3000000,1400000,173465
4,4704000.0,36,49,Independiente,6000000,2000000,153299
9,2898998.4,9,55,Empleado,30000000,6000000,271390
9,3160777.2,9,29,Independiente,3200000,1000000,295896
9,3032410.8,10,49,Independiente,3500000,1500000,257870
9,2153708.4,10,40,Independiente,5000000,2500000,183147
4,3420720.0,6,41,Empleado,6000000,1000000,508070
9,1540630.8,9,55,Independiente,3500000,1100000,144226
4,5520000.0,6,59,Empleado,30000000,0,820388
9,1108388.4,10,21,Empleado,2000000,800000,94255
9,8262619.199999999,9,33,Empleado,10000000,5500000,773505
9,1185660.0,5,47,Independiente,8000000,4000000,192462
4,1234020.0,6,39,Empleado,2500000,700000,183286
9,5588192.399999999,11,39,Independiente,10000000,5500000,436018
9,1269000.0,5,36,Independiente,5000000,2000000,205990
4,2579640.0,8,53,Empleado,1500000,700000,294088
9,1249776.0,10,41,Empleado,2000000,800000,106279
4,599880.0,6,61,Independiente,1500000,800000,89180
9,2670513.6,9,40,Independiente,4500000,1800000,250000
4,2913300.0,12,61,Empleado,1200000,500000,228882
9,1185660.0,9,50,Independiente,5000000,2000000,110996
9,1017451.2,10,21,Independiente,1200000,700000,86522
9,3871393.2,11,25,Empleado,4130000,2000000,302065
9,5205878.399999999,9,32,Independiente,6000000,4000000,487348
9,11310267.6,9,54,Independiente,9083000,6000000,1058810
4,4267917.6,36,40,Empleado,4500000,850000,139088
9,4456075.2,10,29,Empleado,3500000,1000000,378936
9,1193589.6,9,42,Independiente,3742000,3742000,111738
4,947880.0,6,38,Empleado,1100000,300000,140914
4,1845480.0,6,29,Empleado,2000000,400000,274353
4,1928860.8,12,22,Empleado,1500000,700000,152929
4,1304040.0,8,63,Empleado,3500000,800000,148206
4,945600.0,6,26,Independiente,2500000,1000000,140583
4,1973160.0,18,54,Empleado,1900000,250000,110645
9,1269000.0,2,53,Independiente,5000000,2000000,500578
4,2519880.0,6,33,Empleado,1800000,400000,374611
9,548232.0,2,44,Independiente,5000000,2000000,216259
4,6043980.0,36,32,Empleado,5000000,800000,196019
9,5339259.6,10,39,Empleado,10000000,3000000,454040
4,1683000.0,24,40,Empleado,2500000,1000000,73984
4,1083600.0,6,25,Independiente,1200000,300000,161753
4,2880840.0,6,58,Independiente,1500000,500000,427864
4,8488081.2,36,29,Empleado,4700000,700000,275286
4,2976000.0,18,39,Empleado,2300000,700000,165130
9,2340351.6,11,39,Empleado,1300000,600000,182606
4,3085200.0,8,47,Empleado,4000000,2000000,350231
4,1620120.0,6,56,Empleado,1600000,600000,240621
4,1595760.0,24,24,Empleado,1500000,500000,70135
4,548088.0,24,59,Empleado,3800000,1500000,24012
4,1399080.0,18,56,Empleado,3300000,1200000,77619
4,1845480.0,6,27,Empleado,2000000,0,274353
4,1755480.0,18,46,Empleado,3800000,800000,97407
10,2372040.0,18,28,Empleado,3000000,600000,131618
4,8640000.0,36,40,Empleado,5500000,700000,281570
4,1845480.0,12,48,Empleado,2500000,400000,145245
4,2184060.0,6,45,Empleado,2500000,1000000,324378
4,731218.7999999999,6,30,Empleado,2000000,0,109152
4,1917480.0,6,62,Empleado,2200000,700000,285074
9,878880.0,5,27,Independiente,5000000,2000000,142664
4,3392160.0,18,29,Empleado,4500000,1400000,188193
4,1319760.0,8,47,Empleado,3000000,600000,149993
4,3194160.0,36,35,Empleado,10250000,6000000,104095
4,1984680.0,8,32,Empleado,3000000,900000,225562
4,538680.0,6,31,Empleado,1500000,600000,80086
4,1344000.0,6,40,Empleado,1500000,600000,200624
4,1366680.0,12,44,Empleado,2000000,1000000,107562
4,1559880.0,6,34,Independiente,3000000,1000000,231895
4,1657080.0,24,31,Empleado,1400000,400000,72844
9,1913324.4,10,59,Independiente,2000000,1000000,162705
4,2280000.0,12,23,Empleado,1570000,400000,179443
4,5854800.0,24,38,Independiente,6000000,3500000,260842
4,2832960.0,24,56,Empleado,1200000,400000,124511
4,2187478.8,18,28,Empleado,2900000,400000,121359
4,3111064.8,24,41,Empleado,2600000,100000,138629
4,964800.0,6,63,Independiente,4000000,1200000,144012
9,2227200.0,10,29,Empleado,2900000,1300000,189397
4,6223200.0,24,38,Empleado,1800000,1100000,277305
9,1989384.0,10,46,Empleado,5450000,2500000,169173
4,2400000.0,10,50,Empleado,2400000,1000000,222420
9,2873721.6,10,40,Independiente,4000000,2000000,244376
9,1334550.0,10,51,Empleado,1500000,900000,113488
4,1368207.6,6,24,Independiente,6000000,1000000,204238
4,2735816.4,12,38,Empleado,3300000,700000,216908
9,2401579.2,5,56,Independiente,4000000,2000000,389835
9,3564525.6,9,65,Independiente,3000000,2000000,333693
9,1712293.2,4,62,Empleado,4000000,3000000,344176
4,2245200.0,12,60,Independiente,1800000,200000,176378
4,680280.0,6,30,Independiente,4200000,800000,101138
4,7828128.0,36,32,Empleado,7500000,4000000,260061
4,1175257.2,12,43,Independiente,8000000,1800000,92496
4,1904161.2,6,26,Empleado,4000000,1350000,283094
4,1847880.0,6,45,Empleado,5000000,600000,274726
4,9193819.2,36,28,Empleado,1800000,0,305432
9,2842767.6,10,30,Empleado,2800000,900000,241743
4,1746840.0,12,29,Empleado,2400000,600000,138497
4,1963200.0,6,31,Empleado,2200000,400000,291871
4,2640000.0,12,55,Independiente,3500000,500000,207393
4,1440000.0,6,65,Independiente,10000000,5000000,214943
9,2643382.8,9,39,Empleado,3000000,2000000,250150
4,3086520.0,18,62,Independiente,4000000,1200000,170811
4,5103180.0,36,57,Independiente,3000000,300000,165507
4,2716800.0,12,20,Independiente,2000000,900000,213797
9,2441784.0,9,38,Independiente,8000000,3000000,228587
4,1224000.0,6,58,Empleado,1400000,400000,182701
9,2567852.4,10,36,Independiente,3000000,1800000,218365
9,1269000.0,5,59,Independiente,5000000,2000000,205990
4,4206159.6,8,32,Empleado,5600000,0,480549
4,3274462.8,12,59,Independiente,8000000,4000000,259588
4,924000.0,18,44,Empleado,2235000,800000,51806
4,1584000.0,6,44,Independiente,5000000,1400000,235481
4,1991880.0,12,68,Independiente,1500000,700000,156750
4,845641.2,8,58,Independiente,1800000,300000,96116
9,1302892.8,10,30,Empleado,2700000,1700000,110795
4,2920224.0,6,62,Empleado,2000000,0,435913
4,7080000.0,6,58,Empleado,5000000,2500000,1051573
4,2019600.0,6,67,Independiente,3000000,800000,299966
4,1654678.8,6,42,Empleado,2000000,0,245988
9,1480480.8,10,45,Independiente,4500000,1500000,125897
4,1439880.0,6,41,Independiente,1000000,300000,214056
4,1430160.0,8,46,Empleado,2000000,800000,162342
4,1698840.0,12,62,Empleado,1000000,0,133689
4,2948280.0,12,30,Empleado,2800000,500000,232038
4,440400.0,6,33,Empleado,1300000,400000,65737
4,398400.0,6,47,Empleado,1400000,500000,59468
4,2751240.0,12,34,Empleado,4000000,1500000,216507
4,720000.0,6,42,Empleado,2200000,0,107043
9,1601151.6,10,51,Empleado,3000000,1800000,137639
4,1571880.0,10,30,Empleado,2200000,850000,145674
4,732000.0,10,36,Empleado,1500000,400000,67832
9,1696618.8,11,51,Empleado,1600000,1000000,132378
4,1512000.0,6,33,Independiente,4000000,2000000,224777
9,878880.0,3,30,Independiente,5000000,2000000,233328
9,1491316.8,10,22,Independiente,1800000,500000,126819
4,4918503.6,6,62,Empleado,10000000,3000000,731196
9,821208.0,5,63,Independiente,5000000,2000000,133302
9,2384439.6,10,32,Empleado,4500000,1800000,202768
4,1080000.0,8,59,Empleado,2400000,500000,123389
9,3543170.4,10,56,Independiente,12000000,5000000,301304
4,3048962.4,12,38,Empleado,7000000,1500000,239962
4,5463000.0,24,62,Independiente,5000000,1500000,239371
4,671760.0,6,37,Empleado,1500000,800000,99865
4,4367400.0,12,27,Empleado,1500000,600000,343122
4,3307080.0,6,37,Empleado,3200000,1800000,491638
4,1650000.0,12,23,Empleado,1300000,500000,130819
4,1855669.2,6,41,Independiente,4000000,0,275868
4,4607640.0,6,47,Independiente,2000000,900000,685023
4,565200.0,6,43,Independiente,2500000,1150000,84029
4,1098823.2,6,58,Independiente,1500000,700000,164017
